LEFT_LEG_1_x,LEFT_LEG_1_y,LEFT_LEG_2_x,LEFT_LEG_2_y,LEFT_LEG_3_x,LEFT_LEG_3_y,LEFT_LEG_4_x,LEFT_LEG_4_y,LEFT_LEG_5_x,LEFT_LEG_5_y
1.0,0.6870050742480424,0.3804787905101633,1.0,0.1527155451506313,0.2387909451883561,0.1819990562307623,0.1124976232449226,0.0,0.0
1.0,0.6365357669787597,0.3276439649554877,1.0,0.1718499465829064,0.2111346701680477,0.2175374146126702,0.0870015867566138,0.0,0.0
1.0,0.490979499742507,0.4185256601404939,1.0,0.2487696384387072,0.1718223654067264,0.2186997507199456,0.0288874188052062,0.0,0.0
1.0,0.4640804662249011,0.4444495464770479,1.0,0.1582123394486514,0.1706892291565272,0.1709221301864651,0.0308961351752711,0.0,0.0
1.0,0.3694547097311856,0.4741075956427064,1.0,0.2422851700726184,0.1383586220545261,0.1836533062619456,0.011411760727126,0.0,0.0
1.0,0.0,0.0,0.2542825793165188,0.9888315152979889,0.792955400838208,0.9337675858318728,0.8258328712893983,0.6993665149958854,1.0
0.8782839703195137,0.0,0.0,0.2693143131644353,1.0,0.808388302374982,0.966435882724472,0.847021228759262,0.7512861061959702,1.0
1.0,0.4431633403335893,0.432884382661949,1.0,0.207175951307341,0.2009892872734994,0.1620331055433598,0.0544372327270116,0.0,0.0
1.0,0.1085208025812105,0.5753226799470884,1.0,0.2491948013857465,0.087777841084973,0.1466713049253334,0.0,0.0,0.0349935416871028
1.0,0.0,0.0,0.2007854282140997,0.5088913520026868,0.8495571625310838,0.666012856595631,0.9650520942319208,0.185596578441648,1.0
1.0,0.6111440255226782,0.4421713403337602,1.0,0.1736425161565514,0.218568844353327,0.1084816560174544,0.1571960137261137,0.0,0.0
1.0,0.5709109479408754,0.4598300106787539,1.0,0.1773800789995232,0.2160420826262617,0.2094706945408554,0.0855331991376752,0.0,0.0
1.0,0.0,0.6310589187283682,1.0,0.1847648627668817,0.2070212428140468,0.1658779501203549,0.0313347360752121,0.0,0.1167970949606663
1.0,0.0,0.0,0.281120593633986,0.5276997284125542,0.8453570953762554,0.6760492843050001,0.8790041749665124,0.3209531331675777,1.0
1.0,0.8185535574667709,0.5012748150360171,1.0,0.1468333633927524,0.2352089974138449,0.1295625024022896,0.114019967522704,0.0,0.0
1.0,0.434445049490157,0.4382881559798247,1.0,0.2181375721851928,0.1876969396123798,0.2062455725307514,0.0736072696242334,0.0,0.0
1.0,0.5098868453432922,0.4540670419094056,1.0,0.2108117230744768,0.1827445003522008,0.1649294670286745,0.028715628890198,0.0,0.0
1.0,0.4300171106005767,0.4704129188759318,1.0,0.220766985445877,0.1849530657825301,0.2267136747938663,0.0,0.0,0.0022503193801094
0.9172955472060076,0.0,0.0,0.2301114138966416,0.9598888800063914,0.7964662557957602,1.0,0.8485170832906913,0.693786473738908,1.0
0.8806795636268759,0.0,0.0,0.3777219347892158,0.977447532491534,0.8453969279981073,1.0,0.8874231349552504,0.7436742747498247,1.0
0.9514094319332695,0.0,0.0,0.2690498240013186,0.675356817814789,0.8324377606634814,1.0,0.8902731178551363,0.3462481706866701,1.0
1.0,0.7081635967644881,0.3642346237357152,1.0,0.1865198907172348,0.1728330963677705,0.2042526419913079,0.0832947265843411,0.0,0.0
1.0,0.5483618044771027,0.4331727816638921,1.0,0.2319432159516516,0.2061218219848573,0.2183518154441178,0.1268769280624891,0.0,0.0
1.0,0.6520629325473101,0.3807182217899973,1.0,0.2470463926645255,0.2130152933175053,0.2223636239310302,0.1110179938081436,0.0,0.0
1.0,0.0,0.0,0.2416008441901646,0.5641373180103694,0.8550833624035579,0.8620580041589221,0.92147807539678,0.2105509467949368,1.0
1.0,0.4042590023227633,0.4433357674203581,1.0,0.2062224195175254,0.1809882208252915,0.2107955261830713,0.0451879526352641,0.0,0.0
1.0,0.0,0.0,0.4107015804245734,0.9634625989545114,0.8186052500227825,0.644306099289484,0.8581896476045319,0.3601875863074608,1.0
1.0,0.2392324104062355,0.5193331069731129,1.0,0.2497470388235206,0.1734524713367227,0.1618605454861827,0.0057614869345429,0.0,0.0
1.0,0.1840784494090458,0.5500675872482067,1.0,0.259287521914206,0.0841394895905197,0.1467503265376989,0.0,0.0,0.0239328614785351
1.0,0.0,0.110986647164452,0.2835005029266496,0.5358138568716115,0.8678905461943072,0.67437313089487,0.937712635743132,0.0,1.0
1.0,0.4222377457684135,0.4884304738224217,1.0,0.2560941770042649,0.1940133115711774,0.1706455477253259,0.0372263290811431,0.0,0.0
0.946945634460856,0.0,0.0,0.2164548128833844,0.9987824816502618,0.7853018603018609,1.0,0.832889986461416,0.8423808772019042,1.0
0.8620829101523916,0.0,0.0,0.3522709322140043,0.9699981174742548,0.8303124826485806,1.0,0.8787750769703568,0.7475370288165839,1.0
1.0,0.143288757531296,0.5490401540943305,1.0,0.218794607856023,0.1963967238015306,0.159175903057746,0.0,0.0,0.0500424909910565
1.0,0.0,0.0,0.3223379513656332,0.7869044062733367,0.7949097927950262,0.785638536221059,0.8276202279307453,0.5076064227035064,1.0
0.9993383621531984,0.0,0.0,0.3546662164996533,0.557314029514073,0.8013374371485769,1.0,0.8479201796200315,0.7669946008118325,1.0
1.0,0.4907768285522582,0.4534756323860475,1.0,0.2445139626068669,0.1730946768568807,0.2527958919260079,0.0641877947203036,0.0,0.0
1.0,0.0740206518260454,0.6296449737841759,1.0,0.2873615183052124,0.1978567245023584,0.3066568486477796,0.0,0.0,0.1417983295609236
0.9038970345709656,0.0,0.0,0.3503634048645653,0.953218025594232,0.8270550239198434,1.0,0.8773169089544959,0.6722058359415599,1.0
1.0,0.4542333258641802,0.4692603232560072,1.0,0.2010985380674674,0.1338039648180438,0.1505649312293371,0.0095795255995117,0.0,0.0
0.9823985963972788,0.0,0.0,0.329150371811414,1.0,0.799205878431368,0.8842168678943493,0.8446440363716917,0.8548342205671485,1.0
1.0,0.6157790401225288,0.4429760671707376,1.0,0.21242514840422,0.1463982783857926,0.1791827605743501,0.0664062272802178,0.0,0.0
1.0,0.4647012618196739,0.4443145827131519,1.0,0.21808235590126,0.1714984960727694,0.1713017617471848,0.0451418761865342,0.0,0.0
1.0,0.3643162282874996,0.4649105422758272,1.0,0.1706341924582756,0.1551063086684835,0.1854155259051346,0.0044861604316348,0.0,0.0
0.832835131132561,0.0,0.0,0.3230565655934292,0.9606990935730866,0.8203164414464692,1.0,0.8655962568396802,0.6580218256677374,1.0
0.8653705184090258,0.0,0.0,0.3564970706955376,1.0,0.8206589601542188,0.9495889832425828,0.870259307013686,0.864658592135628,1.0
0.89295214216714,0.0,0.0,0.2718491198440488,0.9279881143890868,0.8238135966673685,1.0,0.8748676347043458,0.6998427021119163,1.0
1.0,0.1348092474587669,0.584778140306103,1.0,0.2372972127469933,0.0792589051901856,0.1493151990262526,0.0,0.0,0.0429749165955541
0.90216442089154,0.0,0.0,0.4016610473942661,1.0,0.8008108461667838,0.7259528543673854,0.8577030935496177,0.5727508825227777,1.0
1.0,0.4382265449873063,0.444710046413377,1.0,0.2183236843345982,0.1475588976518445,0.2085554401445332,0.0227250616719299,0.0,0.0
0.9134977056040324,0.0,0.0,0.4038837189551205,1.0,0.8061507382827189,0.8429872322214033,0.8526587075300383,0.6641099407974418,1.0
1.0,0.0,0.0,0.2176460900321835,0.9254855681997712,0.7923212311060497,0.8937853972874248,0.836865735158815,0.8320534855107502,1.0
0.9301001234180856,0.0,0.0,0.2865528555580446,0.5620364380984885,0.8131530782561457,1.0,0.8468034496566477,0.699601966752517,1.0
0.8745810181660664,0.0,0.0,0.3110164180768783,0.9804614536712823,0.7993818892988505,1.0,0.8444753321491217,0.8536142343381755,1.0
1.0,0.6263941534754661,0.4275518750397843,1.0,0.205167981450842,0.1110523436330333,0.192934699525996,0.0725498509125049,0.0,0.0
1.0,0.0,0.0730103530008965,0.3032068189873894,0.4535650102138146,0.8867568956242159,0.5687559614699726,0.962404976612971,0.0,1.0
1.0,0.0499333986016611,0.6306909139836693,1.0,0.2747004032598639,0.2377810675080355,0.1962157312596125,0.0,0.0,0.1428759739421192
1.0,0.0,0.0,0.2560724083549325,0.897874085142267,0.7904698713172329,0.9091831321685434,0.8421963722587248,0.7145347989373608,1.0
1.0,0.0833864177817247,0.7122760596171918,1.0,0.2892889317814374,0.2426495828672435,0.3162268670745944,0.0,0.0,0.1758105696402498
1.0,0.0,0.0,0.2748258154884659,0.949976764176862,0.8048119117396223,0.8785115589190647,0.8502889722769238,0.7898398052525,1.0
1.0,0.5930097586072897,0.4179268587345857,1.0,0.1721187863560876,0.2060797625772056,0.2025746486580483,0.0870297055463838,0.0,0.0
1.0,0.0,0.0,0.3516758632210857,0.9722553669370608,0.8217138163224353,0.5818301230309533,0.8661687263422727,0.7112683117586307,1.0
1.0,0.1053884462311299,0.6382817742970219,1.0,0.2661422791526627,0.1917262421754466,0.1789661145573251,0.0,0.0,0.1307501135854636
1.0,0.5378443870917416,0.4092770034330958,1.0,0.2108007851780587,0.1933073675109217,0.2319374350928488,0.0464930700020803,0.0,0.0
1.0,0.3269479759248391,0.4802474052752923,1.0,0.2322183125329958,0.1272529928233282,0.1573239500791899,0.0022413687037211,0.0,0.0
1.0,0.5168632798810759,0.4197405261848609,1.0,0.2141176097098932,0.1761331308944863,0.1753758560728624,0.0368402130957503,0.0,0.0
1.0,0.0,0.0,0.2526288654487558,0.7265966573480873,0.8027347234994578,0.9834342485523576,0.8621685716540625,0.7772674652559384,1.0
1.0,0.0,0.0,0.3775656045286352,0.3751614937294192,0.8633175753628308,0.7264933791074056,0.88561550381019,0.2537966790443495,1.0
1.0,0.0,0.0,0.3895646397808927,0.1887583399688384,0.874623875694911,0.4225226265659285,0.9183130392710274,0.2739237818529572,1.0
1.0,0.6162528243144627,0.4020087516335668,1.0,0.2563398461769179,0.213492990312118,0.2565910405553056,0.0989902941581834,0.0,0.0
0.9827330450489846,0.0,0.0,0.3261621591390631,1.0,0.8122738976400815,0.9651458755268432,0.8596333748486198,0.6967075373583667,1.0
0.9871739662083826,0.0,0.0,0.2346152797541766,0.9644340064010524,0.7915020704723565,1.0,0.8260682751812357,0.8944889257498887,1.0
1.0,0.0,0.0,0.3043858019352455,0.9557417411420814,0.8067556341442059,0.9228677584298706,0.8512995957382742,0.7857954654084978,1.0
1.0,0.2679229805925594,0.493462446283988,1.0,0.1677394762556913,0.1539008046869039,0.1716746979424951,0.0,0.0,0.0035109987807479
1.0,0.0628343520999308,0.5851526879458173,1.0,0.2127964190195152,0.1111008224063592,0.1232605712402051,0.0,0.0,0.0657520316187299
0.8426323221280815,0.0,0.0,0.3100084089692568,0.9406440739728524,0.8159756446788246,1.0,0.8603012624883137,0.6979821444839209,1.0
1.0,0.0,0.0,0.3032552702354504,0.897487971209135,0.8180371071527451,0.8411922520243548,0.8742984782790355,0.7627035766908772,1.0
1.0,0.5443895438007809,0.4325168693652721,1.0,0.2701570858729203,0.1944795135768399,0.2282007177152615,0.0707173209868712,0.0,0.0
1.0,0.0,0.0,0.3121994557111093,0.479518509528147,0.8685342740450187,0.6127142901776809,0.8710725254344331,0.2243843175520292,1.0
0.8459749465577628,0.0,0.0,0.2946845396251361,0.9280659364635048,0.7946174495838709,1.0,0.8516630613807433,0.7081786932009405,1.0
0.970736268939394,0.0,0.0,0.2661906105787003,0.6442850378787879,0.8383379066340021,1.0,0.9006211385862473,0.3489713541666667,1.0
1.0,0.0,0.0,0.4367445001611891,0.9236582322408136,0.8249344280636125,0.6280853828717365,0.8723297659262103,0.3876747122278226,1.0
1.0,0.0,0.0,0.2632943958488703,0.4598313417848168,0.856546753611286,0.7818184404865058,0.9287287679851464,0.1697773868053929,1.0
1.0,0.6220323221708874,0.355774331985524,1.0,0.2317736942654711,0.2289064289833141,0.2384381952957807,0.1000345492228063,0.0,0.0
0.965402764848512,0.0,0.0,0.2777728115580045,0.6444416253178241,0.8300398467402502,1.0,0.8868982072829499,0.0984313942705424,1.0
1.0,0.4545958744767229,0.4617597554086325,1.0,0.2503747408359821,0.1526160420066263,0.2123055197191879,0.0512351334047941,0.0,0.0
0.9421095135448369,0.0,0.0,0.246492742627951,1.0,0.7947732077677225,0.9761344558536752,0.8345985071903699,0.7754185306271703,1.0
1.0,0.3936009464756901,0.4570499885009346,1.0,0.1706803318807163,0.1425444017846483,0.1906162909322498,0.0,0.0,0.0142202590867888
1.0,0.3517403017118059,0.4937818049523636,1.0,0.1626030605516269,0.175816363665494,0.1650358125468974,0.0293472066137644,0.0,0.0
1.0,0.3249137977239026,0.5063217610928251,1.0,0.2404638153154148,0.1327481872637572,0.1660621246595703,0.0031295701243711,0.0,0.0
1.0,0.0,0.0,0.3406528421978433,0.8474204291895886,0.8155692875053036,0.7742156499946874,0.8520746845017053,0.7865446831273682,1.0
1.0,0.0,0.0,0.3721453608647047,0.4595822468345923,0.8359038359488373,0.7302929290213894,0.889078820677312,0.6670183786302499,1.0
1.0,0.0,0.0,0.2672201343609542,0.692878357322,0.8145065158143688,0.8849352729625037,0.8874296304586169,0.7186498065761541,1.0
1.0,0.5408455992557873,0.4436648148156933,1.0,0.2640517158361484,0.181099963559772,0.1897056946907965,0.0450083307763185,0.0,0.0
1.0,0.6546289462767818,0.3558376291372841,1.0,0.2219253657231559,0.1806972501466182,0.2733499773805959,0.0562813557474212,0.0,0.0
1.0,0.0,0.0,0.4028162427132706,0.3401346156238697,0.8362932862989114,0.8005814266933733,0.8941853594413812,0.5884208169003554,1.0
1.0,0.0,0.0,0.3033383638693699,0.5783328584373265,0.8532777015230464,0.7140779432636564,0.9272256707571066,0.265262054818754,1.0
1.0,0.1219670618704382,0.5688913914264405,1.0,0.2415720993420845,0.1105412150680101,0.1657923347070543,0.0,0.0,0.0182527049376165
1.0,0.0,0.0,0.2990057516008522,0.4735507307444065,0.8884493611679432,0.6228504236939449,0.9516348910334173,0.0050623172643261,1.0
1.0,0.0,0.0,0.2824471032311402,0.4459811589683269,0.8091637935832362,0.926567696483998,0.8663693426206355,0.6783357437519187,1.0
0.84902670781793,0.0,0.0,0.3904572286063089,1.0,0.821695170129838,0.8339254902913801,0.8710396497327492,0.7479501324454932,1.0
1.0,0.5094515885610481,0.4048718897579814,1.0,0.2160928451594172,0.1613552025611759,0.1436242237146412,0.0558033979786188,0.0,0.0
1.0,0.0,0.0,0.3318543947359382,0.8175427811862566,0.8283474485519914,0.8528335176174296,0.8739525157233397,0.6566288385312079,1.0
1.0,0.0,0.0,0.3260406829281092,0.8857106005727763,0.8241883599053417,0.7389366787398922,0.8715325534614299,0.49197692048517,1.0
1.0,0.0,0.0,0.2413624249597319,0.6263881394149133,0.8326749909299931,0.9630168126986473,0.907364150749876,0.3029900823153314,1.0
1.0,0.1492111272968626,0.6509688935255338,1.0,0.287356544818226,0.2149335103266689,0.3066484362220636,0.0,0.0,0.148870571355352
1.0,0.0,0.0,0.2579114685829723,0.5677868808611672,0.8270534084443633,0.9764359988313672,0.8728479703481616,0.52491986223299,1.0
1.0,0.418693625607244,0.4839963844480462,1.0,0.2552120561675949,0.1855151936970822,0.1870565968417311,0.0520548458836294,0.0,0.0
1.0,0.0,0.0,0.316547802697278,0.5885659205127011,0.8324704931129057,0.9757048503849876,0.8834768852131333,0.1976894969800336,1.0
0.8877902279672626,0.0,0.0,0.3983536197825819,1.0,0.8222073435592834,0.8503869706230227,0.8690187844040308,0.5831137962930439,1.0
1.0,0.4584578788904183,0.432008364207712,1.0,0.2696504875865124,0.1700552312352813,0.2365489020293218,0.0212258220006767,0.0,0.0
1.0,0.5580117479678948,0.4756487813033231,1.0,0.225909774832319,0.1832188614265759,0.1574181675119616,0.0472214039388495,0.0,0.0
1.0,0.394228467940606,0.468757358080729,1.0,0.1561948413613204,0.153516376731513,0.1649324505074687,0.0060739761028309,0.0,0.0
0.9980135408965924,0.0,0.0,0.4327895066721665,1.0,0.8111702317624766,0.7581146987336655,0.8697313723074281,0.8738345840668376,1.0
0.8773747427860459,0.0,0.0,0.2388386088204139,0.57459404061189,0.7888313426178318,1.0,0.8243893239743524,0.691309358600122,1.0
0.8686892550190651,0.0,0.0,0.2997761943967617,1.0,0.7948029410477551,0.9362204277958638,0.8386775510137305,0.7586194676885132,1.0
0.8197190001633708,0.0,0.0,0.3890163290884645,1.0,0.7940815003609791,0.8872471818330331,0.8493337791404932,0.8062800196046385,1.0
1.0,0.2698249648907059,0.5143662928262009,1.0,0.1594989107591049,0.1631101720916658,0.1562498375237328,0.0,0.0,0.0054159360025543
1.0,0.0,0.0,0.3614605163868716,0.8662712408980473,0.7924066290320144,0.8419536391565373,0.8305266302420595,0.7696723116523116,1.0
0.8959223601454642,0.0,0.0,0.2909693541778037,0.4590743790690734,0.8270665732768058,1.0,0.8571306480011054,0.55534381942986,1.0
1.0,0.3802858076535416,0.4455730881253417,1.0,0.196042245557651,0.1318094162130464,0.1616889016601384,0.0148578474828544,0.0,0.0
0.93217226759815,0.0,0.0,0.2376131393476455,0.930407800424638,0.8076406668977448,1.0,0.8477800355895265,0.7666710759662532,1.0
1.0,0.032320263977106,0.7180300864804632,1.0,0.3167423269785131,0.2153105793788758,0.3156440008720719,0.0,0.0,0.2044682207329182
1.0,0.0974118714274424,0.6212845429555476,1.0,0.2986941800825991,0.1901246773173878,0.2671937028971032,0.0,0.0,0.0449244988541474
1.0,0.2131709378206719,0.5573858802016649,1.0,0.2452611752724575,0.1184527043189963,0.138558004695103,0.0,0.0,0.0795573693894295
1.0,0.0,0.0,0.2943196837948951,0.6464222188886259,0.8377288497386237,0.9277876935228582,0.8913565829022634,0.631953735140413,1.0
1.0,0.0,0.0,0.2709699978928547,0.9359559952574488,0.8176729658460362,0.8502449027192017,0.866713737806956,0.6475757546308025,1.0
0.9938098488707042,0.0,0.0,0.3057457668324418,0.9715980057949452,0.8067230340635526,1.0,0.8675825887564124,0.6352713923718925,1.0
1.0,0.0,0.0,0.3817260446342729,0.409030570224304,0.8443524840386178,0.8406739014582586,0.8656277553045851,0.6167191512039115,1.0
0.9770388430068546,0.0,0.0,0.4097993843522268,0.9726324657586654,0.8110563024378517,1.0,0.8549770899156753,0.788596009752237,1.0
1.0,0.4241218664880091,0.4717226534518477,1.0,0.2288822839335437,0.1343819976702096,0.190583638328664,0.0464578477807065,0.0,0.0
1.0,0.0,0.0,0.4139417104449689,0.97784147637603,0.8046270372301986,0.4347214617754426,0.8576741553403942,0.3619010810868764,1.0
1.0,0.0,0.0,0.2930871924408662,0.9775351961531964,0.811288793087192,0.9853963933932152,0.8579712379803814,0.7770621087096494,1.0
0.9882682748710218,0.0,0.0,0.2180524497634607,0.6597182725713419,0.857839663352266,1.0,0.9051919826362276,0.6283562684184593,1.0
0.8675396881173875,0.0,0.0,0.4252066084709207,1.0,0.8078672476955109,0.7662207854069557,0.8662475744331597,0.6269772478220034,1.0
1.0,0.5287723540498842,0.4189181050517858,1.0,0.2439977684098135,0.1790310565074557,0.3204691395415525,0.0601472019019006,0.0,0.0
1.0,0.0,0.0,0.2634339569794703,0.5992349918070173,0.8319460197191996,0.8545436205970762,0.8693164421006424,0.3911776834373174,1.0
1.0,0.545774436066102,0.3871758204351005,1.0,0.2495891513144714,0.1839331276223536,0.1889613495490301,0.0548637920067889,0.0,0.0
1.0,0.3137871853546911,0.507216189318408,1.0,0.1413224479703239,0.2091558174668414,0.1357149951239046,0.0590656543215362,0.0,0.0
0.997522499312998,0.0,0.0,0.2671354952412258,0.983898392415503,0.7981686562258087,1.0,0.8398392220643519,0.7890732344050564,1.0
0.8165989368843045,0.0,0.0,0.3925567446616605,1.0,0.8235396891138406,0.8524360044266296,0.8748023371004952,0.6835960886050688,1.0
1.0,0.2161483683749756,0.5322986225034503,1.0,0.1775069656016457,0.1535458111347464,0.1683783037783506,0.0,0.0,0.0582797840092519
1.0,0.0545467111947095,0.6607887347911172,1.0,0.3073077712323762,0.1780624195416821,0.2544797073087722,0.0,0.0,0.0850755014917119
1.0,0.0,0.0,0.295978789531007,0.5574602644446369,0.8523135613151657,0.8825397789318328,0.8589615427374028,0.3425266141739093,1.0
0.9701577196104246,0.0,0.0,0.2642269940976914,0.8511357557224104,0.7998737743746028,1.0,0.8628523457539234,0.7004048275783571,1.0
1.0,0.2521092201105309,0.5140278093609952,1.0,0.162532292545408,0.1486208142397548,0.1566361413804423,0.0,0.0,0.020085476292493
0.7891795993592504,0.0,0.0,0.3656504417650777,1.0,0.8107935927688964,0.737733606627969,0.8619138934276052,0.6651118728146477,1.0
0.9228365813796988,0.0,0.0,0.277131012537969,0.9280640132943292,0.8055807052399585,1.0,0.8504909150291886,0.7027968906651251,1.0
1.0,0.587513799288819,0.3879614816127014,1.0,0.2195744598402356,0.20397179443371,0.2237152695124584,0.0735580618456216,0.0,0.0
0.961580552093026,0.0,0.0,0.341256329075464,1.0,0.8131388909440623,0.7154619989817237,0.8635998550978339,0.4194713156246891,1.0
1.0,0.2674106394442435,0.4998248957518895,1.0,0.2442828570154863,0.108302187541743,0.1318245648327229,0.008850664259274,0.0,0.0
0.8707495725114209,0.0,0.0,0.3309352396210614,0.9359121599587116,0.8185918488511201,1.0,0.8593494975090209,0.6328787633882561,1.0
1.0,0.0,0.1783157659856797,0.2616562480661449,0.2626437822983487,0.8042937638281653,0.492792784951452,0.902841481426404,0.0,1.0
0.958790737354076,0.0,0.0,0.2818147784691655,0.6730261964414417,0.8133806794897067,1.0,0.8541183845893128,0.8099103251143612,1.0
1.0,0.5128888557919108,0.4716829891644085,1.0,0.1820350689906616,0.1932508381856199,0.2034190172921266,0.0601870406922697,0.0,0.0
1.0,0.6139848729014264,0.4235382419730316,1.0,0.2395083743259427,0.2042261746473482,0.2334622619759288,0.0664626044141751,0.0,0.0
1.0,0.6965972176290325,0.399474716721667,1.0,0.2301852807315368,0.2036483894437464,0.2187283894731375,0.0531931124192517,0.0,0.0
1.0,0.0,0.0,0.2553221856539852,0.5620845047603122,0.8350503810434641,0.8125235626889539,0.8733728124140787,0.3447645912113657,1.0
0.7566446462762514,0.0,0.0,0.2986356125861512,0.869008716731062,0.8001528092982672,1.0,0.8433857240549992,0.6406392443584197,1.0
1.0,0.0,0.0,0.2923382798526373,0.563185237590894,0.8404043108082744,0.7620532742792315,0.8781295976628759,0.3253232835308569,1.0
1.0,0.0,0.0172614499177611,0.2549102879441637,0.5064639850584846,0.8660718054126484,0.6373802078125559,0.9510779873119048,0.0,1.0
1.0,0.258226486147225,0.5126452649938759,1.0,0.1597612635639945,0.1613501713923125,0.1503190251962617,0.0,0.0,0.0460562032784753
0.9608368318703088,0.0,0.0,0.2853574259064108,0.7392681242389546,0.7868297175603766,1.0,0.832975892911575,0.7445136579248678,1.0
1.0,0.0,0.0,0.2863322854756478,0.9105510469633474,0.8225685684648633,0.9099722111762414,0.8686161557308023,0.6600610365866572,1.0
1.0,0.0,0.0,0.2432869973871156,0.9173891175730944,0.8003787550334438,0.908710882868097,0.8453911018409793,0.6762978747810587,1.0
1.0,0.0,0.0,0.2884985981206514,0.5676441985880115,0.8301894480963237,0.7663848158392166,0.8646327943952147,0.2990218365980879,1.0
0.9543055960736532,0.0,0.0,0.2443842743543726,0.7016821684141884,0.7882920108172029,1.0,0.8263031226991288,0.6998695793935442,1.0
1.0,0.0629772445192511,0.698994373399573,1.0,0.2179641370133287,0.2182546821614468,0.3047716332672151,0.0,0.0,0.1767546482636168
1.0,0.628658512244136,0.3953892659520631,1.0,0.2475959185543543,0.2003548020447617,0.2024525535588215,0.0468138662324348,0.0,0.0
1.0,0.5918252830938773,0.3894905916385409,1.0,0.2417313441584359,0.1884951480191127,0.1955644184837587,0.0991009547181779,0.0,0.0
1.0,0.0,0.0,0.418579255715983,0.980272120144865,0.8048769861460185,0.7498837093398095,0.8408613611898291,0.6491469249426853,1.0
1.0,0.1645195667503902,0.6360404223581494,1.0,0.1799855865272348,0.1685279972109754,0.1702068624196629,0.0,0.0,0.1527933824053752
0.9527369027354547,0.0,0.0,0.2996200371521105,1.0,0.8204610120214636,0.8665705616032384,0.8606601696199404,0.6389946294860203,1.0
1.0,0.4860634005286139,0.4076316731045863,1.0,0.1631451958654055,0.1748904244653791,0.1895585739425417,0.0394148790733513,0.0,0.0
1.0,0.5394732054537654,0.4469970795046351,1.0,0.2034458283725616,0.1993558071703155,0.2375718675906422,0.0702460422291965,0.0,0.0
1.0,0.0,0.0,0.2500849518857225,0.8045649304718052,0.8054056408052124,0.6815849880890112,0.855012935926702,0.560854447446658,1.0
1.0,0.52843885304707,0.428946674409897,1.0,0.269110801005766,0.1588937255083974,0.2094297540868679,0.0449398111618716,0.0,0.0
1.0,0.0,0.0,0.4367501921624697,0.6126261638663678,0.8040153628782164,0.0902062243347723,0.8495986618830194,0.4096057520193889,1.0
1.0,0.3658160218909919,0.519846011935612,1.0,0.2659413291189739,0.1207388392938909,0.175971280032566,0.0,0.0,0.003403525416775
0.8786886591629494,0.0,0.0,0.2657490365704021,0.6768513491579307,0.7796897948754911,1.0,0.8405091880259803,0.6842337980712723,1.0
1.0,0.0,0.7489640550979525,1.0,0.3280212159925237,0.2274777050605692,0.3156192057424354,0.0169057718141833,0.0,0.2723260759731636
1.0,0.0,0.0,0.3188970577200912,0.5587265671801234,0.8193288431288821,0.8739235116129139,0.8571486064859212,0.6040468713632134,1.0
0.8583744188105656,0.0,0.0,0.3318992814672195,1.0,0.8261507645446863,0.983660829397554,0.874645572500161,0.7810387013317991,1.0
0.7469804379484559,0.0,0.0,0.2991853278623519,1.0,0.8107046984604985,0.8434206554299041,0.8859715391643388,0.6118108747358609,1.0
1.0,0.3904087878930227,0.4583620201047385,1.0,0.2158546113771932,0.1904970827577368,0.1988140790346452,0.0137002982232026,0.0,0.0
1.0,0.3402316835375572,0.5026719415260764,1.0,0.1855957194443233,0.1570905383959226,0.1904039881134022,0.0,0.0,0.0070127832160052
1.0,0.5088446509120744,0.4064912466381113,1.0,0.2091725084669788,0.1795446673873038,0.1900247887405784,0.0848766021749767,0.0,0.0
1.0,0.0,0.0,0.3037028763034215,0.8773779311536231,0.8125071008674227,0.9180983954491796,0.8600134464365883,0.5171437267862464,1.0
1.0,0.6825761870838063,0.3269025976311209,1.0,0.2691343252479902,0.2459415816209,0.2896812740061479,0.0918909307318841,0.0,0.0
1.0,0.274455688160408,0.5520765463781869,1.0,0.164180565073262,0.1611632951424693,0.1733607443280856,0.0,0.0,0.0755826450994551
1.0,0.0790166938565714,0.6691580959972001,1.0,0.2795510387787781,0.1925139115471428,0.2413552611169429,0.0,0.0,0.201761011911413
1.0,0.0,0.0,0.3921342163040338,0.6986362085751778,0.8420694876681077,0.8754684375785917,0.8744101665772761,0.8050228958593231,1.0
0.9815914997445132,0.0,0.0,0.2129685120795511,0.9600975984235606,0.8243345007147279,1.0,0.8681767468922,0.7459458270072832,1.0
1.0,0.370504919215554,0.4857526176723594,1.0,0.2240486365739473,0.1180684244325193,0.164452865787685,0.0026833732825572,0.0,0.0
1.0,0.3401052204557633,0.4431122265276073,1.0,0.2415864961060013,0.1659157466468751,0.2017785377318741,0.0,0.0,0.015757687535771
1.0,0.2180190586196939,0.5103906891116903,1.0,0.2468704601043425,0.1405840149378872,0.1718968178694038,0.0152456886906414,0.0,0.0
0.940007583785234,0.0,0.0,0.3133332061109523,1.0,0.8229861343682245,0.8693251470007649,0.8687358618012637,0.623052109954496,1.0
1.0,0.3494577252775664,0.5040311670381142,1.0,0.2572122772162013,0.1161626454854211,0.1571944066094559,0.008791931284056,0.0,0.0
0.69451405837973,0.0,0.0,0.3350370393423605,0.9290635816969516,0.802526576776346,1.0,0.8529565339924257,0.6874537876160626,1.0
0.924680606917864,0.0,0.0,0.3522676707170973,1.0,0.7923145477390081,0.9097945318313764,0.8254824409445533,0.7981049438470265,1.0
1.0,0.0,0.0,0.3767945649682616,0.995080235867046,0.7850773452364463,0.8973420952269188,0.8380395451431564,0.7357086279226669,1.0
0.9068319900805952,0.0,0.0,0.3337587934689525,0.9733911965282084,0.8003837826894117,1.0,0.8381480572319714,0.6789797183597556,1.0
0.9354090482579605,0.0,0.0,0.2638065653526713,0.5474270605877246,0.8015967053063139,1.0,0.8631915300026856,0.6872813133040392,1.0
1.0,0.5608068602220523,0.4367420029475349,1.0,0.280098529277432,0.1834039546038793,0.2370399211880862,0.1071566588320462,0.0,0.0
1.0,0.4670184066878958,0.460290912047594,1.0,0.2246700140326258,0.1598492275367981,0.1522836819563819,0.008154441166217,0.0,0.0
0.9436702735748964,0.0,0.0,0.3018999211728927,1.0,0.8189858888375525,0.8712698382237234,0.8598295182322915,0.6675265857556825,1.0
0.8968450565518211,0.0,0.0,0.2830798492393355,0.933657754709302,0.8074857747247461,1.0,0.8528210784973902,0.6988508750332879,1.0
0.9707562122822508,0.0,0.0,0.3904203025254443,1.0,0.8273246127707312,0.7140971090868355,0.8688455701631401,0.7061720131950067,1.0
0.9525268473180504,0.0,0.0,0.3809977779789243,1.0,0.7990895845316967,0.9434919597151123,0.8499412063317798,0.7430343033607835,1.0
1.0,0.320156659741852,0.4911354663375977,1.0,0.2388076887607893,0.1707772820670004,0.1438532151225678,0.0365039902825551,0.0,0.0
1.0,0.6140665200519662,0.4129994243735595,1.0,0.2159042721316453,0.2023928198422335,0.1827384559777576,0.1054284234391053,0.0,0.0
1.0,0.0,0.0,0.3371810562698262,0.9039379800686208,0.8001702537442349,0.7828798447821851,0.8596685922806174,0.6437297630996497,1.0
1.0,0.0,0.0,0.3772276670222383,0.4773690109143986,0.8299481032179763,0.8635327873807723,0.8533105928334803,0.6617047298836913,1.0
1.0,0.068940590453753,0.6241756702923712,1.0,0.2342873107511059,0.1498998157285084,0.1374545261509955,0.0,0.0,0.0967268832183769
1.0,0.0,0.0,0.3723424583097681,0.9988801879404776,0.8060906253385501,0.7294400939702371,0.8526320997511684,0.7206656225528448,1.0
0.99861727909591,0.0,0.0,0.261437609989726,0.9872370800011926,0.8088720834419619,1.0,0.856445368870891,0.6523087378557781,1.0
0.9587331935516455,0.0,0.0,0.2511872667962133,0.99677483732516,0.8116075113625102,1.0,0.8546700554524785,0.6761212306373191,1.0
0.8034341210940479,0.0,0.0,0.2779721516038901,0.8744924669452832,0.7882447494410277,1.0,0.8237805703349844,0.6504491574579473,1.0
1.0,0.0,0.0,0.2688894589065295,0.5623946187593767,0.8495492212921413,0.7040353355124501,0.933114806085299,0.2914977492887293,1.0
1.0,0.0,0.0,0.3698964297441118,0.9107139258291036,0.8063810497405756,0.9928253290070336,0.8622501859992937,0.7073903141941595,1.0
1.0,0.4250420158370239,0.4312570314101018,1.0,0.2245311347702619,0.1730788727309593,0.2066810536113508,0.0034181397967249,0.0,0.0
1.0,0.2731029992374635,0.4904484650368255,1.0,0.2152345447554513,0.1905152693021152,0.1825719240979296,0.0357854672338714,0.0,0.0
0.9489331026528296,0.0,0.0,0.3098336388809795,0.977300626132806,0.8153006105957596,1.0,0.8632101901388861,0.6077895864228069,1.0
1.0,0.4168596973659789,0.4617467738857932,1.0,0.1943638371440073,0.1598848855789107,0.1835539150106142,0.0143773559949738,0.0,0.0
1.0,0.0,0.0,0.4145069102421862,0.8435563793072889,0.7944920694244146,0.8508587358618123,0.8208550667825925,0.7281492678653216,1.0
1.0,0.1655765355043535,0.5710804819990871,1.0,0.260527204599446,0.1358562833248789,0.1497962476529139,0.0,0.0,0.0434755439891028
0.9171742436523924,0.0,0.0,0.3039032877942974,0.9514964836301596,0.8007108999155822,1.0,0.8432721445602173,0.719766038532104,1.0
1.0,0.4513573244295559,0.4310621138978772,1.0,0.248603686312197,0.1873402574966568,0.2143423819666059,0.0480653900724838,0.0,0.0
1.0,0.5400487298419612,0.4496014137685089,1.0,0.247456899493542,0.2130213330084151,0.2230415716504403,0.0720951663293274,0.0,0.0
0.9949938389676276,0.0,0.0,0.3952923357721699,1.0,0.8104372370032787,0.7132877227896359,0.8641123482521456,0.3669655239970987,1.0
1.0,0.3509001144907439,0.463292737098647,1.0,0.2286673757348251,0.1793002136518167,0.2170189588752718,0.0,0.0,0.0392991449547424
