LEFT_LEG_1_x,LEFT_LEG_1_y,LEFT_LEG_1_z,LEFT_LEG_2_x,LEFT_LEG_2_y,LEFT_LEG_2_z,LEFT_LEG_3_x,LEFT_LEG_3_y,LEFT_LEG_3_z,LEFT_LEG_4_x,LEFT_LEG_4_y,LEFT_LEG_4_z,LEFT_LEG_5_x,LEFT_LEG_5_y,LEFT_LEG_5_z
1207.0545959472656,718.2186913490295,-0.034687455743551254,1153.1830215454102,809.9708390235901,-0.1972644031047821,1204.6703338623047,961.402051448822,-0.13332082331180573,1202.8993606567383,974.8291039466858,-0.13116620481014252,1195.5150604248047,1019.6524214744568,-0.22422631084918976
1203.596076965332,713.9828824996948,-0.039513178169727325,1153.4739303588867,804.0312695503235,-0.19743265211582184,1202.4700927734375,963.2440209388733,-0.15056045353412628,1202.864112854004,977.5867795944214,-0.149589404463768,1192.4219512939453,1021.2238311767578,-0.2412562370300293
1202.530174255371,715.3998613357544,-0.046413592994213104,1146.8841934204102,807.2886729240417,-0.20737725496292114,1195.7067489624023,961.2332653999329,-0.16062940657138824,1197.9726791381836,975.6068587303162,-0.1593744307756424,1175.6611633300781,1017.9614067077637,-0.2535386085510254
1196.3940811157227,718.6176753044128,-0.0368596650660038,1100.2178192138672,793.7232184410095,-0.18553426861763,1154.3068313598633,955.9116768836975,-0.13176539540290833,1167.9293060302734,979.2530107498169,-0.13023711740970612,1128.2529830932617,997.9352188110352,-0.21979472041130066
1202.2275924682617,713.4776186943054,-0.033941224217414856,1160.8076477050781,809.6603035926819,-0.19733649492263794,1204.8710632324219,966.1064958572388,-0.15571361780166626,1199.1130828857422,980.1501131057739,-0.1558038592338562,1188.2614517211914,1020.4437589645386,-0.25626140832901
1206.7182540893555,714.6705794334412,-0.026131054386496544,1181.1779022216797,806.0067486763,-0.18972858786582947,1205.8434677124023,956.6325902938843,-0.14344044029712677,1204.3929290771484,971.2724947929382,-0.14310312271118164,1193.4749221801758,1019.1611909866333,-0.24117782711982727
1204.9455642700195,716.0016202926636,-0.03609124943614006,1177.3909378051758,840.9311699867249,-0.11810827255249023,1204.401969909668,956.2259459495544,-0.03694935142993927,1198.0537033081055,966.9658756256104,-0.03400386497378349,1195.2779388427734,1014.4625401496887,-0.12516652047634125
1200.395164489746,713.5673546791077,-0.03154563158750534,1161.3856887817383,828.0718231201172,-0.14098979532718658,1200.2032470703125,952.1452760696411,-0.08386542648077011,1196.3905334472656,968.2400107383728,-0.08298589289188385,1190.0852966308594,1017.4583315849304,-0.17519736289978027
1207.0668411254883,715.8227276802063,-0.021733414381742477,1196.4070129394531,839.8246622085571,-0.1410360336303711,1206.8306350708008,956.859827041626,-0.05232947692275047,1201.0410690307617,972.7508211135864,-0.04940451309084892,1200.2648162841797,1015.3864860534668,-0.1499020755290985
1196.7486190795898,710.7991862297058,-0.029600901529192924,1176.7577362060547,830.2754402160645,-0.14925171434879303,1200.3033828735352,962.2302103042603,-0.07861412316560745,1196.393051147461,977.329158782959,-0.07709252089262009,1194.3687057495117,1016.7898178100586,-0.17630942165851593
1193.2081604003906,712.7123522758484,-0.04474122077226639,1097.9743194580078,804.6452593803406,-0.09905547648668289,1143.6407089233398,968.4683418273926,-0.045788440853357315,1156.325454711914,969.2157769203186,-0.04535786435008049,1119.3432998657227,1007.1808576583862,-0.13048900663852692
1199.7942352294922,718.91037940979,-0.04221563786268234,1155.996437072754,838.3397054672241,-0.12798510491847992,1199.5967102050781,955.2794694900513,-0.06240539625287056,1200.8235168457031,968.0794644355774,-0.06031409651041031,1191.3468933105469,1010.3440189361572,-0.14447316527366638
1200.9582138061523,726.0539174079895,-0.03992847725749016,1160.1228332519531,830.3147721290588,-0.17686963081359863,1175.4426956176758,964.4501781463623,-0.12395703792572021,1189.7894668579102,970.6075215339661,-0.12266542762517929,1170.486717224121,1002.1936225891113,-0.21128271520137787
1192.8422927856445,714.0580058097839,-0.047827932983636856,1078.839111328125,793.7115669250488,-0.1536865085363388,1135.3002548217773,959.3453979492188,-0.11948354542255402,1161.8119812011719,968.5331010818481,-0.11961613595485687,1106.7145156860352,1000.0653219223022,-0.20251768827438354
1202.445945739746,716.6952395439148,-0.03747023269534111,1158.969383239746,814.2813849449158,-0.19396929442882538,1197.477035522461,963.380298614502,-0.12947608530521393,1191.0958099365234,977.5507307052612,-0.12708501517772675,1180.3588485717773,1016.0018920898438,-0.2203654944896698
1205.7594680786133,718.3952021598816,-0.03373440355062485,1174.5247650146484,823.2632875442505,-0.18959933519363403,1200.9936904907227,969.463677406311,-0.11510221660137177,1198.707160949707,980.7016611099243,-0.11245786398649216,1199.0922546386719,1026.2396478652954,-0.21175464987754822
1205.6113815307617,717.3796534538269,-0.03326396644115448,1167.9175186157227,816.8877196311951,-0.2025076299905777,1203.691520690918,966.7636156082153,-0.1306774765253067,1203.2926940917969,979.5361876487732,-0.12784498929977417,1200.0967025756836,1026.3735437393188,-0.22548557817935944
1203.6531829833984,713.2917737960815,-0.04162674769759178,1150.0337219238281,795.5239248275757,-0.23958615958690643,1203.1133651733398,962.961745262146,-0.18345236778259277,1199.4731140136719,974.4370722770691,-0.18171164393424988,1187.4468612670898,1025.08962392807,-0.280784547328949
1204.5621871948242,714.4945192337036,-0.034800417721271515,1155.9258270263672,800.6046295166016,-0.23315149545669556,1200.2117156982422,961.869592666626,-0.18850864470005035,1200.1835632324219,975.7177090644836,-0.18808811902999878,1188.028793334961,1015.2294158935547,-0.28723278641700745
1201.0388946533203,711.9125175476074,-0.037137195467948914,1159.3448638916016,796.5784192085266,-0.22862447798252106,1206.8170166015625,966.0502338409424,-0.1914052516222,1205.2236557006836,978.1954908370972,-0.1915719360113144,1195.0100326538086,1026.2883138656616,-0.29124221205711365
1206.2202072143555,719.8130178451538,-0.03182880952954292,1162.7977752685547,798.1352162361145,-0.23077912628650665,1207.2857666015625,962.0381212234497,-0.18556343019008636,1205.3074264526367,977.8230285644531,-0.18507583439350128,1192.4937057495117,1019.6586656570435,-0.28658026456832886
1198.6621856689453,714.9690771102905,-0.04043649137020111,1156.9508743286133,803.4699368476868,-0.20978973805904388,1202.709732055664,953.6118221282959,-0.15624748170375824,1206.2564849853516,970.7439923286438,-0.15452030301094055,1191.8680572509766,1015.2931451797485,-0.2487090528011322
1200.9643936157227,713.4297251701355,-0.025640016421675682,1176.2357711791992,798.7021493911743,-0.21620696783065796,1203.1514739990234,955.2364683151245,-0.1491136997938156,1207.0144271850586,966.1376523971558,-0.1464518904685974,1196.2557220458984,1020.1957941055298,-0.24224521219730377
1200.607681274414,714.0826606750488,-0.03374369814991951,1157.6581192016602,838.8982057571411,-0.117484912276268,1200.6931686401367,948.0223774909973,-0.009721639566123486,1190.2836227416992,964.9112820625305,-0.003404083428904414,1195.2636337280273,1002.48046875,-0.08607903122901917
1198.498764038086,712.6759171485901,-0.03441862761974335,1158.749656677246,820.1474404335022,-0.17924043536186218,1194.949722290039,946.965823173523,-0.10638859868049622,1198.2135772705078,963.1983160972595,-0.10361878573894501,1186.867790222168,1003.2208228111267,-0.1976594179868698
1197.0489120483398,720.1054000854492,-0.04508109390735626,1107.8859329223633,794.1917896270752,-0.21577094495296478,1169.6650314331055,945.9261345863342,-0.15126965939998627,1186.7893981933594,966.1439609527588,-0.1474543660879135,1171.962890625,997.3539304733276,-0.23187534511089325
1200.831642150879,717.9275321960449,-0.04527886211872101,1142.3057556152344,796.8649435043335,-0.2177894115447998,1193.6515045166016,956.8886017799377,-0.1830044537782669,1202.6319122314453,975.7033538818359,-0.18275028467178345,1184.5584869384766,1016.6760063171387,-0.2771008312702179
1195.7146453857422,718.912889957428,-0.0453621968626976,1142.5297164916992,822.3440408706665,-0.19443640112876892,1193.6456680297852,953.1079745292664,-0.127193421125412,1202.1635055541992,968.0456042289734,-0.12420257180929184,1183.6801528930664,1009.3123769760132,-0.2171044647693634
1190.5293273925781,712.9058575630188,-0.04829219728708267,1084.723892211914,795.8530640602112,-0.1403178721666336,1148.8454818725586,951.4404559135437,-0.09404182434082031,1176.8725204467773,968.2725191116333,-0.09250018745660782,1127.6067352294922,1003.9790725708008,-0.165538027882576
1197.4433898925781,717.4767923355103,-0.03350237384438515,1156.233901977539,831.4499258995056,-0.13968010246753693,1206.6986846923828,956.5795469284058,-0.10036540776491165,1199.2518997192383,971.4629101753235,-0.10128555446863174,1190.731430053711,1007.8122282028198,-0.19254007935523987
1192.4433517456055,718.5792446136475,-0.03941874951124191,1086.0185623168945,799.1693687438965,-0.105138398706913,1141.0450744628906,957.6845741271973,-0.05669824406504631,1153.9918899536133,969.2770600318909,-0.05603759363293648,1119.6154403686523,1000.6495714187622,-0.134416401386261
1203.5020065307617,712.8367853164673,-0.0320948027074337,1187.7659225463867,847.6837062835693,-0.09923563152551651,1213.333396911621,961.2629413604736,-0.02228732965886593,1206.144905090332,975.2899503707886,-0.020795870572328568,1200.6245040893555,1016.5695333480835,-0.11755525320768356
1202.6747131347656,722.3672747612,-0.0378943607211113,1146.1915969848633,827.1693778038025,-0.15011923015117645,1156.853256225586,957.6617860794067,-0.09406188130378723,1170.0569915771484,969.4152045249939,-0.09284282475709915,1161.6636657714844,991.3909292221069,-0.18000732362270355
1204.1005325317383,716.7405581474304,-0.029595332220196724,1174.8723220825195,829.1328835487366,-0.12104212492704391,1204.0678024291992,960.0606465339661,-0.06553005427122116,1196.1925506591797,974.1092848777771,-0.06477091461420059,1195.9360885620117,1018.5925841331482,-0.15612736344337463
1196.5201950073242,721.1426424980164,-0.043075744062662125,1073.9196395874023,789.9584269523621,-0.14699110388755798,1134.949607849121,954.9480772018433,-0.1066216304898262,1151.2819290161133,977.8964138031006,-0.1059589833021164,1071.7662048339844,991.1034393310547,-0.18829680979251862
1203.0009841918945,718.1847667694092,-0.034683626145124435,1155.8980178833008,798.647882938385,-0.19352489709854126,1199.9843215942383,960.9884548187256,-0.15275345742702484,1195.9470748901367,975.5508542060852,-0.15267930924892426,1186.4007568359375,1015.129508972168,-0.2424761801958084
1209.415397644043,718.5475087165833,-0.03644174337387085,1167.1881866455078,795.4387593269348,-0.2211310863494873,1201.1627197265625,966.1779499053955,-0.1861879825592041,1195.9696197509766,981.4302349090576,-0.1871715933084488,1190.8715057373047,1026.0080337524414,-0.28903672099113464
1199.3233108520508,714.7951412200928,-0.03429761901497841,1102.3448181152344,790.624623298645,-0.20471619069576263,1172.809066772461,955.7452726364136,-0.1625088006258011,1197.7167892456055,973.5850310325623,-0.1620260328054428,1177.723045349121,1014.9567317962646,-0.2558039128780365
1197.3350143432617,708.3474111557007,-0.03885554149746895,1155.6159210205078,810.7923674583435,-0.16954578459262848,1204.6662139892578,961.2450456619263,-0.12708906829357147,1201.3230514526367,976.0540580749512,-0.12701725959777832,1194.4678115844727,1018.2183837890625,-0.21926584839820862
1196.3315963745117,716.1880445480347,-0.030000898987054825,1172.0379638671875,815.9795451164246,-0.19547630846500397,1204.5359802246094,955.2223062515259,-0.12481970340013504,1207.0172882080078,970.242977142334,-0.12244383245706558,1196.0846328735352,1014.0401887893677,-0.2202863097190857
1197.1006393432617,720.0300192832947,-0.03638804703950882,1144.705810546875,840.4125809669495,-0.11483900994062424,1168.0707550048828,963.4325695037842,-0.06397110223770142,1187.508316040039,973.2505488395691,-0.06346791982650757,1176.3079833984375,996.7459917068481,-0.14515931904315948
1198.3382034301758,711.3904523849487,-0.03284527733922005,1159.0984725952148,829.9150800704956,-0.1350191980600357,1203.5087585449219,958.3508348464966,-0.07623696327209473,1200.3028106689453,973.980860710144,-0.0754224956035614,1194.0333938598633,1016.0868644714355,-0.16794553399085999
1199.2468643188477,708.5912561416626,-0.028983023017644882,1167.901382446289,826.1867880821228,-0.1500101089477539,1200.809097290039,955.2314472198486,-0.09730560332536697,1198.9495468139648,970.9268760681152,-0.09728462249040604,1192.3529434204102,1017.2427463531494,-0.19651731848716736
1205.6019973754883,713.7553238868713,-0.0328831747174263,1174.602928161621,845.1806902885437,-0.10708628594875336,1203.2354736328125,961.9949913024902,-0.05541021376848221,1194.0729904174805,976.2572193145752,-0.05551370605826378,1186.6204833984375,1014.6758079528809,-0.14882853627204895
1202.4450302124023,721.4860725402832,-0.04537499323487282,1142.4599075317383,811.7701935768127,-0.20163501799106598,1175.9751892089844,953.4492802619934,-0.13380025327205658,1194.8823165893555,964.1565728187561,-0.13064126670360565,1178.693733215332,1004.599757194519,-0.21904508769512177
1200.7784271240234,718.7511205673218,-0.030238410457968712,1175.7924270629883,807.8465294837952,-0.18452835083007812,1204.0014266967773,957.3979210853577,-0.13778290152549744,1201.029281616211,974.5003509521484,-0.1373937427997589,1193.119239807129,1016.2187004089355,-0.23468783497810364
1205.2960968017578,714.4480419158936,-0.03701401501893997,1163.4131240844727,801.520721912384,-0.19196046888828278,1200.5505752563477,960.6687140464783,-0.15937508642673492,1194.8167419433594,975.0726914405823,-0.1597617268562317,1181.4424896240234,1010.972170829773,-0.25165823101997375
1199.3229675292969,717.17848777771,-0.036763641983270645,1159.9305725097656,808.2018685340881,-0.19116902351379395,1201.6743850708008,964.1042375564575,-0.1496780663728714,1196.3006973266602,976.4186668395996,-0.1494678407907486,1187.7956771850586,1018.6803245544434,-0.2436978965997696
1200.919303894043,715.990161895752,-0.03049069084227085,1169.0080261230469,816.8998217582703,-0.17024487257003784,1201.4910507202148,961.0076379776001,-0.1014857366681099,1197.7300643920898,974.9378943443298,-0.09939561039209366,1196.7756271362305,1022.5663304328918,-0.19461841881275177
1205.156021118164,721.608316898346,-0.03107648342847824,1157.6279067993164,803.7555599212646,-0.22265192866325378,1202.7785110473633,962.1718883514404,-0.15836462378501892,1199.3819046020508,975.7652807235718,-0.15629535913467407,1195.1675033569336,1020.5148911476135,-0.2560083270072937
1207.902603149414,716.9049668312073,-0.02966955676674843,1160.093994140625,784.790689945221,-0.2522856891155243,1204.3401718139648,964.0369033813477,-0.20803102850914001,1202.8246307373047,977.9307246208191,-0.2078029066324234,1199.8733139038086,1028.8137316703796,-0.3125477135181427
1200.8100128173828,715.0873303413391,-0.047218065708875656,1138.9768981933594,796.0994839668274,-0.23201823234558105,1180.2527618408203,957.1675944328308,-0.1895371377468109,1203.0259323120117,973.7502765655518,-0.18867847323417664,1145.2813339233398,1006.7362976074219,-0.28538644313812256
1203.0118560791016,715.5260324478149,-0.033704813569784164,1153.846549987793,797.3684692382812,-0.2244008630514145,1202.7988815307617,960.8008074760437,-0.18451979756355286,1201.3308334350586,977.3062419891357,-0.1842237412929535,1188.7410736083984,1020.1533079147339,-0.2822476029396057
1193.558006286621,717.1142435073853,-0.035142965614795685,1106.8187713623047,784.2223405838013,-0.23831604421138763,1161.1511993408203,948.6301231384277,-0.1981695592403412,1190.350112915039,969.3966007232666,-0.19777943193912506,1133.0998992919922,995.152952671051,-0.29526805877685547
1190.3927993774414,713.2393741607666,-0.0390714630484581,1098.2837677001953,788.6472129821777,-0.19596228003501892,1152.7094650268555,943.34233045578,-0.15170074999332428,1177.9896926879883,962.4932384490967,-0.15023823082447052,1129.4364166259766,991.6309118270874,-0.2334720492362976
1197.3125839233398,708.7350654602051,-0.03448525443673134,1155.2322006225586,803.0990195274353,-0.18141809105873108,1203.673439025879,958.9242053031921,-0.13536542654037476,1200.5838775634766,972.7351140975952,-0.13454805314540863,1191.9806671142578,1023.516411781311,-0.22607693076133728
1195.5160903930664,714.6082019805908,-0.0351114347577095,1159.735336303711,809.3738436698914,-0.18033279478549957,1200.4594802856445,946.8132591247559,-0.12824510037899017,1200.8068084716797,963.3387780189514,-0.12699231505393982,1183.4065246582031,996.2109231948853,-0.21745997667312622
1195.9305953979492,713.7577056884766,-0.04093976691365242,1121.1684036254883,797.5991821289062,-0.18997707962989807,1169.4963455200195,952.3976182937622,-0.135859414935112,1190.5318450927734,967.6743006706238,-0.13388510048389435,1168.414649963379,998.6230444908142,-0.21994072198867798
1196.601791381836,712.8315711021423,-0.0431068129837513,1153.5112380981445,839.8124313354492,-0.10087218135595322,1202.3345947265625,957.6884365081787,-0.044973138719797134,1197.5160598754883,973.5072040557861,-0.04397605359554291,1180.8756637573242,1007.4946117401123,-0.12819905579090118
1197.5370025634766,710.253689289093,-0.03452163189649582,1156.571159362793,817.9080963134766,-0.1702422946691513,1179.4171142578125,953.4894490242004,-0.10822544246912003,1197.5641250610352,967.6290464401245,-0.10623996704816818,1188.0125427246094,1013.7909364700317,-0.19803515076637268
1201.878547668457,709.4170331954956,-0.032050058245658875,1171.669692993164,831.3057947158813,-0.1258479356765747,1202.7885818481445,967.7068090438843,-0.07561316341161728,1193.8916015625,980.6696033477783,-0.0759446993470192,1193.6449813842773,1021.6158628463745,-0.17140169441699982
1201.2098693847656,717.4693894386292,-0.037091214209795,1160.4203796386719,808.7990570068359,-0.20696671307086945,1202.7362823486328,958.100745677948,-0.14858378469944,1204.8933792114258,970.8913421630859,-0.1464720070362091,1192.430534362793,1017.991533279419,-0.23974555730819702
1199.4243621826172,717.3024702072144,-0.03793940320611,1158.5710144042969,803.2229375839233,-0.20738306641578674,1201.1012649536133,962.3907566070557,-0.16082511842250824,1204.123306274414,976.1509394645691,-0.16032375395298004,1190.4052734375,1020.8227229118347,-0.2563573122024536
1205.3891372680664,719.1025972366333,-0.03450637683272362,1153.5110092163086,792.4308013916016,-0.24455493688583374,1201.1034393310547,960.3416991233826,-0.18770858645439148,1200.6532287597656,973.9086985588074,-0.1865258812904358,1188.596076965332,1020.5087757110596,-0.28886860609054565
1201.2769317626953,716.4100670814514,-0.03797455504536629,1147.8020095825195,796.003954410553,-0.24497747421264648,1200.6675338745117,962.668719291687,-0.1790386289358139,1201.350975036621,977.1522617340088,-0.17691127955913544,1182.7324676513672,1020.8570337295532,-0.27788814902305603
1203.3404159545898,717.9377031326294,-0.03925440460443497,1149.1914367675781,796.7174005508423,-0.23984791338443756,1197.810401916504,961.1227369308472,-0.18214377760887146,1198.4227752685547,977.0361971855164,-0.18054337799549103,1187.8827667236328,1025.5838799476624,-0.27627596259117126
1203.0747985839844,715.6319904327393,-0.03714790195226669,1150.6069564819336,792.598557472229,-0.23901653289794922,1206.298828125,963.7973713874817,-0.19496025145053864,1204.969711303711,976.232693195343,-0.19462810456752777,1193.7914657592773,1027.8787779808044,-0.2955460548400879
1205.3450775146484,711.60320520401,-0.04039371758699417,1156.0990905761719,791.5801763534546,-0.22511987388134003,1204.7950744628906,961.0035824775696,-0.18107104301452637,1202.083396911621,971.3442063331604,-0.18034404516220093,1190.5400848388672,1026.1232614517212,-0.27491679787635803
1205.280647277832,711.9770193099976,-0.03702947124838829,1155.9167861938477,806.7261815071106,-0.22508767247200012,1188.0460739135742,963.8852405548096,-0.1644154042005539,1205.0267028808594,978.7997603416443,-0.16240444779396057,1189.6685028076172,1027.838351726532,-0.2624782919883728
1193.3632278442383,717.4503350257874,-0.03868529945611954,1096.834487915039,789.9709153175354,-0.2023536115884781,1141.2214279174805,953.3735775947571,-0.16894952952861786,1172.3024368286133,973.2550549507141,-0.16940966248512268,1113.222885131836,992.8856706619263,-0.2617713212966919
1197.484130859375,719.6640586853027,-0.03179698437452316,1142.8057479858398,800.3562140464783,-0.21451736986637115,1167.191276550293,950.8336114883423,-0.15740762650966644,1193.4689712524414,967.1766328811646,-0.15508262813091278,1179.8960494995117,1005.3535008430481,-0.24621780216693878
1191.8367004394531,710.5660271644592,-0.03409799188375473,1146.3489532470703,811.2358331680298,-0.1828601211309433,1199.3418502807617,961.1493873596191,-0.13396842777729034,1198.4759902954102,975.8585572242737,-0.13348378241062164,1187.7384567260742,1013.8803505897522,-0.22993618249893188
1190.8755111694336,711.2430381774902,-0.03924402967095375,1101.3579940795898,793.137617111206,-0.14677128195762634,1164.1950988769531,947.609167098999,-0.07908051460981369,1194.723014831543,959.4474291801453,-0.07593615353107452,1176.9752883911133,1001.8402147293091,-0.1553405076265335
1192.049331665039,715.8081150054932,-0.03710611164569855,1107.304344177246,801.5926909446716,-0.15717874467372894,1156.3151550292969,957.1164178848267,-0.11347754299640656,1167.8188705444336,978.0290222167969,-0.11375246196985245,1129.7839736938477,998.6097192764282,-0.20190976560115814
1193.6107635498047,710.524570941925,-0.04574685916304588,1084.2615509033203,796.1471199989319,-0.13554607331752777,1145.8454132080078,956.6694116592407,-0.09682876616716385,1167.5914764404297,967.7187180519104,-0.09686952084302902,1119.8353958129883,1003.4131693840027,-0.1797264665365219
1192.8766250610352,710.0081062316895,-0.03179892152547836,1160.8608627319336,839.927659034729,-0.09288939833641052,1170.4969024658203,963.1617522239685,-0.011784562841057777,1190.0368881225586,966.7385101318359,-0.008704354986548424,1187.4284362792969,1007.9209542274475,-0.0957164466381073
1198.8807678222656,705.191330909729,-0.029528500512242317,1176.8962097167969,833.7642002105713,-0.13539855182170868,1200.9625625610352,961.822407245636,-0.060220662504434586,1197.183837890625,976.6278147697449,-0.05809785798192024,1192.8789138793945,1023.5326337814331,-0.15098033845424652
1206.6231536865234,709.2392349243164,-0.02507920376956463,1181.5126419067383,835.7266116142273,-0.13881029188632965,1205.705680847168,961.3522911071777,-0.07303329557180405,1197.6914978027344,973.5434460639954,-0.07216785848140717,1190.5571365356445,1017.2180271148682,-0.1706588715314865
1210.4620742797852,717.6329612731934,-0.021867992356419563,1195.2457809448242,850.9928011894226,-0.11493031680583954,1204.5676803588867,963.1356811523438,-0.01760249212384224,1196.6183853149414,977.0543503761292,-0.014240763150155544,1201.4784622192383,1022.9787683486938,-0.11461316049098969
1192.8493881225586,711.9761180877686,-0.043256957083940506,1083.1647491455078,792.9670929908752,-0.11509425193071365,1141.0453033447266,955.5238938331604,-0.059390679001808167,1157.3169708251953,965.2176332473755,-0.058326125144958496,1118.3683776855469,1000.0765872001648,-0.142314150929451
1202.299575805664,713.76948595047,-0.03188898786902428,1183.4955596923828,816.7993354797363,-0.16863711178302765,1203.050880432129,959.2669916152954,-0.12037871032953262,1197.4866485595703,974.5018315315247,-0.12004665285348892,1191.6984558105469,1015.6828594207764,-0.21502690017223358
1199.0947723388672,719.8627138137817,-0.042424969375133514,1140.040626525879,816.1515498161316,-0.1690317839384079,1195.0535202026367,963.7967920303345,-0.10639447718858719,1189.504623413086,979.041223526001,-0.1037023514509201,1178.689956665039,1012.9821538925171,-0.18742182850837708
1199.395523071289,714.6573185920715,-0.04308262839913368,1145.5805969238281,806.7053890228271,-0.20594199001789093,1198.1927490234375,957.5300145149231,-0.1520901620388031,1199.7307205200195,975.8524417877197,-0.1503017395734787,1179.9806213378906,1015.7181358337402,-0.24379107356071472
1199.816551208496,717.5602841377258,-0.03847094625234604,1122.0536041259766,785.4161381721497,-0.23557059466838837,1165.9225845336914,957.7184343338013,-0.1788678765296936,1189.0897750854492,976.3660097122192,-0.17745879292488098,1138.4266662597656,998.4196257591248,-0.27729448676109314
1202.8918075561523,719.1103219985962,-0.03570959344506264,1155.3102493286133,790.3344297409058,-0.2740653455257416,1202.801742553711,961.1991477012634,-0.19692815840244293,1206.353988647461,973.2308506965637,-0.1935715228319168,1194.4440078735352,1018.8585090637207,-0.2986311912536621
1205.529899597168,718.8185834884644,-0.03713124617934227,1152.356300354004,799.1218614578247,-0.2551613450050354,1204.8036575317383,958.7550973892212,-0.1735885739326477,1205.661964416504,971.281635761261,-0.16968943178653717,1194.4183731079102,1019.4273734092712,-0.2704416513442993
1201.1553955078125,717.3055601119995,-0.0347929485142231,1150.7981872558594,790.5166697502136,-0.2666585147380829,1183.777198791504,959.1057372093201,-0.19523826241493225,1208.1935119628906,970.0053119659424,-0.19186951220035553,1190.4761123657227,1023.835186958313,-0.2902253568172455
1201.556625366211,713.0788278579712,-0.04536622762680054,1148.8307189941406,808.9039850234985,-0.20247702300548553,1203.1328201293945,965.2344989776611,-0.14585866034030914,1204.3940734863281,980.0519442558289,-0.14407454431056976,1182.601547241211,1022.3582124710083,-0.23631161451339722
1200.2939987182617,715.9829521179199,-0.03715618699789047,1147.5342178344727,792.3227190971375,-0.21724775433540344,1187.4755859375,951.0852456092834,-0.17405396699905396,1204.8401641845703,974.1074180603027,-0.17319223284721375,1185.52001953125,1008.5102891921997,-0.2680775821208954
1199.5166015625,712.6439237594604,-0.0333930067718029,1164.3761444091797,813.3287286758423,-0.19061033427715302,1202.146339416504,961.6949486732483,-0.1199285015463829,1204.7327041625977,974.0951871871948,-0.11744541674852371,1189.9169540405273,1016.887149810791,-0.2145082950592041
1196.6423034667969,714.4179153442383,-0.03811362758278847,1148.240089416504,798.7852549552917,-0.22441336512565613,1185.4807662963867,947.0480275154114,-0.1694549173116684,1198.6151504516602,960.6913733482361,-0.16749273240566254,1185.7450103759766,1010.0728797912598,-0.25835779309272766
1202.951545715332,716.2724375724792,-0.02208624593913555,1174.2411804199219,832.4374079704285,-0.13508111238479614,1209.2658233642578,953.3947563171387,-0.0704113095998764,1205.3166961669922,969.893753528595,-0.06905265897512436,1202.4808502197266,1014.8845052719116,-0.16298863291740417
1198.6279678344727,711.6063594818115,-0.03218427672982216,1128.4152603149414,801.0815691947937,-0.13196370005607605,1191.430320739746,952.9675126075745,-0.08103801310062408,1187.4776458740234,969.5673823356628,-0.08076853305101395,1181.9667434692383,1006.6555094718933,-0.1697871834039688
1194.514503479004,713.5078740119934,-0.04349533095955849,1085.778694152832,797.8221702575684,-0.12976448237895966,1147.5019454956055,956.1324119567871,-0.06836802512407303,1169.1121673583984,966.1985492706299,-0.0666099563241005,1118.2930755615234,1005.7598876953125,-0.15005573630332947
1192.0650100708008,710.7350707054138,-0.03968343883752823,1150.0025939941406,817.5329947471619,-0.16221050918102264,1199.5623779296875,957.6682233810425,-0.11003744602203369,1203.559455871582,968.5275650024414,-0.10898231714963913,1191.1110305786133,1014.2231369018555,-0.19930420815944672
1198.1919479370117,714.7755074501038,-0.0386948399245739,1157.0995330810547,812.3837971687317,-0.1740664541721344,1198.9139556884766,957.8590893745422,-0.1065557524561882,1197.4565505981445,972.0320320129395,-0.10425364226102829,1186.2319564819336,1014.0385794639587,-0.1959892064332962
1202.7251815795898,717.1016263961792,-0.029291121289134026,1164.3431854248047,807.9018259048462,-0.20424318313598633,1204.2097091674805,962.7258825302124,-0.1287180781364441,1203.6199951171875,976.284384727478,-0.1260060966014862,1196.2442779541016,1026.7803812026978,-0.2278338372707367
1198.3325958251953,717.6727437973022,-0.036083053797483444,1117.334976196289,784.3646049499512,-0.241812601685524,1202.7664947509766,959.631986618042,-0.1834896355867386,1202.8706359863281,974.2943572998047,-0.18185925483703613,1189.3885803222656,1025.7825994491577,-0.27848413586616516
1203.8374328613281,716.2267327308655,-0.03558385372161865,1157.7927017211914,798.0604791641235,-0.245039165019989,1208.136863708496,965.0707983970642,-0.17463421821594238,1207.7663040161133,978.4215044975281,-0.17194058001041412,1191.983757019043,1027.424819469452,-0.27091068029403687
1203.3832168579102,716.0475182533264,-0.03905405104160309,1149.7390365600586,805.5545282363892,-0.22079680860042572,1182.154884338379,970.0421977043152,-0.17312230169773102,1207.4147415161133,980.5531525611877,-0.17241787910461426,1190.0890731811523,1028.4052848815918,-0.26728296279907227
1202.2883605957031,715.6933379173279,-0.035967789590358734,1151.3756561279297,790.7540774345398,-0.23953552544116974,1188.8107681274414,957.811131477356,-0.20391227304935455,1204.7261810302734,969.4859504699707,-0.2042439728975296,1188.7140655517578,1022.8356027603149,-0.3043120801448822
1195.3395080566406,712.7587652206421,-0.043856341391801834,1101.489028930664,790.3561234474182,-0.22479631006717682,1163.778305053711,957.1430683135986,-0.1973695307970047,1198.168716430664,975.2992844581604,-0.19768282771110535,1135.2274703979492,1004.26926612854,-0.2897999584674835
1197.9431533813477,712.5377726554871,-0.03606037050485611,1154.3499755859375,817.4209213256836,-0.17228327691555023,1200.3218078613281,960.1210927963257,-0.11147984862327576,1202.578010559082,975.1672554016113,-0.10959408432245255,1186.769142150879,1011.8930912017822,-0.20208950340747833
1195.5305099487305,718.0329751968384,-0.03468869999051094,1144.445457458496,825.5659103393555,-0.16020335257053375,1167.923240661621,959.5708322525024,-0.12225939333438873,1181.7525100708008,974.9359631538391,-0.12287035584449768,1178.5201263427734,1006.9870948791504,-0.21132208406925201
1201.702995300293,707.1686124801636,-0.0347796231508255,1166.993751525879,830.9534811973572,-0.15245741605758667,1206.089973449707,962.6622819900513,-0.10172360390424728,1200.2406692504883,977.2085237503052,-0.10185859352350235,1189.7912979125977,1017.909779548645,-0.19929194450378418
1191.309814453125,714.1871380805969,-0.041726693511009216,1082.892951965332,794.6445894241333,-0.1081160232424736,1136.9223403930664,956.7533540725708,-0.061729200184345245,1155.7014083862305,966.94167137146,-0.06137901172041893,1115.980567932129,997.8987836837769,-0.1407116800546646
1189.5476531982422,717.6360511779785,-0.050492119044065475,1071.0215377807617,794.2201137542725,-0.13878348469734192,1127.6608657836914,952.0856666564941,-0.08783183991909027,1146.134033203125,970.9472179412842,-0.0861203521490097,1056.2244415283203,987.7733588218689,-0.1618005484342575
1198.3862686157227,719.6012949943542,-0.03837917745113373,1151.1427688598633,830.5236625671387,-0.1349935233592987,1170.4668045043945,964.9541544914246,-0.07248938083648682,1190.859146118164,971.1363458633423,-0.07055827975273132,1180.2787399291992,1010.1823782920837,-0.15471094846725464
1203.6960983276367,720.4535937309265,-0.02962343581020832,1176.4457702636719,819.5375061035156,-0.1729704886674881,1201.0783767700195,955.591356754303,-0.11070013046264648,1197.7795028686523,973.0755186080933,-0.10873465240001678,1193.9876174926758,1014.3132591247559,-0.20119380950927734
1190.5250930786133,712.7849006652832,-0.04176417365670204,1111.0976028442383,803.4126448631287,-0.13371692597866058,1157.8459167480469,951.1214876174927,-0.09228634089231491,1188.5953903198242,965.7246351242065,-0.09178503602743149,1126.7995834350586,999.0852427482605,-0.17536421120166779
1199.0865325927734,714.4307899475098,-0.045353829860687256,1144.7356796264648,805.5669522285461,-0.18716350197792053,1197.0834732055664,962.3808431625366,-0.14007416367530823,1192.0368576049805,976.88556432724,-0.1390862911939621,1172.2072219848633,1016.245801448822,-0.22607837617397308
1203.0777740478516,716.6582894325256,-0.037382449954748154,1151.1162185668945,803.6194753646851,-0.22351501882076263,1200.377311706543,962.6858425140381,-0.1578126698732376,1203.5530471801758,975.0161719322205,-0.15531206130981445,1193.5853576660156,1019.2574286460876,-0.24857687950134277
1199.0976333618164,717.9454278945923,-0.03862087428569794,1147.5795364379883,798.5592412948608,-0.24045993387699127,1201.1190032958984,962.2381281852722,-0.18780453503131866,1205.273666381836,977.3776316642761,-0.1870502531528473,1187.9563522338867,1014.4842338562012,-0.2854747176170349
1205.3662490844727,720.0774621963501,-0.030730366706848145,1155.5315780639648,808.05992603302,-0.240305557847023,1204.595947265625,961.4265775680542,-0.15162846446037292,1208.0811309814453,975.2522921562195,-0.14727123081684113,1192.7403259277344,1017.6533818244934,-0.2479887455701828
1201.952018737793,721.4716529846191,-0.035152535885572433,1110.0574493408203,782.6408886909485,-0.2639497220516205,1199.9398040771484,958.2386326789856,-0.1839447319507599,1203.6753845214844,970.8310890197754,-0.18009211122989655,1179.891357421875,1008.6936235427856,-0.2800828218460083
1201.1547088623047,720.0781059265137,-0.034598253667354584,1139.6363067626953,801.5737652778625,-0.25632500648498535,1201.5031814575195,956.9744753837585,-0.16642574965953827,1206.298599243164,970.1811790466309,-0.1613418012857437,1186.4863586425781,1014.1471767425537,-0.2587929368019104
1200.3380584716797,712.9694581031799,-0.030633164569735527,1151.5095520019531,793.5176110267639,-0.21302767097949982,1180.085334777832,957.721266746521,-0.17409563064575195,1203.709716796875,976.5280365943909,-0.17421063780784607,1187.3857498168945,1018.2998156547546,-0.27128028869628906
1197.3057174682617,711.8865752220154,-0.03222084790468216,1154.9645233154297,806.1738610267639,-0.19500204920768738,1202.2306823730469,960.0609040260315,-0.14230646193027496,1205.2132415771484,973.5422873497009,-0.14090874791145325,1190.0372314453125,1016.0308599472046,-0.23484118282794952
1193.5241317749023,710.3478670120239,-0.03857678174972534,1151.074447631836,815.7174825668335,-0.1620132476091385,1198.8379669189453,958.7070107460022,-0.10660450905561447,1200.315284729004,973.2029128074646,-0.10479523986577988,1187.8837966918945,1009.4631385803223,-0.18906302750110626
1199.9612045288086,718.9327812194824,-0.030473731458187103,1173.7442779541016,825.304491519928,-0.15913747251033783,1206.9647598266602,954.8014998435974,-0.10134183615446091,1198.2521438598633,969.672954082489,-0.10053911805152893,1195.839614868164,1009.8437118530273,-0.1946125477552414
1187.655143737793,711.732337474823,-0.05177721753716469,1072.2267150878906,791.4634037017822,-0.11584373563528061,1126.8879318237305,948.6408734321594,-0.07339239865541458,1144.1213607788086,965.4895448684692,-0.07258221507072449,1072.811050415039,978.3862924575806,-0.14572548866271973
1198.1605911254883,712.6690936088562,-0.03176431730389595,1160.0181198120117,840.3979682922363,-0.11710623651742935,1203.984375,955.3463530540466,-0.05957603082060814,1193.7059783935547,972.8833651542664,-0.05907709524035454,1187.5839614868164,1013.0615901947021,-0.15014968812465668
1192.404556274414,718.2642030715942,-0.03566621243953705,1146.444969177246,831.4558482170105,-0.13768945634365082,1178.5540008544922,961.3320779800415,-0.09645985066890717,1186.681137084961,970.6673884391785,-0.09697239100933075,1183.443489074707,1006.9195675849915,-0.18027430772781372
1197.982177734375,715.0259828567505,-0.04414771869778633,1092.4494552612305,801.0601329803467,-0.11661745607852936,1151.2797546386719,962.773711681366,-0.07439691573381424,1185.586280822754,964.7061252593994,-0.07452221214771271,1128.5972213745117,1005.7027244567871,-0.15830129384994507
1198.6219024658203,718.7522149085999,-0.044878482818603516,1088.4316635131836,790.725302696228,-0.15350249409675598,1150.3678894042969,954.1456031799316,-0.10984162241220474,1177.9638290405273,964.9483609199524,-0.10880137979984283,1126.4213562011719,1000.6434559822083,-0.18935458362102509
1196.0292434692383,716.9349002838135,-0.03709046170115471,1146.811180114746,825.61283826828,-0.12476513534784317,1170.3063583374023,956.0399723052979,-0.06822658330202103,1189.3125915527344,962.7706217765808,-0.06680431962013245,1179.379005432129,1005.0313138961792,-0.1489976942539215
1194.338035583496,715.7062125205994,-0.043856266885995865,1078.611831665039,790.4192090034485,-0.16659553349018097,1147.9590225219727,951.6559767723083,-0.1266736537218094,1177.5049209594727,962.2546720504761,-0.12591397762298584,1123.8813400268555,999.3180799484253,-0.20719970762729645
1201.380729675293,714.2181015014648,-0.034443940967321396,1167.4967193603516,805.6089234352112,-0.19974806904792786,1203.061637878418,964.4770860671997,-0.15344983339309692,1198.3162307739258,976.7387294769287,-0.15331682562828064,1190.222511291504,1019.2404985427856,-0.25370895862579346
1205.841178894043,714.7523331642151,-0.03956512361764908,1166.4472961425781,812.6399374008179,-0.19263768196105957,1205.7283401489258,962.5677180290222,-0.1233903095126152,1203.9666366577148,975.082540512085,-0.12052640318870544,1197.8645324707031,1026.0464000701904,-0.21416600048542023
1198.304672241211,718.0638742446899,-0.03755282238125801,1109.77294921875,791.1414742469788,-0.2010977864265442,1157.094383239746,952.3647880554199,-0.09072890877723694,1183.4932708740234,964.7589755058289,-0.08384546637535095,1130.661277770996,987.9833436012268,-0.17594698071479797
1205.1950454711914,717.1522879600525,-0.03208722919225693,1160.6635665893555,794.4891929626465,-0.2315392792224884,1206.962013244629,967.034432888031,-0.1720588058233261,1207.11181640625,980.292763710022,-0.1706400364637375,1192.068214416504,1025.037739276886,-0.27173805236816406
1201.4881896972656,714.4692206382751,-0.032961390912532806,1155.1091766357422,803.0112147331238,-0.21645408868789673,1178.8739776611328,966.1456346511841,-0.1532590687274933,1206.8759536743164,975.2941346168518,-0.15147098898887634,1183.857536315918,1018.7692880630493,-0.24869786202907562
1202.4950408935547,717.5722575187683,-0.03288329392671585,1146.8724060058594,795.1631784439087,-0.23450757563114166,1178.4542083740234,966.3856816291809,-0.197856143116951,1201.1843490600586,980.1626658439636,-0.19819261133670807,1176.0698318481445,1018.4154939651489,-0.2948753535747528
1201.2896347045898,718.3596682548523,-0.03216053918004036,1116.291389465332,789.8194456100464,-0.22651951014995575,1199.3316650390625,959.4375801086426,-0.14457467198371887,1202.3939895629883,969.9658513069153,-0.1400386244058609,1193.309211730957,1022.9424619674683,-0.23968444764614105
1197.8678512573242,710.9716415405273,-0.04189526289701462,1110.8946990966797,790.8291363716125,-0.21392032504081726,1172.6324844360352,958.0500197410583,-0.14810582995414734,1202.3097610473633,975.2163076400757,-0.14506369829177856,1142.5469970703125,1007.7846765518188,-0.2386358231306076
1196.5239715576172,710.2699756622314,-0.03754230588674545,1149.8521041870117,807.5847244262695,-0.18473945558071136,1202.1742630004883,960.3906869888306,-0.13595925271511078,1203.2169342041016,974.500093460083,-0.13508419692516327,1195.4050827026367,1023.1626176834106,-0.22717520594596863
1195.107650756836,715.989260673523,-0.042348284274339676,1141.20849609375,795.26282787323,-0.2187005579471588,1182.7268600463867,948.5725736618042,-0.16068850457668304,1202.548942565918,966.7151427268982,-0.1584397405385971,1183.179702758789,1014.2916297912598,-0.25192734599113464
1200.1035690307617,717.859296798706,-0.031625550240278244,1166.9541549682617,806.0733103752136,-0.19764284789562225,1205.0263595581055,954.2165422439575,-0.13317988812923431,1210.7652282714844,966.9871187210083,-0.13092634081840515,1195.0212478637695,1013.2494306564331,-0.2268102765083313
1195.9145736694336,717.2912049293518,-0.03235175460577011,1170.1449966430664,805.9322047233582,-0.19215711951255798,1204.643325805664,957.4823784828186,-0.1565552055835724,1199.241600036621,979.7820281982422,-0.15753403306007385,1191.251449584961,1013.5657596588135,-0.253777414560318
1187.3012924194336,711.0233974456787,-0.041617486625909805,1083.6442565917969,791.8607783317566,-0.16494546830654144,1126.1983108520508,947.4399304389954,-0.1370866894721985,1139.0790939331055,967.6083183288574,-0.13750341534614563,1075.4801559448242,977.6314544677734,-0.21644173562526703
1200.0999069213867,717.5740599632263,-0.02883877418935299,1163.8043975830078,835.1764154434204,-0.14771346747875214,1204.035987854004,952.04350233078,-0.09569314867258072,1193.0106353759766,968.7009859085083,-0.09525831043720245,1186.8470764160156,1010.3641033172607,-0.18856030702590942
1191.1130905151367,710.3690457344055,-0.04586966708302498,1078.919792175293,794.5922541618347,-0.1029399111866951,1130.7221603393555,960.316207408905,-0.051347654312849045,1146.2725067138672,976.8050336837769,-0.050737179815769196,1072.968635559082,984.9728107452393,-0.13408353924751282
1189.244270324707,721.22722864151,-0.04117310419678688,1070.4034423828125,792.8113746643066,-0.14317229390144348,1082.599868774414,941.266622543335,-0.1125984638929367,1115.8864974975586,968.2273936271667,-0.11377134174108505,1044.6134948730469,994.8081064224243,-0.19102194905281067
1206.9125747680664,717.7320313453674,-0.029782166704535484,1184.8266220092773,835.706205368042,-0.1345248520374298,1207.023696899414,959.60533618927,-0.09178327023983002,1200.659523010254,975.6245613098145,-0.09266984462738037,1192.972183227539,1016.1799478530884,-0.18927060067653656
1205.474510192871,714.9260759353638,-0.0386449359357357,1156.7954635620117,812.0027089118958,-0.1728866994380951,1201.9675827026367,964.30424451828,-0.15107932686805725,1194.463005065918,978.7305593490601,-0.15276317298412323,1171.9343948364258,1010.6493401527405,-0.24297894537448883
1203.4260177612305,716.6647911071777,-0.031119132414460182,1180.5994033813477,824.5330452919006,-0.1582985669374466,1202.7927017211914,968.7060713768005,-0.09853865206241608,1193.880615234375,982.3415637016296,-0.09747925400733948,1196.8352508544922,1023.3911418914795,-0.19342227280139923
1197.0315170288086,714.8140025138855,-0.034861139953136444,1164.2023086547852,821.9429326057434,-0.15179386734962463,1202.138900756836,961.4256119728088,-0.09028444439172745,1200.2264785766602,976.3307332992554,-0.08837428689002991,1197.004508972168,1015.3183794021606,-0.17598532140254974
1201.1662673950195,714.1591358184814,-0.024938911199569702,1187.7271270751953,822.4481964111328,-0.15936414897441864,1202.6053619384766,959.6023750305176,-0.08476421236991882,1201.2178802490234,971.2247943878174,-0.0821223184466362,1200.2736282348633,1021.0038042068481,-0.17482799291610718
1197.011833190918,717.185697555542,-0.038664452731609344,1159.9285125732422,825.6727695465088,-0.144280806183815,1201.0865020751953,959.9956297874451,-0.07032104581594467,1202.0361328125,972.0661497116089,-0.06738076359033585,1191.2428665161133,1004.3998146057129,-0.15615960955619812
1204.4589614868164,715.299117565155,-0.03090522810816765,1175.1648330688477,819.1911792755127,-0.19727186858654022,1206.6090774536133,964.4416809082031,-0.11001894623041153,1207.4686431884766,976.1969017982483,-0.10621386021375656,1197.0984649658203,1026.57799243927,-0.20481857657432556
1201.6716384887695,720.5813097953796,-0.03426841273903847,1156.2995910644531,818.3983612060547,-0.20959411561489105,1208.6375427246094,968.9617609977722,-0.11701439321041107,1210.7786178588867,982.6718616485596,-0.11257798224687576,1192.1479797363281,1023.36745262146,-0.21406373381614685
1201.831169128418,719.4953370094299,-0.03543071821331978,1122.5584030151367,781.3224005699158,-0.2650405168533325,1170.7975387573242,956.3723945617676,-0.17369748651981354,1206.7076110839844,972.0746469497681,-0.1686442643404007,1176.6316223144531,1014.3114566802979,-0.26942306756973267
1202.2651290893555,720.22873878479,-0.03353697806596756,1101.4459991455078,778.3422517776489,-0.2723330855369568,1168.747787475586,948.8529825210571,-0.17861148715019226,1203.4619522094727,961.4729261398315,-0.173661008477211,1165.5483627319336,986.7403650283813,-0.28015244007110596
1204.3163681030273,723.4376049041748,-0.03363405540585518,1151.7905044555664,791.7548847198486,-0.266724556684494,1206.7553329467773,959.8987483978271,-0.1897524744272232,1209.0521621704102,975.3520059585571,-0.1861150562763214,1191.5178680419922,1020.3254413604736,-0.2870047986507416
1205.914649963379,720.5787992477417,-0.038165394216775894,1099.258804321289,773.6994123458862,-0.2745746970176697,1153.535041809082,945.341112613678,-0.19130417704582214,1170.29296875,975.8969235420227,-0.18608897924423218,1119.0537643432617,985.1428842544556,-0.27601128816604614
1209.960823059082,722.1990036964417,-0.03180166706442833,1152.6215744018555,819.8483633995056,-0.23843266069889069,1199.4988632202148,965.9432458877563,-0.1396680623292923,1201.5224075317383,979.3627023696899,-0.13578841090202332,1190.2721786499023,1016.4526319503784,-0.2514647841453552
1205.093650817871,717.5146436691284,-0.02927533909678459,1167.8367233276367,826.1638069152832,-0.1485198587179184,1208.1283950805664,961.886522769928,-0.031551748514175415,1204.4938659667969,972.116425037384,-0.025589529424905777,1199.9937057495117,1025.9425020217896,-0.14474359154701233
1197.4687957763672,720.7341957092285,-0.03356315940618515,1142.2782897949219,832.069194316864,-0.11668499559164047,1161.0504913330078,951.8785786628723,0.03667454421520233,1186.4627838134766,967.8794574737549,0.046900682151317596,1174.753532409668,997.1257281303406,-0.06423769146203995
1205.8092498779297,718.9843440055847,-0.02563539333641529,1174.109001159668,829.7450065612793,-0.18992091715335846,1201.5700149536133,961.7978167533875,-0.07962007820606232,1200.7991409301758,973.4787511825562,-0.07470223307609558,1198.5078048706055,1025.4096865653992,-0.18706002831459045
1208.1916809082031,723.3165192604065,-0.021275699138641357,1177.5444030761719,821.6807413101196,-0.21738213300704956,1201.6608810424805,965.8901381492615,-0.1263657659292221,1201.622085571289,975.8720111846924,-0.12233960628509521,1193.1011581420898,1028.475193977356,-0.22810474038124084
1205.3002166748047,721.5072512626648,-0.030289392918348312,1166.905174255371,838.8296484947205,-0.16615276038646698,1203.8059616088867,967.869029045105,-0.03806436061859131,1205.1002883911133,983.1736493110657,-0.030888039618730545,1197.2410583496094,1025.3628873825073,-0.1372625082731247
1208.5057067871094,728.3555102348328,-0.030814509838819504,1163.3082962036133,851.0836315155029,-0.10342328995466232,1201.4348602294922,963.5904765129089,0.0698089525103569,1201.764907836914,971.3960909843445,0.08261086791753769,1196.2187576293945,1024.4377183914185,-0.00645409245043993
