RIGHT_ARM_1_x,RIGHT_ARM_1_y,RIGHT_ARM_1_z,RIGHT_ARM_2_x,RIGHT_ARM_2_y,RIGHT_ARM_2_z,RIGHT_ARM_3_x,RIGHT_ARM_3_y,RIGHT_ARM_3_z,RIGHT_ARM_4_x,RIGHT_ARM_4_y,RIGHT_ARM_4_z,RIGHT_ARM_5_x,RIGHT_ARM_5_y,RIGHT_ARM_5_z,RIGHT_ARM_6_x,RIGHT_ARM_6_y,RIGHT_ARM_6_z
1112.8971862792969,518.9671790599823,-0.028601907193660736,1029.9001693725586,550.0250673294067,-0.1276276707649231,1022.4767303466797,462.7058708667755,-0.27781838178634644,1014.2707443237305,445.6922113895416,-0.3081499934196472,1025.346336364746,440.7827389240265,-0.2975651025772095,1029.7364044189453,447.7432644367218,-0.2795023024082184
1114.4407653808594,513.4530508518219,-0.006521354895085096,1025.1591110229492,508.7686586380005,-0.05928540974855423,1026.273193359375,416.81724429130554,-0.16166847944259644,1024.2642974853516,397.6102352142334,-0.18677420914173126,1037.3778533935547,394.2845320701599,-0.17692086100578308,1040.2712631225586,400.11186718940735,-0.1632465273141861
1118.0084609985352,513.4140086174011,0.02302827127277851,1032.7372741699219,486.57580375671387,0.02463397942483425,1034.0177536010742,399.03928399086,-0.011626096442341805,1029.8382568359375,382.92842388153076,-0.026173103600740433,1042.196388244629,380.491840839386,-0.01778874732553959,1044.8723602294922,386.688677072525,-0.012286844663321972
1118.4123229980469,510.6338667869568,0.00599330011755228,1033.9466857910156,473.3421277999878,-0.027325140312314034,1044.8759078979492,380.1287770271301,-0.08487985283136368,1039.6588897705078,364.3257808685303,-0.1079498678445816,1055.2797317504883,361.24372959136963,-0.09549815207719803,1057.7800369262695,367.0158326625824,-0.08570439368486404
1120.0221633911133,506.32988691329956,0.0236198827624321,1035.4050064086914,466.7592465877533,-0.021405139937996864,1047.7494049072266,372.7374994754791,-0.08284063637256622,1047.2079849243164,351.79048776626587,-0.10749372839927673,1060.8057403564453,350.60763359069824,-0.09322057664394379,1062.8094863891602,356.84592604637146,-0.08316165953874588
1119.4950485229492,506.9189643859863,0.03209545835852623,1044.2626190185547,458.7899315357208,-0.0005366423865780234,1054.0785598754883,358.22634100914,-0.04001542553305626,1054.2401504516602,337.05077290534973,-0.06402098387479782,1066.9429779052734,335.09392976760864,-0.05012756213545799,1068.2426834106445,342.5882363319397,-0.04009797051548958
1127.0928955078125,506.7042803764343,-0.010859054513275623,1066.9028091430664,435.77924966812134,-0.03914588689804077,1069.2386627197266,331.4674115180969,-0.09748256951570511,1066.4379501342773,309.00721549987793,-0.12488163262605667,1079.0839004516602,305.5860149860382,-0.11909414827823639,1082.0567321777344,311.8354117870331,-0.10112784057855606
1127.252082824707,503.77254009246826,-0.00011500379332574084,1071.3563919067383,424.6946668624878,-0.032475586980581284,1078.729591369629,323.7039291858673,-0.07998089492321014,1072.5161361694336,305.5529272556305,-0.10691211372613907,1086.9976043701172,302.78971552848816,-0.10007298737764359,1090.5696487426758,309.46484327316284,-0.08320193737745285
1126.7682266235352,503.21635723114014,-0.025194643065333366,1077.8601837158203,424.80677247047424,-0.07446447759866714,1084.1607284545898,314.19728994369507,-0.12774844467639923,1077.8227615356445,296.57170057296753,-0.15860311686992645,1092.733039855957,295.1620280742645,-0.15093904733657837,1096.5846633911133,301.0623300075531,-0.13079029321670532
1128.054542541504,503.32984685897827,-0.028831718489527702,1080.9092330932617,424.4803047180176,-0.04973994940519333,1087.6851654052734,324.55413579940796,-0.08817770332098007,1086.6040420532227,305.40136098861694,-0.11399461328983307,1094.9798583984375,304.2424535751343,-0.11052579432725906,1096.1970520019531,309.7911822795868,-0.09234562516212463
1125.7277297973633,502.7253198623657,-0.03000996820628643,1074.4413757324219,420.1648020744324,-0.058409057557582855,1086.1639022827148,317.44320273399353,-0.11012814939022064,1082.2160339355469,297.67138481140137,-0.13730141520500183,1097.7051544189453,296.89008951187134,-0.13422493636608124,1100.547981262207,304.10353660583496,-0.11466773599386215
1124.043960571289,510.0508403778076,-0.02631491608917713,1058.2301330566406,431.24391317367554,-0.05250229686498642,1062.3793029785156,329.00482177734375,-0.09804631769657135,1062.3093795776367,307.4278235435486,-0.12406492978334427,1079.0602111816406,304.01524901390076,-0.11673412472009659,1081.7305755615234,310.425900220871,-0.10068906098604202
1123.6388397216797,516.1970794200897,0.00417668279260397,1042.1672058105469,450.1836133003235,-0.010735410265624523,1034.336814880371,353.35742354393005,-0.07072276622056961,1030.7783889770508,332.2838544845581,-0.0975823923945427,1043.0660247802734,326.74288272857666,-0.09163457900285721,1046.4813995361328,335.07773995399475,-0.07490343600511551
1116.9082260131836,510.7812809944153,0.02435452863574028,1026.5461349487305,473.23169589042664,0.027165675535798073,1029.327049255371,378.4693372249603,-0.026033839210867882,1025.4579162597656,357.8373348712921,-0.046102505177259445,1037.911262512207,355.7131862640381,-0.03998358175158501,1040.2785873413086,364.1457939147949,-0.02881775051355362
1116.2794876098633,516.9270050525665,-0.03774046525359154,1028.7494659423828,510.72418212890625,-0.06421654671430588,1023.7099456787109,413.2716751098633,-0.13484618067741394,1022.0591354370117,392.74450421333313,-0.15631785988807678,1032.1746826171875,390.8659064769745,-0.15047822892665863,1033.8705825805664,398.0698585510254,-0.13702140748500824
1118.0408477783203,519.8238551616669,-0.03973079472780228,1024.947280883789,529.5827078819275,-0.0740276500582695,1023.9876937866211,438.38661432266235,-0.1578734666109085,1016.3960266113281,417.29646921157837,-0.17913350462913513,1027.7558898925781,413.22925329208374,-0.1747732013463974,1033.0716705322266,420.5173087120056,-0.16018742322921753
1116.17431640625,520.990777015686,-0.023106789216399193,1023.369255065918,541.5311121940613,-0.07467757165431976,1021.230354309082,453.9850330352783,-0.17208684980869293,1014.5681762695312,433.54753375053406,-0.1946737915277481,1026.5453338623047,428.4416592121124,-0.1863763928413391,1030.6158828735352,435.53765773773193,-0.1730695217847824
1114.9652481079102,517.6999962329865,-0.02116764895617962,1023.0998611450195,539.2753851413727,-0.08093269914388657,1018.5447692871094,451.6399884223938,-0.1990247219800949,1010.4254150390625,431.5582466125488,-0.2241065800189972,1023.021125793457,425.64191579818726,-0.21787436306476593,1027.8752517700195,432.8505349159241,-0.20131915807724
1116.4398193359375,517.72008061409,-0.010556099936366081,1029.5013427734375,518.2705020904541,-0.07851790636777878,1018.2426452636719,431.87663555145264,-0.19489893317222595,1009.3279266357422,411.37402296066284,-0.2198948711156845,1021.7684555053711,406.6633343696594,-0.2136269211769104,1025.237159729004,413.9200723171234,-0.19787928462028503
1117.9957580566406,514.0648198127747,-0.00586211122572422,1025.807876586914,500.62814354896545,-0.05344696342945099,1020.3089904785156,407.72024273872375,-0.13827261328697205,1016.9316101074219,388.5407853126526,-0.16154727339744568,1029.0370559692383,386.42542362213135,-0.15369699895381927,1032.0538330078125,392.67208456993103,-0.14048446714878082
1120.5900192260742,514.5806729793549,0.020971572026610374,1035.6914520263672,483.284250497818,-0.034051112830638885,1036.725196838379,388.6248564720154,-0.11212294548749924,1029.0614318847656,372.8750002384186,-0.1368544101715088,1043.2518768310547,369.00415420532227,-0.12416473776102066,1048.0872344970703,374.0455913543701,-0.11286643147468567
1126.1800003051758,508.14932584762573,0.03632967174053192,1046.7344284057617,464.29012298583984,0.03906035050749779,1046.8779373168945,370.2335822582245,0.006567153614014387,1043.0073165893555,352.6446855068207,-0.010740707628428936,1055.3598403930664,347.7998757362366,-0.005541650578379631,1057.4351119995117,353.70259165763855,0.0033827221486717463
1121.4085006713867,503.4196472167969,0.002915254095569253,1048.9170455932617,456.96160912513733,-0.038143448531627655,1052.9206466674805,357.91741490364075,-0.09355036169290543,1049.0195846557617,335.59706926345825,-0.12008597701787949,1060.2732467651367,333.5070061683655,-0.10987149924039841,1064.1462707519531,340.20556569099426,-0.09549291431903839
1129.3440628051758,503.4888803958893,-0.03481728956103325,1086.8584442138672,427.81798124313354,-0.07219083607196808,1090.026741027832,312.984277009964,-0.117729552090168,1082.7805709838867,297.17597007751465,-0.14582224190235138,1097.3380279541016,295.7926905155182,-0.13991981744766235,1101.3183975219727,301.19242787361145,-0.12122593820095062
1126.8871307373047,503.47816228866577,0.005331280641257763,1078.3290481567383,424.34064745903015,-0.020930441096425056,1079.8847579956055,317.7424085140228,-0.0680120512843132,1071.3621139526367,299.6319615840912,-0.09486664086580276,1087.3262786865234,297.5880539417267,-0.08845289796590805,1091.696434020996,303.3727741241455,-0.07168281823396683
1122.7593612670898,511.4212131500244,0.04236229881644249,1029.144630432129,469.42554473876953,0.04016987234354019,1041.8572998046875,374.51133012771606,-0.01024619396775961,1042.2855377197266,351.0776209831238,-0.03129323571920395,1054.5870208740234,349.3683886528015,-0.020485691726207733,1056.144790649414,359.32586431503296,-0.011429510079324245
1121.4344787597656,518.287593126297,0.00982825830578804,1021.0470199584961,507.1474885940552,0.004575276281684637,1024.6366882324219,408.6176347732544,-0.04282042756676674,1024.1884231567383,386.98630571365356,-0.061793625354766846,1038.405990600586,384.44968700408936,-0.05196159705519676,1040.0482177734375,391.4745533466339,-0.043524615466594696
1121.9665145874023,514.3563330173492,0.019759010523557663,1034.1127395629883,492.91046261787415,0.013902556151151657,1039.2419815063477,398.80699396133423,-0.03653794527053833,1037.0549011230469,382.8975570201874,-0.055423542857170105,1049.0211868286133,378.2568418979645,-0.04666263610124588,1050.6853866577148,384.28019285202026,-0.03803643211722374
1130.5472946166992,503.31610321998596,0.04278280586004257,1066.0520553588867,443.7222361564636,0.045915789902210236,1064.2243194580078,331.3168430328369,0.004554857965558767,1061.2784957885742,309.8069214820862,-0.01738152839243412,1073.631362915039,307.10434913635254,-0.011236974038183689,1077.557601928711,313.1047189235687,0.0007972054299898446
1126.6493225097656,507.17703580856323,-0.014340963214635849,1073.3888626098633,433.416051864624,-0.04751419275999069,1069.6674728393555,324.698588848114,-0.10053374618291855,1067.5613021850586,304.3978178501129,-0.12765443325042725,1080.044288635254,299.09650683403015,-0.12247376143932343,1083.8896179199219,305.43538212776184,-0.10473272204399109
1132.503318786621,508.6212122440338,-0.022006584331393242,1090.653305053711,423.1929409503937,-0.057645998895168304,1102.9545593261719,315.628559589386,-0.09828741103410721,1099.1777801513672,295.4063880443573,-0.12487325072288513,1117.811508178711,292.86545634269714,-0.11805029213428497,1121.0164260864258,299.10101294517517,-0.10125462710857391
1129.7356796264648,505.73224782943726,-0.015673987567424774,1081.0822677612305,427.4071204662323,-0.05369126424193382,1082.9050827026367,326.00159525871277,-0.11288294941186905,1081.040153503418,303.7223517894745,-0.14258162677288055,1093.777198791504,299.4688081741333,-0.1376059204339981,1096.3747787475586,308.0945026874542,-0.11705125868320465
1125.9760665893555,513.7308204174042,-0.020841998979449272,1058.8092041015625,429.5725643634796,-0.046635933220386505,1069.6299362182617,329.7534155845642,-0.09613529592752457,1069.1257095336914,307.94026494026184,-0.12253138422966003,1083.8755416870117,304.26485538482666,-0.11414401233196259,1086.5740585327148,310.72211265563965,-0.09875691682100296
1120.3549575805664,508.6455774307251,0.02736443281173706,1036.9286727905273,450.2165722846985,0.004235195927321911,1053.1468963623047,350.7814407348633,-0.04087948426604271,1052.2175216674805,326.5949857234955,-0.06512754410505295,1066.1859512329102,324.37727093696594,-0.05212371051311493,1069.786033630371,332.8279674053192,-0.04122427478432655
1120.9334564208984,512.4972081184387,0.007541961502283812,1028.7723541259766,460.5103325843811,-0.011844963766634464,1043.309555053711,364.11718010902405,-0.060502804815769196,1040.163230895996,342.90926456451416,-0.08292525261640549,1054.299430847168,341.50834679603577,-0.07240494340658188,1056.7695236206055,349.10616517066956,-0.06195173040032387
1116.7477798461914,517.7351117134094,-0.013062219135463238,1019.8072814941406,494.78835225105286,-0.05178096145391464,1025.0689315795898,400.59083461761475,-0.12215955555438995,1024.3629455566406,381.52889013290405,-0.1464686542749405,1036.2947845458984,379.1591262817383,-0.13526007533073425,1038.0403518676758,386.2065875530243,-0.12295497953891754
1116.3014602661133,518.0286848545074,-0.01789502613246441,1021.2218856811523,516.7905986309052,-0.09687848389148712,1020.2659606933594,428.59811782836914,-0.21994543075561523,1012.9546737670898,406.5531599521637,-0.2481500804424286,1025.874252319336,402.6432716846466,-0.23888935148715973,1029.0300750732422,409.96480107307434,-0.22216664254665375
1118.4463119506836,511.2443161010742,0.0010906547540798783,1029.7088241577148,486.0957741737366,-0.05726275593042374,1031.6155242919922,386.9183921813965,-0.13941971957683563,1027.1601104736328,370.9722626209259,-0.1645287722349167,1039.8218536376953,367.9495632648468,-0.15076199173927307,1043.7114715576172,372.92814016342163,-0.14010143280029297
1122.3914337158203,509.028822183609,0.030072765424847603,1040.3887939453125,468.8150954246521,0.013167866505682468,1041.987533569336,373.4511387348175,-0.02805107645690441,1037.307472229004,359.40784335136414,-0.04737963527441025,1050.556983947754,354.55817341804504,-0.04080401360988617,1053.4287643432617,358.80087018013,-0.030818620696663857
1122.6536178588867,511.7456531524658,-0.00478057237342,1044.7443008422852,462.92657375335693,-0.03801249712705612,1047.3347854614258,362.9431128501892,-0.09357350319623947,1043.9496231079102,345.54102659225464,-0.11936863511800766,1057.2160720825195,341.92368149757385,-0.10845968127250671,1059.7174072265625,347.0514106750488,-0.0955137088894844
1127.3078155517578,508.4629189968109,-0.026868797838687897,1080.9040832519531,427.4844002723694,-0.0581069216132164,1083.8031005859375,321.57015681266785,-0.10846798866987228,1077.7980422973633,302.2693884372711,-0.1355539709329605,1092.593650817871,298.11774730682373,-0.13191476464271545,1096.9488143920898,303.1009912490845,-0.11307159811258316
1129.120216369629,505.0970149040222,-0.025456229224801064,1088.3397674560547,421.3560891151428,-0.05608068034052849,1101.8388748168945,325.78485131263733,-0.09746279567480087,1102.8691864013672,310.0503158569336,-0.12387613952159882,1112.4008560180664,309.4212305545807,-0.11885480582714081,1112.461166381836,314.03478026390076,-0.10088054090738297
1125.2871322631836,501.40129566192627,-0.01915939524769783,1086.5508270263672,418.71219277381897,-0.05766673758625984,1098.3823013305664,318.72992277145386,-0.09796173125505447,1094.6027755737305,299.4863820075989,-0.12544965744018555,1107.9481887817383,298.6448335647583,-0.11789437383413315,1110.2324295043945,304.2813992500305,-0.10039697587490082
1120.389518737793,507.31035232543945,-0.008021469227969646,1057.3838424682617,423.15444588661194,-0.03655640035867691,1074.924087524414,330.355464220047,-0.0752810686826706,1076.0109329223633,306.09440088272095,-0.10236995667219162,1091.3399505615234,306.0506272315979,-0.09159116446971893,1093.0236053466797,314.64152812957764,-0.07665275782346725
1119.6799850463867,513.8939738273621,0.021983709186315536,1039.7703552246094,447.86460757255554,0.007625669706612825,1051.07666015625,352.51169085502625,-0.04430767521262169,1050.1960372924805,332.02694177627563,-0.06918232142925262,1062.5139999389648,329.4880700111389,-0.06106658652424812,1064.40673828125,337.7960193157196,-0.04732905328273773
1119.3358612060547,513.7300479412079,0.010351298376917839,1028.8609313964844,465.30567169189453,-0.020728040486574173,1051.7224502563477,372.08102345466614,-0.06134967878460884,1051.2575912475586,350.40939688682556,-0.08529390394687653,1064.5488739013672,348.2771372795105,-0.0693233460187912,1066.5177154541016,356.0352122783661,-0.060370370745658875
1118.0406188964844,514.083616733551,0.020670954138040543,1026.708984375,477.36396074295044,0.01165615115314722,1037.6667022705078,387.70309925079346,-0.025954918935894966,1036.3030242919922,368.2324182987213,-0.04591478407382965,1049.1875839233398,364.9637174606323,-0.03379825875163078,1051.1320495605469,372.4292492866516,-0.026087753474712372
1117.2113800048828,514.9392628669739,0.009145381860435009,1024.7869491577148,484.69624042510986,-0.004382915794849396,1040.6230545043945,397.03895688056946,-0.04808638244867325,1039.504737854004,377.5359606742859,-0.06879795342683792,1052.3828887939453,375.850031375885,-0.056804053485393524,1054.0727233886719,383.65564584732056,-0.04813925176858902
1118.0305480957031,516.5422475337982,-0.05170830711722374,1024.7114181518555,504.43780303001404,-0.11293680965900421,1031.5507507324219,412.7417242527008,-0.20645157992839813,1030.5515670776367,393.87885332107544,-0.23338864743709564,1043.6732482910156,390.3339922428131,-0.22090084850788116,1045.4276275634766,397.31865763664246,-0.2069443166255951
1110.9526062011719,523.4661769866943,-0.03464183956384659,1025.863380432129,562.1461200714111,-0.13338427245616913,1027.990837097168,471.3992214202881,-0.28478288650512695,1025.25146484375,453.067524433136,-0.3152795732021332,1036.9231796264648,447.44747042655945,-0.30392417311668396,1039.3498992919922,454.47742223739624,-0.28571590781211853
1109.8284530639648,522.5801467895508,-0.018914401531219482,1025.5714416503906,549.796736240387,-0.12998317182064056,1024.1059112548828,461.9629096984863,-0.28298234939575195,1019.2306137084961,443.5685455799103,-0.3145714998245239,1031.8217468261719,438.1582188606262,-0.30267754197120667,1034.212989807129,445.676246881485,-0.2839975953102112
1119.2597579956055,513.1351447105408,0.022028733044862747,1026.4265441894531,501.2753176689148,0.002927495399489999,1024.460105895996,402.10572481155396,-0.05475103482604027,1021.9639205932617,381.86803936958313,-0.07372257113456726,1034.3468856811523,379.04032588005066,-0.06585057079792023,1036.2864303588867,386.9578528404236,-0.056230079382658005
1121.4170837402344,514.7982215881348,0.010568037629127502,1033.557014465332,489.16157126426697,-0.01792299933731556,1036.9124221801758,392.2587776184082,-0.06568703055381775,1028.950538635254,375.35526037216187,-0.08514720946550369,1043.573226928711,372.92385935783386,-0.07444725185632706,1046.6870498657227,378.50693106651306,-0.06633899360895157
1120.2382278442383,508.7739372253418,0.02580786682665348,1040.9938430786133,473.46800923347473,-0.029820801690220833,1044.1856002807617,375.6386625766754,-0.11641376465559006,1035.9799575805664,362.44670033454895,-0.14067696034908295,1050.0861740112305,356.98168873786926,-0.13014653325080872,1053.0290222167969,361.82051181793213,-0.11875860393047333
1121.0417175292969,508.5733187198639,0.015089074149727821,1041.8348693847656,466.1339592933655,0.010424661450088024,1049.065933227539,367.4499320983887,-0.019861672073602676,1043.5790634155273,350.4624080657959,-0.0377117395401001,1057.408103942871,346.481773853302,-0.027773428708314896,1059.4761657714844,352.85122632980347,-0.021293500438332558
1120.657081604004,507.01420426368713,0.030226580798625946,1044.8533630371094,459.7576832771301,0.020164091140031815,1050.4999923706055,368.3498990535736,-0.009933351539075375,1047.3185348510742,347.6857101917267,-0.03033624030649662,1060.2616882324219,344.32424783706665,-0.018953366205096245,1062.411117553711,351.3655936717987,-0.011161739937961102
1126.3087463378906,507.46652126312256,0.04225217550992966,1050.1747512817383,455.61283349990845,0.032797787338495255,1052.256088256836,356.9989085197449,-0.013724926859140396,1049.9737930297852,336.1864686012268,-0.036958012729883194,1060.8805847167969,332.4971866607666,-0.027126498520374298,1062.9364013671875,339.2081379890442,-0.016291813924908638
1127.0686340332031,506.484317779541,0.03505124896764755,1055.9089279174805,451.8236446380615,0.0298339631408453,1058.7262344360352,348.48995447158813,-0.011657234281301498,1058.9342880249023,325.9288215637207,-0.03312273323535919,1071.6487884521484,323.25724482536316,-0.025133643299341202,1072.305679321289,330.4441702365875,-0.014597105793654919
1129.581642150879,504.0397524833679,0.011921850964426994,1072.6182174682617,437.07729935646057,-0.004697016440331936,1073.8856506347656,327.2748935222626,-0.05419868603348732,1068.262825012207,306.4142060279846,-0.07980409264564514,1084.7962188720703,303.92544865608215,-0.07449909299612045,1089.4437789916992,309.4144070148468,-0.058244943618774414
1128.6122131347656,501.493284702301,-0.0023509494494646788,1087.5559616088867,425.7174575328827,-0.02711152471601963,1088.481559753418,315.33543705940247,-0.06891100853681564,1081.8029022216797,298.519788980484,-0.09444459527730942,1097.559700012207,297.1142041683197,-0.08804628998041153,1100.7144927978516,302.7289152145386,-0.07225506752729416
1126.124153137207,503.58933448791504,-0.004934299271553755,1072.5318145751953,417.785929441452,-0.030940622091293335,1082.6206970214844,320.1147794723511,-0.07348599284887314,1074.5331573486328,300.7247257232666,-0.10003109276294708,1090.4835891723633,299.34398889541626,-0.09391716122627258,1094.9519348144531,306.4021039009094,-0.07686874270439148
1113.9788818359375,518.4496521949768,0.006050667259842157,1011.569709777832,514.8781728744507,-0.03342669457197189,1028.104248046875,418.4425985813141,-0.11541975289583206,1032.388801574707,395.4625904560089,-0.13999764621257782,1043.2265853881836,393.7502360343933,-0.1274249255657196,1042.9658889770508,402.6586890220642,-0.11518549919128418
1111.8540573120117,518.3257985115051,-0.029244156554341316,1014.1133880615234,524.1995787620544,-0.10414040833711624,1028.1714248657227,431.15472435951233,-0.2148318588733673,1028.0702590942383,411.1057162284851,-0.24373336136341095,1040.7213592529297,409.61042761802673,-0.22923393547534943,1042.4977111816406,415.8051073551178,-0.2143651843070984
1106.378517150879,521.4989697933197,-0.03729056939482689,1011.6486740112305,550.180914402008,-0.14123724400997162,1024.537353515625,460.04578471183777,-0.2895289361476898,1020.7500457763672,438.611501455307,-0.320736825466156,1034.2811965942383,435.9894597530365,-0.30684900283813477,1037.8534698486328,444.2999517917633,-0.289352148771286
1107.195167541504,520.7014846801758,-0.05566200241446495,1019.71435546875,561.2208223342896,-0.16171932220458984,1021.0288238525391,471.384801864624,-0.32792922854423523,1015.7905197143555,449.6362495422363,-0.3598257601261139,1027.8465270996094,444.45605635643005,-0.3507436513900757,1031.9781875610352,451.2199866771698,-0.32994335889816284
1108.3018112182617,522.9219996929169,-0.0399046391248703,1017.8311157226562,555.9197688102722,-0.14627304673194885,1021.3054275512695,469.4444704055786,-0.3052245080471039,1016.8059539794922,448.5082411766052,-0.33422359824180603,1028.5268783569336,443.99224877357483,-0.32441696524620056,1031.8161392211914,451.921169757843,-0.30657240748405457
1110.574722290039,518.4625911712646,-0.019081365317106247,1022.907829284668,538.1759583950043,-0.10430694371461868,1022.5279998779297,450.22964000701904,-0.24278846383094788,1014.2752075195312,430.4892683029175,-0.2708462178707123,1027.2645950317383,425.9315299987793,-0.26315370202064514,1032.337646484375,434.01005387306213,-0.2452688068151474
1112.142333984375,514.9399387836456,-0.020894097164273262,1018.5692596435547,525.147567987442,-0.10817888379096985,1023.8263320922852,436.5645682811737,-0.2501661479473114,1016.5410232543945,417.57665276527405,-0.2785953879356384,1030.3797912597656,413.1771433353424,-0.27131861448287964,1034.2726135253906,420.46178698539734,-0.2528928220272064
1116.8833923339844,513.7173342704773,0.007006735075265169,1037.1430206298828,490.94457507133484,-0.08199106901884079,1027.8785705566406,401.8306267261505,-0.21583430469036102,1018.3244705200195,385.8842074871063,-0.24176548421382904,1028.3694076538086,383.2583999633789,-0.2356857806444168,1034.241943359375,389.0073609352112,-0.22009195387363434
1117.6251983642578,509.8258566856384,0.019053705036640167,1036.4879608154297,477.7706050872803,-0.03898956999182701,1042.7695083618164,383.35962653160095,-0.12586332857608795,1041.6339111328125,365.33830404281616,-0.15044951438903809,1054.6820068359375,361.61200761795044,-0.13920314610004425,1055.5705261230469,367.89494276046753,-0.12785185873508453
1117.682876586914,508.9436888694763,0.014765801839530468,1034.6673202514648,469.67087030410767,-0.02410270646214485,1048.8190841674805,374.4940459728241,-0.07826130837202072,1044.9046325683594,356.9986832141876,-0.10138042271137238,1059.2850494384766,354.0896666049957,-0.08830811083316803,1060.583610534668,359.8469316959381,-0.07902935892343521
1119.9781036376953,505.56622982025146,0.015054864808917046,1043.261489868164,458.26104283332825,-0.009666796773672104,1051.930046081543,364.2785632610321,-0.049950677901506424,1052.3390579223633,343.114196062088,-0.07220311462879181,1063.8625717163086,340.4421043395996,-0.062354397028684616,1064.7871398925781,346.9273316860199,-0.051983531564474106
1121.5058898925781,502.0082366466522,0.012300369329750538,1050.9441375732422,447.5904107093811,-0.0015932751120999455,1061.3323974609375,348.45638394355774,-0.045395877212285995,1063.439826965332,325.23053526878357,-0.0680912584066391,1075.9216690063477,322.8725838661194,-0.05880552902817726,1076.3898468017578,330.1604461669922,-0.047768618911504745
1126.314582824707,505.84670305252075,-0.036949437111616135,1073.001594543457,427.3573923110962,-0.06828499585390091,1076.1347579956055,322.08375692367554,-0.11912346631288528,1071.6682434082031,302.1636235713959,-0.14562250673770905,1087.3694229125977,298.4736979007721,-0.14098887145519257,1092.1409225463867,303.80600452423096,-0.1228240504860878
1128.0118560791016,501.31835103034973,0.03631189838051796,1078.6278533935547,427.78048396110535,0.017619093880057335,1080.0846862792969,319.90646839141846,-0.030351785942912102,1074.6050262451172,300.8904218673706,-0.056350935250520706,1089.5240020751953,299.3523895740509,-0.05096535012125969,1093.2733154296875,305.4776430130005,-0.03447245806455612
1126.9097900390625,498.15078020095825,-0.024452708661556244,1084.7892379760742,420.6435763835907,-0.059981364756822586,1089.5210266113281,312.2735345363617,-0.11096347123384476,1084.1073989868164,294.8562240600586,-0.1400182992219925,1099.1815567016602,291.8877911567688,-0.13380686938762665,1101.9079971313477,298.36368441581726,-0.11451508849859238
1130.2766418457031,503.39280366897583,-0.057082708925008774,1093.326301574707,432.13753938674927,-0.08500678092241287,1078.8055801391602,324.9340331554413,-0.13812288641929626,1073.9799499511719,309.498188495636,-0.16473571956157684,1079.6721267700195,308.1297791004181,-0.16743141412734985,1083.0999755859375,312.81822681427,-0.14492616057395935
1127.9459381103516,499.92998600006104,-0.05762196332216263,1088.9406967163086,419.60137724876404,-0.09065021574497223,1086.4509201049805,318.2729387283325,-0.1373753696680069,1082.186164855957,298.5343050956726,-0.1650342047214508,1094.4700241088867,297.16370701789856,-0.16205650568008423,1096.984634399414,302.6966321468353,-0.14164482057094574
1124.6617126464844,504.40587401390076,-0.04028668254613876,1076.0863494873047,419.85793590545654,-0.0827244371175766,1076.6689682006836,317.49032378196716,-0.1341262012720108,1071.2567138671875,298.06280493736267,-0.16361230611801147,1086.211280822754,295.1310646533966,-0.15705671906471252,1089.3593215942383,302.51564741134644,-0.1372184157371521
1123.3219528198242,507.9245352745056,-0.00023267320648301393,1068.2717514038086,432.6463758945465,-0.0292191281914711,1066.9990539550781,332.9427444934845,-0.08445463329553604,1062.6175689697266,309.8328638076782,-0.11221981793642044,1074.048957824707,305.77691316604614,-0.10680330544710159,1078.1593322753906,314.94330883026123,-0.08838149905204773
1115.331687927246,510.41982650756836,0.037777628749608994,1035.087776184082,452.98699378967285,0.01718522049486637,1048.7029266357422,355.73468685150146,-0.027651619166135788,1046.9672012329102,333.0023217201233,-0.05185761675238609,1058.5530853271484,333.0824017524719,-0.039425842463970184,1062.3551559448242,339.9324631690979,-0.028361527249217033
1114.6021270751953,514.4481289386749,-0.004043338354676962,1023.0455017089844,492.46200799942017,-0.02191160060465336,1031.2704849243164,396.45840883255005,-0.07221651822328568,1029.8313903808594,377.2945296764374,-0.09219251573085785,1043.1345748901367,375.10851860046387,-0.07915516197681427,1044.0888977050781,381.99215054512024,-0.07202398031949997
1116.8621063232422,516.0573577880859,-0.005627290345728397,1025.489501953125,498.5434556007385,-0.039518993347883224,1034.2434310913086,406.89871430397034,-0.10652760416269302,1029.9000549316406,386.7103707790375,-0.12887956202030182,1044.543571472168,383.67589116096497,-0.11647391319274902,1046.0276412963867,390.9236168861389,-0.10724318027496338
1111.6934967041016,518.4135711193085,-0.034011855721473694,1013.4423065185547,521.4888954162598,-0.12582701444625854,1035.209083557129,438.16501021385193,-0.26126012206077576,1032.052116394043,416.7947459220886,-0.292224258184433,1045.7953262329102,416.05584025382996,-0.27796095609664917,1048.8848876953125,424.0999245643616,-0.2611593008041382
1110.7204055786133,523.2147359848022,-0.03745223581790924,1018.6376953125,555.8741927146912,-0.1490146815776825,1031.2342071533203,471.0112452507019,-0.31222933530807495,1028.8909149169922,451.3033175468445,-0.3443036675453186,1041.1471939086914,448.55899930000305,-0.3314317464828491,1043.763198852539,455.5734372138977,-0.3127455413341522
1112.9914855957031,520.250358581543,-0.04224124923348427,1022.4102401733398,557.8078937530518,-0.15278863906860352,1032.9716491699219,471.6711974143982,-0.3214758634567261,1029.4720458984375,452.0967149734497,-0.35407882928848267,1043.2635498046875,448.4869337081909,-0.3435002267360687,1046.521110534668,455.2284622192383,-0.32275840640068054
1111.7494583129883,518.8952744007111,-0.022473573684692383,1019.0375518798828,550.1270341873169,-0.13244374096393585,1031.7133712768555,465.51127910614014,-0.28708627820014954,1029.4087600708008,443.41137886047363,-0.31776168942451477,1041.7389678955078,438.5776734352112,-0.3044177293777466,1044.6153259277344,446.55880093574524,-0.2870899736881256
1118.7028884887695,514.1987800598145,-0.013492352329194546,1025.7003021240234,518.108024597168,-0.06981130689382553,1023.8272476196289,421.14983797073364,-0.17274408042430878,1019.5175170898438,398.79016041755676,-0.19652694463729858,1033.1956100463867,396.6745412349701,-0.18768201768398285,1035.5700302124023,406.06019139289856,-0.1745111048221588
1122.5160598754883,508.3421552181244,0.025354769080877304,1035.106315612793,475.4779601097107,0.0072646415792405605,1046.4472961425781,376.65929675102234,-0.03581147640943527,1042.6262283325195,362.2257721424103,-0.055731553584337234,1056.6938781738281,357.7885401248932,-0.044874709099531174,1058.818359375,362.4598968029022,-0.036745600402355194
1122.1207809448242,507.60427951812744,0.014496756717562675,1042.2609329223633,465.74952363967896,-0.05456620082259178,1047.6609420776367,369.4381248950958,-0.15251964330673218,1046.0856628417969,349.12418961524963,-0.18036311864852905,1054.8307800292969,345.85606813430786,-0.17014579474925995,1057.525291442871,351.7545676231384,-0.15570102632045746
1125.535011291504,502.5168800354004,0.028737561777234077,1063.820686340332,437.3620533943176,0.006462759338319302,1060.1560592651367,334.31527376174927,-0.041806403547525406,1057.1184539794922,314.73963260650635,-0.06780567020177841,1068.526382446289,309.32422041893005,-0.061027321964502335,1071.7533874511719,315.0029182434082,-0.0453338660299778
1123.8300704956055,502.5874972343445,-0.03909271955490112,1077.722282409668,416.00173473358154,-0.08829423040151596,1084.8031997680664,315.77816247940063,-0.13231128454208374,1077.9957962036133,299.34971809387207,-0.16105808317661285,1091.6664505004883,297.1777081489563,-0.1535971313714981,1096.2859725952148,303.3333456516266,-0.1349067986011505
1123.7858963012695,502.3794436454773,-0.05150546506047249,1073.9619827270508,420.86859226226807,-0.09256763756275177,1078.3498764038086,319.88471031188965,-0.14107629656791687,1072.4460983276367,299.35850501060486,-0.1675110012292862,1084.8204803466797,299.05389189720154,-0.16184033453464508,1088.8531494140625,306.2289083003998,-0.14437294006347656
1123.8950729370117,512.1201753616333,-0.01573304645717144,1068.1190872192383,439.98798966407776,-0.034852284938097,1059.8533630371094,337.77825236320496,-0.08878843486309052,1055.8796310424805,314.4081115722656,-0.1152355894446373,1069.017105102539,309.5060098171234,-0.1125396117568016,1073.2823181152344,316.4475131034851,-0.09384723752737045
1115.8789443969727,512.6307499408722,0.02125658467411995,1015.1911926269531,478.38201999664307,0.011077114380896091,1032.198715209961,382.80160903930664,-0.04199109971523285,1032.3383331298828,360.55748105049133,-0.0648920014500618,1044.5204544067383,359.48631405830383,-0.055189236998558044,1047.7781295776367,367.64971375465393,-0.043547581881284714
1115.5277252197266,513.471268415451,-0.01757713221013546,1019.8637008666992,499.13182497024536,-0.07522447407245636,1015.4592132568359,411.9239616394043,-0.1715875267982483,1012.9618835449219,389.66686248779297,-0.1961863785982132,1027.7317428588867,385.1803207397461,-0.18545407056808472,1028.759880065918,392.3587489128113,-0.17328119277954102
1108.9312362670898,518.0880045890808,-0.029994497075676918,1009.779052734375,530.6683909893036,-0.13115671277046204,1021.0631561279297,443.2423996925354,-0.2527870237827301,1017.3076629638672,421.44209146499634,-0.28142261505126953,1031.5121841430664,416.9873821735382,-0.26394253969192505,1034.146614074707,425.0520658493042,-0.25154781341552734
1106.2505722045898,520.7107543945312,-0.02562621608376503,1013.0581283569336,550.471043586731,-0.1309054046869278,1023.8144302368164,462.756210565567,-0.2840670347213745,1021.0006713867188,441.00350618362427,-0.3137318193912506,1032.9943084716797,437.61088728904724,-0.3014213740825653,1036.3114929199219,445.6680715084076,-0.28445759415626526
1107.513198852539,520.1350665092468,-0.03540356457233429,1020.7500457763672,559.6137499809265,-0.14139842987060547,1017.4542617797852,478.43332529067993,-0.3063304126262665,1010.7616424560547,457.13692903518677,-0.3371153473854065,1022.7233505249023,451.37142419815063,-0.32922813296318054,1027.4784851074219,458.3838665485382,-0.30883243680000305
1112.4871444702148,517.166633605957,-0.023116139695048332,1021.3832473754883,542.1458101272583,-0.12666797637939453,1019.8081970214844,454.27242636680603,-0.28114861249923706,1009.9784088134766,435.62366008758545,-0.3094296455383301,1022.5174713134766,431.27774119377136,-0.3008071780204773,1028.0177307128906,438.03298115730286,-0.28297439217567444
1116.8970108032227,512.7891075611115,0.007430587895214558,1025.1910400390625,498.2550001144409,-0.07948765903711319,1027.4396896362305,402.52862334251404,-0.20582343637943268,1022.9581832885742,384.9143958091736,-0.23491665720939636,1036.0553741455078,382.7599596977234,-0.2231450080871582,1038.4149169921875,388.68111848831177,-0.20720089972019196
1120.26123046875,510.0496816635132,0.05078045278787613,1032.9832077026367,477.03694581985474,0.004935041535645723,1030.5745697021484,388.05686116218567,-0.08724439144134521,1024.2761993408203,369.91857290267944,-0.10940225422382355,1036.8083953857422,365.4017436504364,-0.10058324784040451,1041.0761260986328,371.0598421096802,-0.08969197422266006
1123.3913040161133,506.6301226615906,0.02251102216541767,1044.2730331420898,465.66532373428345,-0.0006654534372501075,1039.3788528442383,371.73601627349854,-0.043916162103414536,1035.09521484375,352.9837703704834,-0.06681466102600098,1047.3020553588867,347.72459149360657,-0.05716850236058235,1051.252555847168,352.4322545528412,-0.046359382569789886
1125.0719833374023,507.5276756286621,0.0020736856386065483,1073.4314346313477,431.2456512451172,-0.037442129105329514,1066.666603088379,319.91615653038025,-0.0887293890118599,1061.6441345214844,299.93831276893616,-0.1167716309428215,1076.2782669067383,295.9285819530487,-0.1098288968205452,1080.8773040771484,300.93377709388733,-0.09212173521518707
1127.0091247558594,500.76014041900635,-0.034229736775159836,1083.2405090332031,423.71516704559326,-0.057874150574207306,1087.0154571533203,321.4523220062256,-0.10231811553239822,1084.1463088989258,302.9164659976959,-0.12781161069869995,1092.8336334228516,301.72463178634644,-0.12562265992164612,1094.512710571289,306.8969392776489,-0.10687276721000671
1124.048080444336,504.81242179870605,-0.048090383410453796,1076.1238861083984,418.17081570625305,-0.08091869950294495,1078.9405059814453,311.93477153778076,-0.13252167403697968,1074.6330642700195,294.1688811779022,-0.15995003283023834,1087.6365280151367,291.8047821521759,-0.15546464920043945,1090.674819946289,298.19937229156494,-0.13653069734573364
1117.0432662963867,511.0426354408264,0.009289818815886974,1041.5851593017578,441.20988607406616,-0.006002895068377256,1053.797836303711,341.28477931022644,-0.06181187182664871,1054.0155029296875,317.8646206855774,-0.08831978589296341,1067.329444885254,315.87382078170776,-0.08134196698665619,1070.2207946777344,323.24427366256714,-0.06505945324897766
1114.7709274291992,512.7084481716156,-0.004083900712430477,1036.7824172973633,450.2230739593506,-0.0195248294621706,1047.6698684692383,351.8903625011444,-0.06758206337690353,1045.8831024169922,329.7440493106842,-0.09273331612348557,1059.8369979858398,327.37634539604187,-0.08434963971376419,1062.5921630859375,335.39326429367065,-0.07007808238267899
1114.6211242675781,509.9479401111603,0.024908320978283882,1031.9835662841797,458.9189672470093,-0.007332292851060629,1042.7197265625,360.1671874523163,-0.05596575886011124,1040.753517150879,337.9579818248749,-0.08226197212934494,1054.6744537353516,334.7128736972809,-0.06767788529396057,1057.393798828125,343.03974866867065,-0.05622606724500656
1114.8991012573242,509.4341790676117,0.05160527676343918,1020.5231094360352,468.58760118484497,0.047245945781469345,1029.8577117919922,374.55899834632874,0.0023352818097919226,1028.785285949707,351.67667627334595,-0.018742132931947708,1041.262435913086,350.4466688632965,-0.007540192920714617,1043.5126876831055,358.2874310016632,0.0013592626200988889
1110.6833267211914,516.1796987056732,0.0038524700794368982,1008.4319686889648,513.1978118419647,-0.05022700875997543,1014.788703918457,421.9518291950226,-0.15228484570980072,1016.7814636230469,401.14521503448486,-0.1766534298658371,1027.851333618164,398.3194971084595,-0.1639159470796585,1029.367790222168,405.5557644367218,-0.1523255556821823
1107.8826141357422,518.9065074920654,-0.03387123718857765,1008.3777236938477,541.2989187240601,-0.12375194579362869,1014.2825317382812,451.67178869247437,-0.2525233030319214,1007.0413970947266,429.84190106391907,-0.28013408184051514,1021.7369842529297,425.1710593700409,-0.2672954201698303,1026.2543106079102,433.0954420566559,-0.2524784803390503
1107.3600769042969,521.0858237743378,-0.025105612352490425,1009.6382904052734,551.9746685028076,-0.12228382378816605,1015.9888458251953,462.56280183792114,-0.27013272047042847,1008.4846115112305,439.56998348236084,-0.2991534173488617,1021.8178939819336,433.9913856983185,-0.2879768908023834,1027.0280456542969,442.025363445282,-0.27093762159347534
1107.5337982177734,523.4711337089539,-0.034490108489990234,1018.9690017700195,569.5981335639954,-0.14437179267406464,1016.0562515258789,487.7002716064453,-0.3054809868335724,1009.0122985839844,465.7963228225708,-0.3355861306190491,1019.5582580566406,460.9773588180542,-0.32502782344818115,1025.0128555297852,467.041232585907,-0.3065463900566101
1108.7355422973633,525.1235246658325,-0.03425365686416626,1019.8408126831055,571.2985467910767,-0.1516275554895401,1013.1809234619141,492.1343493461609,-0.3269510865211487,1006.2515258789062,471.8267869949341,-0.35796263813972473,1018.0204010009766,466.3205122947693,-0.3483966588973999,1023.2082366943359,471.98495149612427,-0.32853713631629944
1110.311508178711,522.6652157306671,-0.04466467350721359,1023.1034088134766,569.8822116851807,-0.16371816396713257,1019.6120452880859,482.9109513759613,-0.3354499042034149,1014.9160766601562,463.0988359451294,-0.3678523898124695,1027.7317428588867,458.17156434059143,-0.3568480312824249,1031.6283416748047,463.5780930519104,-0.33662140369415283
1112.2326278686523,510.73702454566956,0.00351557950489223,1023.9249801635742,484.4887661933899,-0.07366449385881424,1035.7561111450195,389.8219048976898,-0.17294667661190033,1029.9803924560547,373.17381978034973,-0.20109303295612335,1045.9600067138672,371.4355230331421,-0.18517282605171204,1048.3953094482422,377.6617455482483,-0.17286083102226257
1119.488182067871,504.28585052490234,0.03351246565580368,1045.876579284668,456.79964661598206,0.005635750945657492,1053.442726135254,356.3540518283844,-0.038939908146858215,1055.2762985229492,335.79514503479004,-0.06336475908756256,1065.8904647827148,333.5428297519684,-0.051428232342004776,1066.6641998291016,340.3136157989502,-0.04027217626571655
1125.4639434814453,501.7003083229065,0.04108886420726776,1060.7563018798828,447.56974697113037,0.03970284387469292,1058.1084823608398,341.42900705337524,0.003210213268175721,1053.1975936889648,320.56487560272217,-0.018168363720178604,1064.897804260254,317.63216972351074,-0.011463473550975323,1067.8857421875,324.7831428050995,-0.00031961037893779576
1125.6825256347656,504.98101472854614,-0.02837085723876953,1066.4728546142578,436.8577229976654,-0.060055918991565704,1060.3883743286133,331.83504581451416,-0.1120794266462326,1054.8757553100586,312.29088306427,-0.13795171678066254,1066.4439010620117,307.74927020072937,-0.13143318891525269,1070.3407287597656,313.75044465065,-0.11565139144659042
1127.318000793457,503.3882009983063,0.025150321424007416,1072.049789428711,430.45637369155884,0.01664186641573906,1076.6915130615234,328.1311511993408,-0.03701608255505562,1073.5126876831055,308.20873260498047,-0.0621829554438591,1086.6999435424805,305.6919729709625,-0.05802645906805992,1089.8787689208984,311.26091480255127,-0.04159151390194893
1125.3887557983398,499.6740388870239,-8.95467892405577e-05,1089.2606735229492,417.6340413093567,-0.03898004814982414,1095.2949142456055,315.61346411705017,-0.08367779850959778,1091.7140579223633,297.0325791835785,-0.11257689446210861,1105.17333984375,295.69642066955566,-0.10557211190462112,1107.9402923583984,302.25075244903564,-0.08703865110874176
1126.241455078125,506.6840350627899,-0.04256964474916458,1079.9036407470703,427.32903599739075,-0.08243097364902496,1079.340934753418,319.4383156299591,-0.1259077489376068,1074.1778182983398,301.3381361961365,-0.15084709227085114,1089.1631698608398,297.32592701911926,-0.14506985247135162,1093.8364791870117,303.05992126464844,-0.12934903800487518
1123.216781616211,508.2496190071106,0.00017455399211030453,1058.8655090332031,430.77489137649536,-0.020758764818310738,1071.298484802246,327.48268961906433,-0.06689347326755524,1072.1453475952148,305.0520086288452,-0.09480967372655869,1086.8130111694336,304.9070084095001,-0.08731401711702347,1088.635139465332,312.8348994255066,-0.06988382339477539
1119.0990829467773,509.1319155693054,0.02273327112197876,1043.2925033569336,438.1146705150604,0.0025793344248086214,1060.1740264892578,337.53527641296387,-0.04161578044295311,1063.0392837524414,315.7865631580353,-0.06717215478420258,1078.425178527832,314.32915806770325,-0.05678417161107063,1080.4893493652344,321.4051043987274,-0.04330824315547943
1116.8291473388672,511.7212235927582,0.011630266904830933,1039.5752334594727,444.1046118736267,-0.007124711759388447,1051.8609237670898,344.1729712486267,-0.055260900408029556,1050.7130813598633,323.04391264915466,-0.08114533871412277,1063.3578872680664,322.41270303726196,-0.07247491925954819,1066.0410690307617,329.76680517196655,-0.0579654723405838
1116.910629272461,511.3641142845154,0.03736815229058266,1025.2577590942383,461.46649718284607,0.03151734173297882,1034.4743728637695,366.9397437572479,-0.015736235305666924,1032.4090576171875,344.3756175041199,-0.037559982389211655,1045.7789611816406,344.21342968940735,-0.027184169739484787,1048.0529022216797,353.1990659236908,-0.017318930476903915
1117.268943786621,511.3639211654663,0.006000727880746126,1021.973991394043,479.82107877731323,-0.01398176234215498,1026.9710540771484,390.1885735988617,-0.06491706520318985,1026.0563278198242,368.78464221954346,-0.08678720146417618,1038.8650131225586,367.62670040130615,-0.07739844918251038,1041.068344116211,376.1206555366516,-0.06618892401456833
1117.9117584228516,515.9005773067474,-0.014283094555139542,1020.8126449584961,508.4212374687195,-0.04364750534296036,1016.6170120239258,419.13933992385864,-0.1094440370798111,1011.1849594116211,398.63508582115173,-0.13037234544754028,1023.1014633178711,394.87708568573,-0.12198268622159958,1026.844253540039,401.6917097568512,-0.11081826686859131
1107.2246932983398,519.703381061554,-0.018429169431328773,1012.9068374633789,556.9564962387085,-0.11242098361253738,1013.1291961669922,472.26861119270325,-0.27097198367118835,1008.7960052490234,449.6632218360901,-0.30169203877449036,1022.3341369628906,442.9589653015137,-0.2915698289871216,1026.288070678711,451.046404838562,-0.2722338140010834
1104.9070358276367,520.3335607051849,-0.028864476829767227,1018.0832290649414,549.107494354248,-0.13726845383644104,1005.0232315063477,469.2447853088379,-0.2948611080646515,997.1649169921875,450.0705420970917,-0.3249211013317108,1007.7866363525391,444.0545618534088,-0.3163225054740906,1013.4725189208984,450.11621475219727,-0.29727837443351746
1105.6537628173828,518.1497704982758,-0.026021238416433334,1018.0799102783203,547.3165726661682,-0.13074268400669098,1009.3963623046875,460.01903772354126,-0.2881503999233246,999.8129653930664,440.8007311820984,-0.31768807768821716,1013.3373641967773,434.7330594062805,-0.3095911741256714,1018.9717483520508,441.11509680747986,-0.29044264554977417
1108.5090637207031,515.5459463596344,-0.010052898898720741,1014.2378997802734,529.2826008796692,-0.11363176256418228,1013.2145690917969,442.52010226249695,-0.26079776883125305,1007.4935531616211,424.41474080085754,-0.2893383800983429,1021.8479919433594,419.30561542510986,-0.27927160263061523,1025.3204727172852,425.59189796447754,-0.26230478286743164
1114.1331481933594,515.9129691123962,0.012797347269952297,1042.7950286865234,511.7504811286926,-0.05064802244305611,1011.7481231689453,436.80310249328613,-0.17512205243110657,1003.8458633422852,411.1799383163452,-0.19595322012901306,1011.3439178466797,405.7320499420166,-0.19887858629226685,1016.169548034668,415.99735736846924,-0.1816898137331009
1115.5107879638672,508.73032450675964,0.005280714947730303,1037.632942199707,492.8566789627075,-0.06189178675413132,1015.8370971679688,408.9221513271332,-0.19301839172840118,1003.8005447387695,394.3365454673767,-0.2170133888721466,1017.6246643066406,389.0336573123932,-0.21628104150295258,1020.8514404296875,394.1111433506012,-0.1988545060157776
1119.0362548828125,507.3679983615875,0.007265210617333651,1039.1844177246094,478.7611126899719,-0.05364126339554787,1028.5562896728516,386.7496705055237,-0.15848997235298157,1022.9300308227539,373.20420384407043,-0.1844019591808319,1033.4355926513672,368.28996777534485,-0.17578020691871643,1037.3632049560547,372.4780762195587,-0.1617530733346939
1124.46533203125,503.17457914352417,0.02042641118168831,1041.9953155517578,462.6712703704834,0.00911948923021555,1034.9336242675781,370.32209515571594,-0.038775358349084854,1027.2635650634766,354.7481381893158,-0.05877787992358208,1039.7910690307617,349.9454605579376,-0.05288168415427208,1044.6894836425781,354.5948338508606,-0.04250413551926613
1124.0578079223633,503.0355978012085,0.008350308984518051,1051.3263702392578,456.29789113998413,-0.02551940642297268,1037.717399597168,357.21001982688904,-0.08420852571725845,1029.5304107666016,339.5482528209686,-0.11035456508398056,1041.3838577270508,334.7143220901489,-0.10174582898616791,1045.9138870239258,339.7211265563965,-0.08730384707450867
1125.4236602783203,500.78717708587646,0.014804855920374393,1062.8705978393555,442.5161111354828,-0.008814770728349686,1051.2714385986328,339.52449917793274,-0.05861753225326538,1047.9030990600586,321.10869884490967,-0.08245999366044998,1056.628189086914,316.402645111084,-0.07811754196882248,1059.6324920654297,320.84608912467957,-0.06310785561800003
1130.5245208740234,501.57156229019165,0.042708948254585266,1073.7548446655273,434.7356343269348,0.029332848265767097,1064.2189407348633,325.82836747169495,-0.019252492114901543,1059.5717239379883,305.68560004234314,-0.04431430995464325,1071.4981842041016,303.7932586669922,-0.0386793278157711,1075.5143737792969,309.47388768196106,-0.02335241250693798
1131.610450744629,503.4082853794098,0.02335670217871666,1087.770767211914,420.42985796928406,-0.017680492252111435,1087.1966171264648,311.4247441291809,-0.06334149837493896,1080.0894927978516,291.8823838233948,-0.09267636388540268,1094.3084335327148,289.96915340423584,-0.08474135398864746,1098.4415817260742,296.5853154659271,-0.06654722988605499
1125.4995346069336,499.2463445663452,-0.038350000977516174,1083.2386779785156,419.5085835456848,-0.06713753193616867,1077.883415222168,316.66609168052673,-0.1263742744922638,1067.929801940918,299.67525243759155,-0.15449953079223633,1081.0258483886719,297.4777829647064,-0.1546822339296341,1086.0476303100586,303.68536949157715,-0.13195815682411194
1124.281883239746,510.50241708755493,-0.01524438802152872,1067.500877380371,434.3745017051697,-0.04694325104355812,1063.626365661621,329.915828704834,-0.09878015518188477,1060.2337646484375,309.2718529701233,-0.12273267656564713,1074.0610885620117,304.1412913799286,-0.11852487921714783,1076.9301223754883,310.51782488822937,-0.10297907888889313
1116.4286041259766,508.93474102020264,0.02776349149644375,1034.9940490722656,453.89642357826233,0.0026050982996821404,1040.7317733764648,354.99874234199524,-0.052038684487342834,1038.032112121582,328.9867329597473,-0.07905597984790802,1051.5901565551758,326.67941093444824,-0.06836291402578354,1055.1275253295898,335.66372752189636,-0.05361795797944069
1118.148078918457,509.90413427352905,0.04614541307091713,1027.3472213745117,457.323739528656,0.03462459519505501,1031.3718795776367,361.4088463783264,-0.011362832970917225,1032.6219177246094,337.673259973526,-0.034018613398075104,1044.8485565185547,335.7131016254425,-0.02340543642640114,1046.6649627685547,343.8621139526367,-0.012798880226910114
1118.2721328735352,510.5617690086365,0.020296158269047737,1026.8272018432617,475.86297512054443,0.01148295495659113,1027.4406051635742,382.3322331905365,-0.04020056873559952,1025.1373672485352,360.59481739997864,-0.061136260628700256,1036.614875793457,357.8348243236542,-0.052836861461400986,1039.3450927734375,366.2448048591614,-0.04189189895987511
1116.76025390625,513.697829246521,-0.0032733024563640356,1020.3335952758789,493.8020932674408,-0.021889202296733856,1016.744499206543,399.9312686920166,-0.0767771303653717,1016.4363098144531,380.64205527305603,-0.09877581149339676,1029.5006561279297,377.71079778671265,-0.08846405893564224,1031.1235427856445,384.6062743663788,-0.0775463655591011
1116.5098571777344,514.7041726112366,-0.03349664434790611,1025.775375366211,504.53078985214233,-0.07605614513158798,1012.4763107299805,412.4523675441742,-0.15034796297550201,1006.3449096679688,393.2345759868622,-0.17432092130184174,1018.6601257324219,389.4543671607971,-0.16610771417617798,1021.3325500488281,396.6965889930725,-0.15232215821743011
1118.682861328125,517.4908483028412,0.001596302492544055,1022.1053695678711,509.82489109039307,-0.014584404416382313,1016.9302368164062,418.0604159832001,-0.07920805364847183,1015.3464889526367,397.5736713409424,-0.10149986296892166,1028.635482788086,393.76256346702576,-0.09391320496797562,1030.1418685913086,400.901563167572,-0.08106401562690735
1110.8222579956055,521.3907587528229,-0.026471847668290138,1019.3144989013672,560.7202577590942,-0.12177204340696335,1012.3596954345703,476.5793824195862,-0.27188584208488464,1003.231086730957,455.20747661590576,-0.30077868700027466,1013.6154556274414,449.21393036842346,-0.291587233543396,1018.8186264038086,456.3045859336853,-0.2736775577068329
1110.5263137817383,522.1565401554108,-0.03343725576996803,1021.3298034667969,570.7976603507996,-0.1357233077287674,1016.0184860229492,486.90223932266235,-0.2987791895866394,1010.8298492431641,466.3784158229828,-0.3295275866985321,1022.9426193237305,461.0146951675415,-0.3209485709667206,1027.1349334716797,466.32830142974854,-0.3005163073539734
1109.5042419433594,521.3390028476715,-0.038881998509168625,1023.4723663330078,571.9587564468384,-0.14696739614009857,1012.0814895629883,492.11613178253174,-0.3212353587150574,1005.2848434448242,471.5089774131775,-0.35298851132392883,1017.5001525878906,465.09549379348755,-0.34547632932662964,1022.3957061767578,470.1109564304352,-0.3236485719680786
1111.0093688964844,525.4414629936218,-0.037336740642786026,1027.9304122924805,574.4291353225708,-0.1606285274028778,1014.356575012207,498.2255172729492,-0.3564866781234741,1003.0315017700195,478.05777311325073,-0.3897944986820221,1013.8904571533203,470.1497733592987,-0.3843207061290741,1020.4487228393555,475.4826593399048,-0.36064621806144714
1111.4696502685547,526.8173718452454,-0.03200533613562584,1032.2736740112305,587.8423476219177,-0.1455432027578354,1022.9879379272461,502.2828197479248,-0.3294188380241394,1014.8497009277344,483.2781672477722,-0.3634362518787384,1027.225341796875,475.247118473053,-0.35576727986335754,1031.8715286254883,481.87071561813354,-0.33228933811187744
1109.3877410888672,529.7347569465637,-0.0292193703353405,1035.8104705810547,602.1346378326416,-0.14269386231899261,1028.8996124267578,518.0880045890808,-0.337893545627594,1022.8218841552734,503.0800795555115,-0.3740839958190918,1037.0823669433594,492.4669325351715,-0.36743590235710144,1039.8167037963867,498.76760244369507,-0.34109488129615784
1109.0797805786133,532.671936750412,-0.04948525130748749,1045.159034729004,619.3763065338135,-0.15995188057422638,1050.076560974121,543.4765934944153,-0.3720434904098511,1052.9029083251953,521.9555032253265,-0.41254132986068726,1061.114387512207,514.3085360527039,-0.4057995080947876,1064.0832138061523,520.4973900318146,-0.3750391900539398
1108.700065612793,528.7010550498962,-0.021742548793554306,1072.4748229980469,613.9351773262024,0.008525376208126545,1056.1275100708008,631.0654163360596,-0.07395614683628082,1054.251594543457,637.0848083496094,-0.09408362954854965,1057.1167373657227,628.7067890167236,-0.11110429465770721,1062.6981353759766,624.5432710647583,-0.08348022401332855
1107.0981216430664,530.7580626010895,-0.037437502294778824,1074.2415618896484,616.4575695991516,0.012781193479895592,1056.4552688598633,619.0713715553284,-0.06394633650779724,1048.3750534057617,627.3517370223999,-0.08258061856031418,1062.3366165161133,620.6519222259521,-0.10088548064231873,1056.3771057128906,615.0168371200562,-0.07351592183113098
1102.0814895629883,528.6140871047974,-0.00955239962786436,1083.603401184082,616.8953704833984,0.003778092795982957,1057.5534439086914,672.7476525306702,-0.12122900038957596,1049.8032760620117,687.3599410057068,-0.1488996148109436,1050.772933959961,682.2005724906921,-0.17279331386089325,1056.9639587402344,677.5768518447876,-0.13468676805496216
1098.7447357177734,531.064156293869,-0.010874876752495766,1079.1925048828125,627.3308801651001,0.005517126526683569,1064.4601821899414,693.3905339241028,-0.08639396727085114,1059.0983963012695,713.1001996994019,-0.11109931766986847,1061.4911270141602,709.7024631500244,-0.1311439871788025,1068.0311965942383,703.7903165817261,-0.09701425582170486
1098.7115478515625,531.651656627655,-0.03029533475637436,1078.0201721191406,621.5499901771545,0.02863444946706295,1065.351333618164,698.1420350074768,-0.03938480466604233,1057.265739440918,718.1489109992981,-0.05712095648050308,1057.8584289550781,712.1996212005615,-0.08209045231342316,1064.1131973266602,706.9677686691284,-0.0510503388941288
1097.3302459716797,534.888106584549,-0.023882973939180374,1072.1818542480469,628.3146286010742,0.003073963103815913,1068.6994171142578,705.5029606819153,-0.09918060898780823,1062.8948593139648,730.7106614112854,-0.123603455722332,1067.1271133422852,721.4055418968201,-0.14497436583042145,1072.7753448486328,715.921733379364,-0.11003751307725906
