FACE_NECK_1_x,FACE_NECK_1_y,FACE_NECK_2_x,FACE_NECK_2_y,FACE_NECK_3_x,FACE_NECK_3_y,FACE_NECK_4_x,FACE_NECK_4_y,FACE_NECK_5_x,FACE_NECK_5_y,FACE_NECK_6_x,FACE_NECK_6_y,FACE_NECK_7_x,FACE_NECK_7_y,FACE_NECK_8_x,FACE_NECK_8_y,FACE_NECK_9_x,FACE_NECK_9_y,FACE_NECK_10_x,FACE_NECK_10_y,FACE_NECK_11_x,FACE_NECK_11_y
0.8822574503477163,0.937459646044067,0.981081026915446,0.5226189096568051,0.9231082697022532,0.4636731619290433,0.860586140783347,0.4042245418273927,1.0,0.5504672781153254,0.9601245231844264,0.5100864195486979,0.919834859811211,0.4696227836365743,0.0,0.0,0.1676319885631066,0.1888792775193285,0.1723884535476414,0.9924279423207456,0.2336546619369233,1.0
0.9531952414680332,0.8429623869014773,1.0,0.4031930995266989,0.95551524262442,0.3553739568176863,0.907597461730822,0.3089429364641334,0.9471458926583888,0.4210421788503655,0.8747705294806377,0.3858457511748853,0.8014194648819762,0.3499469001388109,0.0657333660976279,0.0,0.0,0.1384672955028175,0.1945982278371229,1.0,0.1925962330697735,0.9995191744853004
0.7970577943063243,0.9396477677384774,1.0,0.5157827908376555,0.9623441584728938,0.4612915768731424,0.9133256942109496,0.4044651820803979,0.968492050967113,0.5422013088435912,0.927405465860657,0.5057918196177157,0.878332109701443,0.4671877437056662,0.0,0.0,0.0567239143411806,0.1543020709077768,0.0931584111540198,1.0,0.0981329893440831,0.9996682856960838
0.7399424694110684,0.8796504475459211,1.0,0.4966981999179852,0.9542095049341288,0.4502730121022235,0.9054599006289829,0.3980259901865128,0.9910607374375492,0.5065217874363931,0.9405081409912328,0.4708736589277886,0.8844364617311478,0.4313793221866017,0.0792077845217941,0.0,0.0974097471682012,0.1509535727921168,0.0,1.0,0.0104188171821022,0.9730119002167532
0.8780967850939336,0.8991915072099044,1.0,0.5229148716804377,0.945311620020986,0.4818745131584113,0.8884060634444491,0.4330736156136425,0.9957079255170942,0.5101975879517425,0.9411143980128408,0.4646385130179116,0.8827089866791555,0.4136805327415819,0.0,0.0,0.0126272357024715,0.0952277643821011,0.2103235062217295,1.0,0.2113076006473681,0.950769338845878
0.412476650768031,0.4159148894882035,0.5951175169111913,0.0,0.7275824703940851,0.005484243000256,0.8485904318021074,0.0231398889920415,0.2533187646216019,0.0292911941183864,0.165138009829342,0.0518753817690267,0.0874598755916605,0.0797277063427133,1.0,0.2983575938131917,0.0,0.3401630939333732,0.6929666672711821,1.0,0.208746667633884,0.971702232287573
0.3568023199790761,0.4276831896551724,0.6004505972018923,0.0169924568965517,0.7334478945363943,0.0365,0.8339948516287116,0.064394396551726,0.2268908334212808,0.0,0.1220053869767313,0.0079385775862068,0.0431325223807316,0.0248157327586206,1.0,0.3445991379310344,0.0,0.2528987068965517,0.6247287010227914,1.0,0.1522119183418757,0.9197025862068966
0.6026055599651252,1.0,0.9843117656857846,0.6513079141324725,0.9702109729449,0.5983304570578587,0.9476536241683178,0.5377685687318139,1.0,0.6547855080396088,0.9985399457134178,0.6085826570828051,0.9902107769644588,0.5574035703049224,0.408393842294539,0.0,0.5217146328796386,0.1511524649401567,0.0,0.9492639899618917,0.0178440191668871,0.9290872432993952
0.8113279594678272,0.789515539583002,1.0,0.3475859184982781,0.9641431851096424,0.3127610258573085,0.9148330795415908,0.274951704073299,0.9316299017895804,0.3534475517852068,0.8583842080999134,0.3254618270067605,0.7745956794866401,0.2951707647465648,0.0216677609980211,0.0,0.0,0.1324157256183755,0.2344150915280054,1.0,0.1614767419659794,0.9480655716611476
0.3144366415154037,0.4258691201077738,0.5284631133916146,0.0,0.67910931972368,0.0027916624344451,0.8029924729629655,0.01975440641088,0.1781108352191094,0.0325216377895507,0.0890290511989838,0.0556140641622624,0.0214851855163574,0.0752540669421618,1.0,0.3207353908167023,0.0,0.3848890979754846,0.6150733330123509,0.995708260049074,0.1441027510483514,1.0
0.7012006718785545,0.8848559434552509,0.9926452799148264,0.5003355434461654,0.955519150612765,0.4608446609359287,0.9095175884259667,0.420346115645823,1.0,0.4892491879848603,0.9733253150294676,0.4444432972873635,0.9340356261534823,0.4007152753830874,0.0982795208372201,0.0,0.1290463057047449,0.0680172376411605,0.009227961760999,1.0,0.0,0.9705712911092343
0.9510827005736892,0.7928537683167651,1.0,0.3877550213584403,0.9617559877721138,0.3447238425820684,0.9144802863225304,0.2977155067613646,0.946407336724809,0.3878617641419363,0.8776052391918465,0.3479122890594577,0.8025325854298029,0.3050609916404587,0.0403786696675619,0.0,0.0,0.1089171735301617,0.4115248298944853,1.0,0.3642201249470686,0.9616160857421292
0.7331350965264656,0.8678618364877005,1.0,0.4408361238779041,0.9634004873180788,0.402915036270892,0.914759861605718,0.3595031964419629,0.9489734406581328,0.4227155278027338,0.8803335241404814,0.3741322087005591,0.7967498619603155,0.3194530037644508,0.0420755089738459,0.0,0.0116155962047951,0.0449246738589704,0.0853110578652226,1.0,0.0,0.933426021487812
0.4434453169856214,0.4440372411672998,0.6271310574927794,0.0106014360685994,0.7456361638930719,0.0014744955095408,0.848917009127776,0.0,0.3023196936611994,0.027773874091478,0.1999972874367669,0.0366548824136511,0.0969357077303571,0.0521486133374322,1.0,0.1847873344898004,0.0,0.2033870578160339,0.6655680785558283,1.0,0.271523059047984,0.9717331635229792
0.7551647079629105,0.8312595651645815,1.0,0.4041442973399732,0.9678542145624668,0.3691922749908903,0.9343901223453,0.3241613020770071,0.9306200864937862,0.4028980930402041,0.869318821240816,0.3687428640835661,0.8009678300991946,0.3311502489979351,0.1007620456262761,0.0,0.0,0.0534944734604639,0.1352148679281683,1.0,0.0778685230140994,0.968614113931738
0.4952415366580209,1.0,0.9728610024495944,0.7578169394498502,0.9798694941532796,0.7061816434339112,0.9868275650533328,0.6431147092456312,0.9824241482035406,0.7393681204969729,0.992373853451926,0.6797703149225146,1.0,0.6115031955269637,0.7452488896918806,0.0,0.7928251196443586,0.084306139200101,0.0,0.863442961071396,0.0183951898553341,0.8209715664746778
0.8934438760510378,0.8414369944790399,0.9959898865173163,0.4213327546317582,0.934867995531252,0.3704744494672145,0.8635738225436584,0.3218598389689303,1.0,0.4581606117562244,0.9524254718645264,0.4325843316548535,0.8930322808255424,0.411508314543923,0.0,0.0,0.0638325395425413,0.2425673016445178,0.2810489798318222,0.9887870439506682,0.2740930205209619,1.0
0.8887043107968383,0.8042497899456461,0.9490270447740716,0.3107466038114641,0.8671037737235935,0.2455052086044211,0.7736059862105464,0.1935362743421395,1.0,0.3984749682130137,0.9704119685008502,0.3941010045431224,0.9234621623078372,0.3823398196135,0.0,0.0,0.2709083692280552,0.2690238606874912,0.3335636475897858,0.9393742239142234,0.405926426845812,1.0
0.3309349421282399,0.4266087971221953,0.5660286311725958,0.0,0.705163262023484,0.0112241171606425,0.8253040844390778,0.0340543240554592,0.2029396905803487,0.0367847983310736,0.1176691805974984,0.0636110259951225,0.0412000715892543,0.0940796349853297,1.0,0.3820072029113865,0.0,0.4182536717638318,0.6397655678319556,1.0,0.1491231448527096,0.9700130542275128
0.4077495828871652,0.4398657147547435,0.6163195820042678,0.0,0.7278862283718212,0.0083547774432967,0.8158953380707985,0.0226030159822489,0.279677266728089,0.0108052222523001,0.1809330197157981,0.0122359167370598,0.0904268926282482,0.0159594187205721,1.0,0.3305730496731472,0.0,0.3152963635790429,0.6429627349018722,1.0,0.2222843520998273,0.9696836273540956
0.4291073783880576,0.3931751075767226,0.629787828760602,0.0,0.7504345623367705,0.018410490271204,0.8322633054689342,0.0395421491766276,0.2800459456862547,0.0024446576032476,0.1788715355118227,0.0266575925320568,0.0829752015583143,0.0469907990418553,1.0,0.3660287978736504,0.0,0.3065285540509389,0.6718333726404794,1.0,0.2257780631185416,0.9618446929709394
0.9751804929324224,0.8338798300352893,1.0,0.4165745247808717,0.9680091837016956,0.3707344661489775,0.9314403474315924,0.3228630496210533,0.9167104644408176,0.4344902965062339,0.8383792979447319,0.3971611826358087,0.7606912671848497,0.3592093167096662,0.1946142568670299,0.0,0.0,0.1178378218081838,0.3117133689247877,0.9905782274019376,0.254266825260712,1.0
0.8387081642704693,0.7792172430100747,1.0,0.3115182013417872,0.9417172878016746,0.2621255269186595,0.8709219691816966,0.2206374001183327,0.990724019044492,0.3740318925259953,0.9386624293454042,0.3600469236548859,0.8776356216431621,0.3516653598196755,0.0,0.0,0.1404765813729859,0.2303926887540869,0.1725027558224077,0.96522285665151,0.1910371273776297,1.0
0.8402459679774417,0.8624945337933045,1.0,0.4482754249909689,0.9504559752363486,0.4063900220338303,0.8937531809800522,0.3657045438701377,0.9883690854630424,0.4450495708367574,0.939492545034318,0.3991461098564949,0.8872618958223842,0.3525180464041338,0.0,0.0,0.060791135808047,0.0497060395510422,0.1071312357638254,1.0,0.110568780088957,0.9912561818308572
0.4197482906943501,0.4625248141566304,0.6227983073891324,0.0,0.7467303323461952,0.0003441339001768,0.8428966429302507,0.0094343589482559,0.2674744177012703,0.0080865933842194,0.1721024732283387,0.0048953323935121,0.0916663575040318,0.0053910622561462,1.0,0.292249352120903,0.0,0.2559802947379603,0.6803396569822338,1.0,0.2290524128870625,0.9752312115062424
0.4819107342337768,1.0,0.9595392843844232,0.7791983786083644,0.9643800142175196,0.730448936932738,0.9730543989709216,0.6699980756567042,0.9757032598761044,0.745171045871754,0.9866118276293964,0.6790972181763935,1.0,0.6048970123246243,0.7722148877830811,0.0,0.8124978842964016,0.0464861314873761,0.0,0.8665706260471341,0.0149961071053789,0.8093752593008455
0.3840544103417747,0.4549322035381962,0.5998471765543725,0.0157400274862349,0.7212617242207887,0.006665849666049,0.8256297473218016,0.0,0.2611527563418526,0.0474214147532804,0.159890988828303,0.0607563966771417,0.0677639938437694,0.0763257293918889,1.0,0.24074527963305,0.0,0.2540200807079893,0.6289572289169667,0.9888807675137192,0.2011533191477387,1.0
0.6193170947830653,0.9504362546206908,1.0,0.560607340132738,0.9856561710183162,0.5170317796040889,0.963463261874314,0.4664316176160115,0.9667660178630766,0.5458172912676142,0.9319108658658156,0.4960097960562429,0.8878170595402322,0.4396229746692103,0.2641650975219261,0.0,0.2635760389080766,0.0836772061279091,0.0367683338200199,1.0,0.0,0.9480755279007188
0.9180360981662362,0.7621631101571168,1.0,0.313955217336602,0.9490268499949504,0.2725752890895158,0.888839193394026,0.2304690627513925,0.9780987144897636,0.3345717891333605,0.9173868505720592,0.3089111628775892,0.8482636233786844,0.2820114453903899,0.0,0.0,0.08526304146048,0.1478197713209475,0.2958068223899044,1.0,0.2849283182563614,0.9762971378898848
0.4398312441248038,0.4347369882883022,0.6286988436264522,0.0210471091085839,0.7477792320528217,0.0316511223434858,0.85180337601706,0.0435369635996131,0.3207013803618896,0.0,0.2189283642104411,0.0027223690562527,0.1191253660050464,0.0185308465355373,1.0,0.2519932811490822,0.0,0.2752711898406036,0.6292138369023041,1.0,0.2358871602506106,0.97530690026871
0.6736494658635256,0.943131129764734,1.0,0.5298317741157086,0.9739038733086672,0.4823424409412249,0.9363147264375212,0.4301037705940912,0.9849798321030022,0.5181684358889963,0.9522881775013256,0.4696109057058682,0.9093606448960624,0.418375815535098,0.0771206081946604,0.0,0.2401379877383952,0.1424377103833191,0.0270315357987619,1.0,0.0,0.9640851569078422
0.4235923090057188,0.3942079143698349,0.6280165598965782,0.0,0.7604802103914017,0.0174936729457137,0.8611855803835741,0.0456482399685151,0.2682956034672006,0.0154465877882905,0.1701336455499202,0.0389495880543456,0.0950819235912002,0.0617412757012532,1.0,0.3646604059429242,0.0,0.3714975824166166,0.6804237098337136,1.0,0.2119547019861675,0.9729085540014928
0.3530900697512955,0.4352154540692302,0.5961275846372427,0.0172845900751631,0.7053685967437134,0.0262924006898297,0.805009035022783,0.0304655173428606,0.2548014364076933,0.0016186277568173,0.1551196163448849,0.0,0.0634888522072583,0.0037410901899386,1.0,0.2342937191357116,0.0,0.2140744097894606,0.5899571008841907,1.0,0.1764128430664867,0.9588432991753828
0.6209973033949817,0.9808247253939844,0.9870895752480044,0.6273951302132444,0.9702052062584728,0.5742565978387342,0.9448346065942026,0.5110144855340362,1.0,0.6313589928799918,0.9965790800221208,0.5864470767402389,0.9875691892077072,0.5348065570970577,0.3119546226465881,0.0,0.4762126158047481,0.1853906397332754,0.0,1.0,0.0232074428256016,0.9817089443102204
0.3163324783059529,0.3726703211551579,0.5575397041969086,0.0229297852325945,0.6731255798722887,0.0492975990217854,0.7729869562844479,0.0817562269651492,0.2268383998253551,0.0,0.1282977678327779,0.0026689049545126,0.0370463352071165,0.0119467462502325,1.0,0.4796418278890195,0.0,0.3263927987924305,0.550241772635483,1.0,0.1210173006603716,0.9600942291550808
0.2881485441816678,0.4556097373935128,0.5261413987512774,0.0357156551178174,0.6643575193378675,0.0425520397507234,0.7824039761084766,0.0452710307355372,0.1862079884718591,0.0080396875697791,0.0899190689371156,0.0,0.0020582694474383,0.0004150098226529,1.0,0.2297045536050575,0.0,0.1590829636212313,0.5596473636023637,1.0,0.113055669648905,0.9654932865394702
0.901875481359672,0.8434373830507584,1.0,0.3951204672936058,0.9429445681813452,0.3531008099726653,0.8733009304552362,0.3122016768469499,0.9709206719260632,0.4141496818980629,0.9023126079806832,0.3824270291445717,0.823494515101684,0.3500740815312663,0.0,0.0,0.0264513644595241,0.103862963392562,0.2611779521658686,1.0,0.2476634541329281,0.9885058729036678
0.6203878621003762,0.9753273631555768,1.0,0.6099929460714631,0.9890690585002044,0.5596719386129183,0.9720049893123134,0.5045331337704143,0.9890587072298448,0.6088739853263964,0.9747894810390604,0.5606243979991191,0.9550444328280188,0.5081138081546278,0.2937742284421856,0.0,0.3801762821342249,0.1319048829656577,0.0,1.0,0.0097198428677056,0.9712991044733366
0.4343256209331433,0.4240115342325881,0.6298494074218447,0.0,0.7479188730330562,0.0128179617473725,0.8484375990663401,0.0344651147453747,0.3016125358400003,0.0018238277869941,0.1941312806591977,0.0018442946823574,0.0978393851370549,0.0122221476822966,1.0,0.3296523243002311,0.0,0.265729661875518,0.658014188061087,1.0,0.2301837966800594,0.9786950989744948
0.8435433698591593,0.8696339511831331,1.0,0.4237663719839038,0.9528030054345844,0.3807971971474294,0.8904381535960484,0.3392088622345136,0.9625466993888048,0.4404723987384056,0.8989000567947937,0.4066291968988394,0.822664770033191,0.3716925873560897,0.0,0.0,0.0152355941829626,0.0909587029815266,0.2088172614488403,1.0,0.2329263908211276,0.9841620962354148
0.4408271157729894,0.4644805522263929,0.6388973003986677,0.0,0.7549571620147856,0.0064935064935064,0.8421039450107352,0.018022236630406,0.2970859241415896,0.011757951243579,0.1906455410017417,0.0058495043366469,0.0989702035231197,0.0088173719036029,1.0,0.3068113597614348,0.0,0.2579916301550184,0.6814347480607359,1.0,0.2460173082308538,0.9871221399209276
0.7867988142918412,0.8728147950219026,1.0,0.4257394676966178,0.9542612329252748,0.3800293115035505,0.8960695132713326,0.3365681249544538,0.9728162076950346,0.4276139464457777,0.918923811463354,0.3849098387867304,0.8571644076362018,0.3476368612399899,0.0,0.0,0.0338666002911471,0.0976469826155253,0.0625966404935925,1.0,0.0143914194555848,0.987370547606902
0.7168175699773357,0.9724391328879792,1.0,0.5706016133660192,0.9753684380069144,0.5219406609447185,0.9384671138159938,0.4695438168103573,0.9801831548187434,0.5748073801192789,0.9459049021525292,0.5317502652675689,0.9001967303643539,0.4854136537213525,0.136215644090611,0.0,0.1916050206509359,0.1270549811568554,0.0318967798345624,1.0,0.0,0.968410532133483
0.6435142269869483,0.9807696368020336,1.0,0.5579550109157859,0.9686139771078608,0.5060976382208747,0.9339432532645688,0.4531909143501412,0.9955162824439888,0.56570585229696,0.9621251813638758,0.5163462309923864,0.9217767612445684,0.4634817345331548,0.3116385216830597,0.0,0.307310978558765,0.0672429300756293,0.0,1.0,0.0273960180557797,0.9707152901234308
0.4174820425580865,0.4335165451255505,0.6359622246654617,0.0,0.7503058350901799,0.0015883155933688,0.8439831785169929,0.0133690087120774,0.261011722388009,0.0340860344471088,0.1505925347479542,0.0577461760581999,0.0587313982581226,0.0811213672681487,1.0,0.2640255776417838,0.0,0.3351664799572889,0.6595729148462197,0.9854809026652652,0.2202123258730955,1.0
0.3523150672225782,0.4693184349845717,0.5933435737570685,0.0202638781412078,0.7191808867543374,0.030671340517747,0.8275604641219447,0.0542791675321614,0.2568506398756704,0.0,0.158764271930761,0.0018188843243382,0.0811376371768143,0.0134629727888466,1.0,0.373322240650235,0.0,0.306992157272147,0.5958976470401951,1.0,0.144507611319367,0.9485783105040032
0.4029472307275319,0.3883112775038864,0.6340085070544923,0.023897919558481,0.7656931412713086,0.0479467163902664,0.8608632935605758,0.0830345269633295,0.2643660138917165,0.0,0.1629354041746798,0.0122283428680833,0.0837400577440361,0.0347048944587459,1.0,0.3959300595392918,0.0,0.3401991163794449,0.6638907119002433,1.0,0.1868595350462386,0.94091333817528
0.6908390570802436,0.829526598340654,1.0,0.4237586537244907,0.9756310860871094,0.3922455398297272,0.9428509664042986,0.3554398713012671,0.9428951841916404,0.3926775482168356,0.8826066876946724,0.3436906892250962,0.8102713006907722,0.2869529851960306,0.1787184702610797,0.0,0.112141221786594,0.010709831354048,0.0864113826410784,1.0,0.0,0.9266525676481752
0.380882180882178,0.4169896341759156,0.603748683748682,0.0168196628792388,0.7260886860886848,0.0249313280688527,0.8254147654147646,0.0354382437622078,0.2752544752544719,0.0,0.1793401193401155,0.0001388870517585,0.0811068211068168,0.0096901275556319,1.0,0.2838454517797369,0.0,0.2359481576522361,0.6124605124605107,1.0,0.1972879372879335,0.9584551350731692
0.7242541769262444,0.8717135267478517,1.0,0.4680133939287257,0.956730108742758,0.4340625050007201,0.9055554968455292,0.3965391016306348,0.9661354581673408,0.4634207325854923,0.9048633053991028,0.4234829815493431,0.8325530768174075,0.3772943303835752,0.0410453676012136,0.0,0.0,0.0453125250036005,0.0598190791211711,1.0,0.0571348558022557,0.9579059384551376
0.3858701064189957,0.4139755371840692,0.6354380351100786,0.0,0.7594386281708247,0.0074465884577858,0.8624917845596111,0.0225113824150515,0.2637549154335196,0.0083046736662173,0.1580285598581958,0.0191438241732263,0.067400911277665,0.0294351639908824,1.0,0.2597065916855521,0.0,0.2207529328329541,0.6354313963703769,1.0,0.181078264102342,0.9402102138280148
0.4034845477681082,0.4613905016927677,0.6260872800001751,0.0,0.7503134648755179,0.0110070487904222,0.8366875351485484,0.0292952182120929,0.2393493060008009,0.0018143368269293,0.1332023309094967,0.0097319341651816,0.0516248749969911,0.018612351106052,1.0,0.3016542991354061,0.0,0.2540363321219749,0.6530594828321907,1.0,0.1915997978069494,0.9649937811146898
0.3959212914527069,0.4288362102747999,0.6016783119030346,0.0,0.7350783350551817,0.0105976228957779,0.8353642421714125,0.0276686288756079,0.2301213740141194,0.021371060842597,0.1359336538230483,0.0430450319538541,0.0594180075615686,0.0671687633847133,1.0,0.3046896017047692,0.0,0.3391366421867143,0.6712286579838838,1.0,0.2045338884023065,0.9985701788017888
0.3881611875716457,0.4093537086708331,0.5967496776663691,0.0085193048779676,0.7217713011207338,0.0309645672348421,0.8268670555428698,0.0589285199260772,0.2580491146492895,0.0,0.1584451410079874,0.0062208674160992,0.0691327783890007,0.0195799805209643,1.0,0.4050896190938921,0.0,0.3188616078856816,0.6410921747313502,1.0,0.177983517738152,0.9395783831512996
0.8688063279617451,0.8434577039752259,1.0,0.4168101813815332,0.9517646757176006,0.3713640744485875,0.8884722382472469,0.3270792517221765,0.9680332807712524,0.4421688365038235,0.905939515146866,0.4144935378878847,0.832525672089535,0.3887853125197497,0.0193902798610309,0.0,0.0,0.1485278550211717,0.2156263220645359,0.9890546988560956,0.1823327307924054,1.0
0.2820204082629551,0.4534349898075053,0.5118258507920534,0.0227150264709939,0.6563273919138715,0.0120018467870103,0.7817810581230037,0.0,0.1816960643998399,0.0522783657069348,0.0917907786695102,0.0644503710022676,0.0,0.0857428723436818,1.0,0.1710387950055074,0.0132790480703052,0.2700926002602271,0.5814840685616025,0.9625276932972294,0.1223079215126965,1.0
0.6318766712036589,0.9346385067280866,1.0,0.5721975445740021,0.9908005367158108,0.5338118055127125,0.9765766026662128,0.4898735956018947,0.9759394939812628,0.552806739739925,0.9516086994295072,0.5056313022257868,0.9194009247729182,0.4494999348784283,0.2655922697479584,0.0,0.3054743081096242,0.0986660360156566,0.0405384533704018,1.0,0.0,0.953038778182217
0.4149975690008028,0.4286647941925672,0.6355762598794676,0.0,0.7696385160728622,0.0122337808355145,0.8657410024762271,0.0283315320600103,0.2443776076706504,0.0099394155797921,0.1425243947942741,0.0262295151652336,0.0682647188521161,0.040486673234141,1.0,0.280596938791776,0.0,0.3276128293168657,0.6890559808233738,1.0,0.205535893985821,0.9836737686782498
0.6545649517701397,0.8791191118664956,1.0,0.4544320340193864,0.966045770672321,0.4092161795226858,0.9206720730845874,0.3586424748020219,0.9754855207328982,0.4405253232484993,0.929256007465188,0.3923300638879202,0.872787639134483,0.3430056777976781,0.0411874184784005,0.0,0.0941603468631252,0.1076868645488063,0.0157552573375881,1.0,0.0,0.963062151062598
0.3906774075927764,0.4915674878057006,0.6097642174969641,0.002741476485564,0.7398194093094569,0.0,0.834105233597025,0.0051167708166967,0.2191275752970778,0.0218622698729899,0.1137898000457478,0.0380079690798849,0.038328528301374,0.0571743994123718,1.0,0.208450006356576,0.0,0.2694622555299495,0.6471709949700034,1.0,0.2055232577890209,0.9954210931786892
0.9697243326872644,0.7980643128005449,1.0,0.3772536421215294,0.9381028245403148,0.3180159206205585,0.8620628174085087,0.2594573162672956,0.9968884620030136,0.4399377814828746,0.9465804715044084,0.423756900460539,0.8860866514444783,0.4084503319337556,0.0,0.0,0.0985051964409986,0.2693797464493763,0.3995881957105637,0.955580858656202,0.3918524866422421,1.0
0.3577376921636146,0.4240987094154411,0.5855101070497212,0.0251739022969227,0.7152640703867525,0.045484940237637,0.823014969671647,0.0714709750887166,0.2476695434178109,0.0056154110979679,0.1490699785324246,0.000216274430183,0.0620206415299129,0.0,1.0,0.3757183400716795,0.0,0.2459062340001059,0.5990125875872271,1.0,0.1503354608805067,0.9317632103952967
0.5705317166257077,0.9530525961210414,0.9657031267402753,0.776895825505887,0.983690607898899,0.7772441918548493,1.0,0.7740239624224993,0.8975103395531538,0.6653984404127997,0.8477988075172461,0.5791504179676422,0.769281317522667,0.4665431549611255,0.6412861884360385,0.4143731349084674,0.3046659786006571,0.0,0.1214646895906567,1.0,0.0,0.8564615479845855
0.7533522805523908,0.910364091406978,0.9849131724906413,0.5192719463041031,0.9237082295201012,0.4695442778104159,0.8571133452692342,0.4192570977273069,1.0,0.547501457958084,0.9641546994528678,0.5201628609118748,0.926475191245884,0.4920517074787331,0.0051896182594433,0.0,0.1741495661754703,0.2131201163784106,0.0,0.9844843132318036,0.0705450038186575,1.0
0.6429506206527853,0.8939550271436888,0.9931279897977936,0.4393704178755508,0.9542348623648848,0.3938319694438265,0.90421509280554,0.3469233208540204,1.0,0.4572208838382643,0.9744889151245484,0.4244567712499349,0.9414486910324164,0.3901023745403085,0.119491671725075,0.0,0.2382538188662853,0.134577793764761,0.0,1.0,0.0535226013398749,0.9932933553575064
0.724631921460019,0.9150012697206829,0.9983358068542404,0.5374610281109757,0.96107154167624,0.4925598635957209,0.9187463906258732,0.4449165292025087,1.0,0.5328004063106185,0.970522668421935,0.4885671788940413,0.9312154198672372,0.4402751132612189,0.1664814113351424,0.0,0.1650159278187271,0.0724871800890725,0.0,1.0,0.0289122510696166,0.9493008000307294
0.430974929113385,0.4514112543569258,0.6427740482141056,0.0315194204366166,0.7609781792506752,0.0482624100974946,0.8585876472368229,0.0710001463436015,0.3045804521053044,0.0048239977866865,0.1993813531778497,0.0,0.1100877537068376,0.0081065808687255,1.0,0.3697579348674836,0.0,0.291434199324257,0.6526544655765676,1.0,0.2010848734127562,0.950777276791292
0.2518186188830827,0.4574367522100389,0.4687026810868129,0.0,0.6009642386962558,0.0016950428623114,0.7434478048517517,0.0140193952220913,0.1567606791906865,0.0040122637030778,0.0757799055531342,0.0061736786299118,0.0,0.0138719547263567,1.0,0.2562683124232734,0.0179525429212073,0.1803500509244832,0.517806514227688,1.0,0.103976922973234,0.9603008622654808
0.3677497947261445,0.4424760000602824,0.5745065575462214,0.0090252834529771,0.703028181969108,0.0211762105464081,0.8181722326167817,0.0396979850600061,0.2470038990815397,0.0,0.1440730819794277,0.0088042479014181,0.0474171389087103,0.0245811627474719,1.0,0.2842989405364131,0.0,0.213685114762663,0.60468293602186,1.0,0.2050562427929807,0.9802183228425172
0.749031973261011,0.9430422381791862,1.0,0.5110391750973081,0.9632339030081232,0.4648083423935855,0.9161821277669052,0.4181577691918665,0.9673834899413388,0.5011373943738393,0.9157974396165616,0.447199716623976,0.8551617582140273,0.3905941273185543,0.0,0.0,0.0152929305669418,0.0325739101591533,0.0307750520275078,1.0,0.0335750772529478,0.9555894077973452
0.404323631596049,0.4021999920024537,0.6061491548377275,0.0312404196046564,0.7195433692424101,0.0608802189550778,0.8105241392160294,0.0916963242383464,0.2841967493234384,0.0,0.1834453172397652,0.0003143480443794,0.0933666293260742,0.0030557295762671,1.0,0.4397562525270039,0.0,0.3155232395398757,0.636485924565944,1.0,0.2089603788290202,0.9418300610035146
0.4746401630198261,0.3740402949705999,0.6658675076146287,0.0017595762634735,0.7808710187446956,0.0251250860967631,0.8601320874206765,0.0495872411619494,0.3201784429538297,0.0,0.2120291746905682,0.0173227249386788,0.1193418031268444,0.0466231529224583,1.0,0.3408656530938105,0.0,0.3471825992963955,0.7260198432700469,1.0,0.2763022415226672,0.9953808314054006
0.413755811775123,0.3648462674193016,0.6265391624231499,0.0115255058462862,0.7479626854233027,0.0385527021975539,0.8394459866818815,0.0769216311545762,0.2639823219851224,0.0,0.1631427014322932,0.0146392092738659,0.0799512917894303,0.0354327337731379,1.0,0.4500074135795894,0.0,0.3664845640919618,0.6713238925694447,1.0,0.2003401910860602,0.9465313845016508
0.5663731821452633,1.0,0.9658176851542054,0.7007238957068759,0.9489602764651692,0.6417820071022936,0.9241416608993276,0.5712531616560245,0.9959575218967563,0.7073447135429259,1.0,0.6605532556384179,0.9948804443975928,0.6039451580144695,0.4324214077173748,0.0,0.5347116869783622,0.1465095107238747,0.0,0.9408688850996908,0.0332060701337867,0.9256403733224564
0.7536910565632832,0.8907588399754797,1.0,0.4462307206769659,0.9532670856538816,0.399989449692313,0.8951339459730773,0.3514380251279225,0.9942384809666964,0.4517005095071005,0.9512540247868132,0.4138303619665046,0.9000784933547633,0.373919275594046,0.0,0.0,0.1569653507905402,0.1474551020742268,0.0197888688947388,1.0,0.0248775877443572,0.960445441266619
0.4083850372358148,0.4501670715885758,0.6166106853731236,0.0327182778740809,0.7256819061855577,0.049571913470792,0.8149217912813262,0.0663836985706935,0.2869273924123585,0.0090066674449371,0.1846909922646759,0.0,0.0865946564129348,0.0005033072905748,1.0,0.3226728370451774,0.0,0.2424388266882806,0.6282541940944988,1.0,0.2128880043944565,0.9652795062522458
0.4451008347572432,0.4454618706819654,0.6463720165863093,0.0,0.7579813458419893,0.0028844089175406,0.8488316663583029,0.0086952864375225,0.3171794564826978,0.0286869187738938,0.2099561398735314,0.0417387031006843,0.1093912910984583,0.0597756669227143,1.0,0.3159955195367243,0.0,0.2927132702733221,0.6746754024139338,1.0,0.2390627210691825,0.99353498369634
0.6752736614789013,0.9805767099985956,1.0,0.5898695360414489,0.9836423660237794,0.5390045880865806,0.9578151761114008,0.4852330716771485,0.9631642961749448,0.585031757674121,0.9254474147988184,0.5328266670828197,0.877888648943828,0.4766187050359712,0.1379725469754511,0.0,0.1345533298582669,0.0941279514349474,0.0,1.0,0.0019361084220716,0.9614148160863932
0.3505385677087039,0.4729485465797526,0.584124228669541,0.0176241851906464,0.716902156642335,0.006619376622022,0.8278029947305264,0.0,0.2364172322694783,0.0434800062494014,0.1357921048013394,0.0473207853416737,0.0408941504574624,0.0600007811754067,1.0,0.1953090416713666,0.0,0.2071080452387343,0.6240365780199917,0.9706527588511494,0.1702926905619032,1.0
0.3547491128386133,0.4633117755642393,0.5922012915499736,0.0175461590311339,0.7194307390741186,0.0161793406670866,0.8211801266614787,0.0199879288241176,0.2400934607490216,0.005510227457962,0.1330545826474195,0.0,0.0293519392874496,0.0083540026521342,1.0,0.1435313476102155,0.0,0.1570563512447849,0.593247183825378,1.0,0.1812256564532439,0.9652546181058828
0.3848688092057724,0.4269182831684152,0.5958195471687407,0.0,0.7231659484487897,0.0139385258789477,0.8253644975385493,0.0325618654785904,0.2380361264378135,0.0110647449978538,0.1319743046345072,0.0274937279502755,0.0426800775958457,0.0466851672049268,1.0,0.3159908002286177,0.0,0.2861512223897814,0.6483997035876264,1.0,0.1930007976702327,0.9621152129053898
0.3965660856943563,0.4428522518001235,0.5965466722950475,0.0124923975961536,0.7187653078039608,0.0265967174627766,0.8255660924664724,0.0457685977126884,0.2791872557805653,0.0,0.1820976855164754,0.0030026837017239,0.0917079953859316,0.0157119890440322,1.0,0.3181802716025248,0.0,0.2545029622793195,0.6456874036384322,1.0,0.2119649746158517,0.9825399897075168
0.406417245020448,0.420355418321243,0.6205653276535862,0.0,0.7278706352716114,0.0150424568650748,0.8216113282131388,0.039634520920117,0.2680477965398061,0.0061477262453625,0.1631363771739039,0.0225625262240396,0.06285254009368,0.0438361626319295,1.0,0.3493470938548224,0.0,0.2999682413840251,0.6385228739294091,1.0,0.2197909803886186,0.9554475298983028
0.9055748917807204,0.8560927947793973,1.0,0.4401138620468476,0.958247217939828,0.3994573824079552,0.9081196437347264,0.3589961176149526,0.9521950168640309,0.4354506176159486,0.8850149117078786,0.3916866363486059,0.8102274792818145,0.3478429755523285,0.0480810012050545,0.0,0.0,0.0661120971452816,0.2248200833439925,1.0,0.1797012272705852,0.9969323381360168
0.379254854898538,0.4456642154938546,0.5890655684049749,0.0,0.6981848679903992,0.0056568881445213,0.7921553385700778,0.0160623784227008,0.2291871226998327,0.0046166662305149,0.1285048003491163,0.01529257059116,0.0365572041603025,0.0300214150507225,1.0,0.297715001003149,0.0,0.2771733441498966,0.6264069205033048,1.0,0.2105471307004146,0.9640959882762392
0.7686213010480242,0.8477256200141098,1.0,0.4005622184837467,0.9557969021551496,0.3608509252726977,0.8982989355912764,0.3182742714495034,0.9732288625046082,0.3976599555000814,0.9152569151457344,0.3598523905139198,0.8442709765759862,0.3190948065338905,0.0,0.0,0.0640166653988168,0.105210831931405,0.1071313628995921,1.0,0.0627176069236305,0.9600260487328376
0.3943191820705531,0.4229399850990408,0.6045004175412463,0.0,0.745715124021035,0.0038076662870061,0.8569932516306679,0.016793553193858,0.2374681201615997,0.0283642770893458,0.1417789514072313,0.0453098372027302,0.0709571850949059,0.0588844833049283,1.0,0.2774971953652881,0.0,0.337643764290792,0.6683571444692712,1.0,0.1961857042905184,0.9750537376574682
0.8026304452185473,0.8880458963155027,1.0,0.4733509780317044,0.941778166196871,0.4266944617326118,0.8725028003101882,0.376202484758297,0.9899681195455496,0.4934973759074493,0.9348420132691622,0.4614935684428374,0.8693824546719143,0.4253657254964456,0.0,0.0,0.0445772454795114,0.1297380645244653,0.1248999889218498,1.0,0.1274541179946208,0.99293853141266
0.7106218951358985,0.9621005148320668,1.0,0.6081314047560676,0.962865666325304,0.5572777641578819,0.9202928511000998,0.4992870801667075,0.9984098007162258,0.6088394214268203,0.9653845419908024,0.5631949007109586,0.927913086067946,0.5130257416033341,0.0519867949851475,0.0,0.126230019146012,0.1378455503799951,0.0,1.0,0.0154567370382856,0.9717518999754842
0.9147387820780508,0.7929493055065924,0.9969543599423166,0.3039818797151519,0.9242264798080188,0.2473982937319326,0.8344162894415955,0.1954311499682718,1.0,0.3810618345907072,0.9493544022583392,0.3750123387153634,0.8865874911609624,0.3722555171684411,0.0,0.0,0.1624322804438728,0.2754618204893182,0.3277264603203658,0.953350842557992,0.3360448995272855,1.0
0.3762671745149131,0.4852161056071317,0.5929120415922094,0.012220241439066,0.7222043494290242,0.0074490435415103,0.8260721523356832,0.0081601771664409,0.2333174435069743,0.0089384192917455,0.133023677406789,0.0013746418625009,0.055907140794037,0.0,1.0,0.2201137164362788,0.0,0.1936091059740636,0.6300754492789715,1.0,0.1791151323591264,0.9663256039494434
0.430509517062616,0.413806883572235,0.6297912067393764,0.03690825289699,0.7353520709084319,0.0585549030354649,0.8303096203059958,0.0789904034523906,0.3068085713971861,0.0,0.2055685525058486,0.0003471590446093,0.1081661120080837,0.0091355293282416,1.0,0.3210194196974246,0.0,0.1866219862185693,0.6323964545784089,1.0,0.2562632486517952,0.986262101729879
0.2378625266356654,0.4940808639440373,0.4668016743403435,0.0,0.6000041375791024,0.0026333480940928,0.7166815696136236,0.0112389066458781,0.159673774874321,0.0089979874615727,0.0762555828584695,0.0119851649005559,0.0,0.0222097607577504,1.0,0.3148126902502841,0.0286251514239018,0.2752867357956263,0.5003643368265274,0.9861792113465564,0.0774210009723311,1.0
0.8161241188764125,0.923062612663663,0.9837271084977508,0.4932524756603721,0.9252594665438562,0.4447785002982981,0.8567390457298715,0.3974934406493703,1.0,0.5078145548088006,0.9676171584428466,0.4728634265149587,0.919287308278134,0.4366848924309263,0.0,0.0,0.0467996174418192,0.1238952813303881,0.045382735290978,1.0,0.0971485246714604,0.9950561634374204
0.9531576718011472,0.849250636050713,1.0,0.4370341863895837,0.9432405720317616,0.3932803112907019,0.8720526043312646,0.3459538622709683,0.957830474743332,0.4470720287345263,0.8853717735808462,0.4107904132726145,0.8042263653661259,0.3721185299211083,0.0004639185654831,0.0,0.0,0.1316870844290509,0.2580799150154976,1.0,0.2372708141434785,0.99718641096359
0.299084499442426,0.4273084908869677,0.5424857908557862,0.0162276066599624,0.6739428576567502,0.0390499113277588,0.7855048742760531,0.0704962979472616,0.1997194143674233,0.0,0.0984725169970142,0.0111888052228643,0.012806216050937,0.028029599359299,1.0,0.4362556959784499,0.0,0.3504595706834534,0.5542015899852513,1.0,0.1035311521997238,0.9419274135325658
0.4184919054627305,0.4272252929145787,0.6314085360574841,0.0378191639974292,0.7413102761665656,0.0510883443629158,0.8374080166219375,0.0616060066040662,0.2922669032984157,0.0044188496885876,0.1900354947623539,0.0,0.092440048480651,0.0039125450911085,1.0,0.240752572837865,0.0,0.1224793978238392,0.6381417193316596,0.996352712203204,0.2510756644446368,1.0
0.5799359063675592,1.0,0.9849147740467324,0.699516009006809,0.9763921787190653,0.6497862709618865,0.9609911290697224,0.5881057819329258,0.999317263480572,0.695412565306095,1.0,0.6477172431165404,0.9938553713250754,0.5894921844203742,0.4593702103943194,0.0,0.523895778180303,0.1086316534339901,0.0,0.962355615122363,0.0255863638474759,0.9330834860427152
0.3130863731309817,0.4714891990391442,0.5668456518404003,0.0619084231422458,0.7037091235233723,0.0773029959471962,0.8174304023035982,0.0925998323277341,0.2212964820562446,0.0180225966613237,0.1230890874116383,0.0040680071760235,0.0278674014893139,0.0,1.0,0.2710621994604949,0.0,0.1479457975509424,0.5702774466879875,1.0,0.1200608942964702,0.9522416391918718
0.3614612186835983,0.4613317298510063,0.5937846518141554,0.0206259457712369,0.7165431902420504,0.0336437456843467,0.8116774680927208,0.0544512375567444,0.2569104829054764,0.0033570287724335,0.15395455890864,0.0,0.0593128614280896,0.0076763568209913,1.0,0.3583929916908553,0.0,0.2632607358808554,0.6007072835628378,1.0,0.1619948842325723,0.939477986748184
0.3854791891006179,0.4683365196989789,0.6000585233391076,0.0187639095006345,0.7256425862634018,0.008178155681107,0.8315393979118872,0.0,0.2582798820169483,0.041580700605574,0.1538719041153612,0.0509489446603421,0.0596025094807762,0.0683363003278501,1.0,0.1742091945021207,0.0,0.2355190375749818,0.6447750362844702,0.9869243838687636,0.2122032866707242,1.0
0.9020029663678016,0.869132918242903,1.0,0.4144888707897077,0.9459640027258508,0.3696719642493543,0.8774970269511869,0.3267604728172923,0.9555445690081368,0.4282597280121741,0.8834230815483757,0.3912273745351666,0.8029904194337151,0.3576779226903004,0.0,0.0,0.0138630927724718,0.1160245624939719,0.2576597763198234,1.0,0.2048330415959487,0.9981331647251722
0.344591515654117,0.4541512223839314,0.5576612006280222,0.0054790871992922,0.676812636461998,0.0150114728957462,0.7745296852762499,0.0253228106110828,0.2140156055295319,0.0,0.1199137873320073,0.0116694833656223,0.0304055148464174,0.0291816353341918,1.0,0.31834511273666,0.0,0.340015198548211,0.5896432497338249,1.0,0.1919354873542558,0.987161560144714
0.4157235150051506,0.5210662683951487,0.6219707151124846,0.0295218043944398,0.7403700747471853,0.0111021063570565,0.8288728342759165,0.0,0.2609397633650105,0.0582331809239739,0.1551248553151911,0.0423990823064495,0.0687460346697775,0.036280405882994,1.0,0.1882415657768503,0.0,0.2269737587558039,0.6612772286008609,1.0,0.2376014499180214,0.9836921625906048
0.3756607637306193,0.4569516314730703,0.6021879188238576,0.0075353095729112,0.7232831481720854,0.0177254266880906,0.8175645796624237,0.0352969209293302,0.2732358657223783,0.0,0.1677495141359784,0.003945309699431,0.0696854866690704,0.0171950977787337,1.0,0.3125904089542312,0.0,0.2648133621798521,0.6033762163608615,1.0,0.1708086999707461,0.950104800583678
0.5166124394162392,0.9322268326417704,0.942815001822582,0.831913343773132,0.9733397686004036,0.8599017361326149,1.0,0.8838764092990884,0.8622369078316808,0.6442152014084881,0.8247424768127932,0.5378354227676083,0.765448016092673,0.4128144104610321,0.7452511779238888,0.6227059722136207,0.4273737360100473,0.0,0.0830453213808378,1.0,0.0,0.8002680727954773
0.4712421325632434,0.3637228652452935,0.6721984886843279,0.0,0.7838430415707787,0.0179325335451258,0.8606778525923351,0.0431758030699371,0.3046646888323455,0.0157159923174571,0.1961703098772989,0.0397855400110422,0.1001891810614187,0.0669373450346176,1.0,0.4019573764072012,0.0,0.3862160836191553,0.7198755286725547,1.0,0.2569919144824821,0.9624574017076718
0.466966554958278,1.0,0.93160747621511,0.7240749813363195,0.9317019410269676,0.6666005661316412,0.9315265063763748,0.6027843878312803,0.962668406018758,0.7198562118949857,0.982047187422685,0.6628697741694662,1.0,0.6023216840861018,0.6405119093137807,0.0,0.7454128337194396,0.1353039069304467,0.0,0.8932204180664427,0.0366613436494905,0.8686873989050641
0.4013560576585486,0.4208439519686838,0.6222254908473255,0.0311907950427975,0.7389470387838218,0.0567684562706307,0.8369812771045504,0.0897765495742841,0.298814279884988,0.0053712752663803,0.19113865191357,0.0,0.1015287675912662,0.0020602765249405,1.0,0.426087579667756,0.0,0.2898932239296639,0.6336746410575191,1.0,0.1826217747368982,0.9451014686188552
0.4429052657501957,0.4453072734411781,0.6382534279708347,0.0,0.745674907869161,0.0068673204668928,0.8462162590041954,0.0114777750526485,0.3130491569698408,0.0028153250405006,0.2116326728057908,0.0107673228849634,0.1120500101145984,0.0255014329946863,1.0,0.2250003166520991,0.0,0.2240480574257204,0.6507559566215467,1.0,0.2640680932654335,0.9826843116731782
0.6277238380903505,1.0,0.9741646896522892,0.6445345828622165,0.9525516549439296,0.5873641276073279,0.929177596856286,0.5273635033053322,1.0,0.6578703671589403,0.9961487411556912,0.6107719841011092,0.987892311068842,0.5590225511754219,0.3958540179551226,0.0,0.5170563213946051,0.1536806070990073,0.0,0.9708052108406572,0.0323307170552866,0.9607157969214974
0.7971449038823665,0.8722791612921049,0.9846167480263204,0.4751998061970203,0.9249374109167168,0.4328989058206769,0.854689934789189,0.3894781132259908,1.0,0.4856910925005472,0.9626459488800426,0.4537879769901462,0.9184827963103817,0.4232108818673087,0.0,0.0,0.151580051252877,0.1496235504620883,0.010767537867304,0.9897828429112098,0.0388384647765484,1.0
0.6747066143504433,0.9478027250047976,0.988758759891148,0.5654811403228214,0.9519508433907105,0.5152007505490522,0.9079980708888796,0.462647391202371,1.0,0.5859229407876501,0.9764934237554554,0.5511418153905201,0.9468839496763976,0.5125908867992921,0.1455943031681482,0.0,0.2228956910564265,0.1378643467877779,0.0,1.0,0.0705971313403154,0.98219791466769
0.3296737589293992,0.4618524070356831,0.5549580637647817,0.0167487706987426,0.6857755998724614,0.0090459402276621,0.7968404794909355,0.0,0.2209583939179456,0.028770111345945,0.1275408790667067,0.0312631670505467,0.0325562673697873,0.0393003629446297,1.0,0.1733605645353506,0.0,0.1896168240029189,0.5957229336595669,0.991118983258005,0.1631250579464021,1.0
0.3878185356699132,0.4327071311812334,0.6147988218632979,0.0076183995443771,0.74421357637471,0.0269613152252834,0.8421527059784356,0.055730547457559,0.2356143079315707,0.0,0.1391022355056995,0.012674438631733,0.0622279468622075,0.025802177319572,1.0,0.3363158856838556,0.0,0.283771118340902,0.6458921605254698,1.0,0.1650303656915471,0.9575482912489844
0.3402809309327538,0.4614949511177149,0.5742330245602107,0.0062353779884147,0.6988357270332285,0.011457744129719,0.8156175260109945,0.0283063178246574,0.2356978960531267,0.0029397425298723,0.1333851327562553,0.0,0.0469399895591788,0.0058739068006807,1.0,0.3134836562587503,0.0,0.2384337587313695,0.5856378006288774,1.0,0.1392417050103801,0.942838463658198
0.5039324489373301,0.445700964025009,0.6885948415398464,0.0336140299191462,0.8002375106182461,0.049005286588759,0.89087401371814,0.0676812252446888,0.3563060759611361,0.0040222265867949,0.2428313632348777,0.0,0.1433769614700301,0.0077365462044584,1.0,0.3175461962748371,0.0,0.2513605191659301,0.701681169465094,1.0,0.2872737415529475,0.9543151985335036
0.7581300469404173,0.8457648702192397,1.0,0.4184871494726274,0.9478640136594926,0.3838165438839389,0.8877261790047266,0.3439575880137177,0.977741337435678,0.4024386480665063,0.9123797609588684,0.3572761366745596,0.8354549501574994,0.3042302952751451,0.0541477186279541,0.0233640341583537,0.0,0.0,0.0938132188280008,1.0,0.0685172349669396,0.959997037579538
0.3190335801799516,0.3910123142616834,0.55207617981165,0.0380599107162093,0.672961765747954,0.0633623757251612,0.7721779220267959,0.0918749595635033,0.2255650279725479,0.0060568483253898,0.1284812590489771,0.0,0.0412742709422308,0.0048750242618991,1.0,0.4939819707131939,0.0,0.3319685565787487,0.5540314149866414,1.0,0.1309592025089997,0.9467467489055188
0.4574887472109807,0.3789518865353105,0.6771384598188376,0.0353632033452074,0.7876113993869541,0.0620897729515669,0.8718192331337137,0.0981380587311962,0.3074128688055922,0.0,0.1950741372861755,0.0150937445498872,0.106842383570713,0.0384993352820586,1.0,0.4467875795390105,0.0,0.3509992700112475,0.6866393819671638,1.0,0.2249160608574904,0.9418776480368088
0.9014867559099972,0.8676610675680149,1.0,0.4633784375241367,0.9429621190544004,0.4130913718465991,0.8710680717744232,0.3625211023616255,0.9990771859868984,0.4688641320538896,0.953773853602962,0.4240039133617027,0.8981372828254058,0.3820768769608185,0.0,0.0,0.1213329535744915,0.1431705585735355,0.3455254913130162,1.0,0.3520535459982911,0.971385381534376
0.4074083825345944,0.459031273474534,0.6423326114954375,0.0,0.7549415179658652,0.0149546266955609,0.840405808930166,0.036868508077398,0.2687606547881548,0.0031461270797896,0.16011856571467,0.0063602493589043,0.0732851961797442,0.0107561929595828,1.0,0.3260639629760749,0.0,0.2414110191077307,0.6519754004664521,1.0,0.1877392870698866,0.978951708298438
0.6357824850114839,0.9410621214761687,1.0,0.574563917190529,0.9838539550047716,0.5303744320458208,0.9596531522687112,0.4788026654545519,0.9663563180076804,0.5546628386839453,0.9290277213346148,0.5038133103846009,0.8831375199200003,0.4478488258237918,0.2875055365043995,0.0,0.267491929260597,0.096557151147227,0.0244245460066392,1.0,0.0,0.9491307089613245
0.4485515407056074,1.0,0.8929327793429833,0.8411424712124718,0.8943741279840721,0.794414510556049,0.8991017515268687,0.7383805103023157,0.9364845698823476,0.8360491496205196,0.9663339393403696,0.787199904476899,1.0,0.7320017313562042,0.7325779385255196,0.0,0.8635561722392409,0.1535944298091776,0.0,0.8678926708408272,0.0564239948034577,0.8459951193665625
0.6510498463197069,0.9190080141897664,0.9848496628363216,0.4686862569083181,0.944918702347447,0.4173824639577768,0.8995558043465867,0.3616184120872584,1.0,0.4726706395128757,0.977168239751634,0.4278171337104293,0.948914908284223,0.3771168384508063,0.2170909072061285,0.0,0.338091461802802,0.1044937865694725,0.0,1.0,0.0332965329933189,0.9777830652923936
0.3182348075518475,0.4659474158763817,0.5509865477359467,0.024259187582277,0.6848126309068306,0.0099248180339142,0.8006007807247099,0.0,0.206763862217084,0.0593060279766968,0.1028171875529069,0.067197971783752,0.0,0.077182678092758,1.0,0.1333268269528271,0.0059376677905103,0.1903304834647363,0.5909805496031074,1.0,0.1552742452752611,0.9981534448512164
0.412810172474945,0.4604970897377354,0.6294481589974632,0.0338538814861036,0.75334419238028,0.0444886843796314,0.8478419833523841,0.0620287740946367,0.2896015868220223,0.0030094405312649,0.1887700815742123,0.0,0.1096916993970606,0.0087194226171886,1.0,0.3710785843128927,0.0,0.2963911508191487,0.6527009689947967,1.0,0.2086994977690797,0.94610177756381
0.3655940484121668,0.5018708972030196,0.5938174550299782,0.0089657140119092,0.7190162114146113,0.0,0.8314945591827663,0.0034837020677878,0.2615300910504076,0.041341601000135,0.1651721074838959,0.0497508374388508,0.0838352209637978,0.0622732163314733,1.0,0.2662434823517112,0.0,0.2805844865813764,0.6106129247168537,0.9830247115246378,0.1849145014434785,1.0
0.430460645457885,0.4406230556330322,0.6503816334728968,0.024413739835654,0.7702229220685716,0.033476367225214,0.8669406378961072,0.0473717522366924,0.3097729533253562,0.0021787637580724,0.1970337208028373,0.0,0.096483558503885,0.0086549807977,1.0,0.2327501126391898,0.0,0.1822512819412559,0.621393386451958,1.0,0.2174440761419423,0.9503121714690296
0.3147462858573287,0.4751502677924101,0.5244197057969201,0.04130530460722,0.6606344565697357,0.01489708224278,0.7911318718428901,0.0,0.1889625433050969,0.0883895672585243,0.0931942217362657,0.0965413425127623,0.0,0.1073763573003463,1.0,0.1418002793800908,0.0036793096689329,0.2223378628060902,0.5875630831575986,0.9619583821468892,0.1786165512257674,1.0
0.6423159262021023,0.9037203169478368,1.0,0.5333666054623799,0.9746951146176724,0.4907125575587294,0.9438156976884036,0.4447764811232013,0.97770187381233,0.5417195529211697,0.943719481394174,0.505068865091786,0.9038799220648136,0.4641646847157697,0.163068578163712,0.0,0.1868460298751593,0.1042711555287187,0.0,1.0,0.0374521925288047,0.9665882101648408
0.4083253230443087,0.463911772846875,0.6141214113345029,0.0270868743100981,0.7388578560209366,0.0133728032975131,0.8428750999885727,0.0,0.2671582631452764,0.0435844448619199,0.1590921821819803,0.0420303983939276,0.0609790253662886,0.0481131897192842,1.0,0.1133242254501232,0.0,0.1350808760019875,0.6606393442990269,0.987276383495982,0.2348011767842823,1.0
0.3635284652391239,0.4127057422449931,0.5930236649332554,0.0,0.7224759398302242,0.0132641252935181,0.8286338890100792,0.036642061860305,0.2390958114311315,0.0036615097688965,0.1364985093601859,0.0199164110687942,0.0526896021129367,0.0394002718887297,1.0,0.3704180570067555,0.0,0.3268147449077052,0.6419086757348279,1.0,0.155369000790473,0.9481478984798948
0.3755029145370103,0.4460344269122204,0.6022642440151244,0.0,0.7361567750047897,0.0041109115307403,0.8346278267265356,0.0182209396729761,0.2275915376027024,0.0425814294908739,0.129653404624061,0.0737871286087456,0.06076374743175,0.1047267595206111,1.0,0.3244528249502562,0.0,0.384838739530794,0.6695287192553231,0.9980912498264792,0.1740508210692287,1.0
0.4017399857915733,0.4542264143354182,0.615012842231816,0.0461624063981141,0.737474178916885,0.0529388367109341,0.8354773484889885,0.0520852187787006,0.2816066451718673,0.0133528637540865,0.1792556970326247,0.0013608725673564,0.0780785835291546,0.0,1.0,0.2431615594839857,0.0,0.1873925994453718,0.6342772829116345,1.0,0.2031367834307885,0.9712194446120396
0.8625397485507844,0.864173035966182,0.9937010908980256,0.4438343029420171,0.934698266024942,0.3888219945972359,0.8594308666832339,0.3291813798253782,1.0,0.4819542148013608,0.9552736881076394,0.4556318744641029,0.8996789686423873,0.4270193522214949,0.0,0.0,0.170846498323841,0.1970257138378986,0.2410372406518001,0.9820510220075048,0.2874523904917916,1.0
0.3381355525106396,0.4666089832904899,0.5701724086659525,0.0033021256362221,0.6959046937155575,0.0159551304105311,0.8136696259255777,0.0410005360667786,0.2523635565091843,0.0,0.1620897659661549,0.0032941246395265,0.0779624804704882,0.0149504338254728,1.0,0.3750730090948492,0.0,0.3148380769718742,0.5691773473724644,1.0,0.1453338487827044,0.9441061800841476
0.8433549862573966,0.8883636656308339,1.0,0.4878752603486758,0.9486116181829454,0.4449788285732794,0.8885505858688976,0.3979698201655631,0.9714332949872356,0.4750055455985615,0.9127844098946744,0.426398619587643,0.8464754871907915,0.3761859237985681,0.0,0.0,0.0207137887565527,0.094750232129922,0.0532482830356343,1.0,0.0417582266186307,0.979762982099004
0.6640805965413296,0.995358068364115,0.9896610079856152,0.6158035457200445,0.9537892009096196,0.5607502776520916,0.911602940398752,0.4993973921270206,1.0,0.6362202295257291,0.9766143106457242,0.5988935049977376,0.9483685017716432,0.5553802805314467,0.2065312814003913,0.0,0.3222803955788249,0.1912241372218337,0.0,1.0,0.0576074884975408,0.9909032948048208
0.4000039041911492,0.4560520143378284,0.6401767297193537,0.0,0.7651737473511148,0.0112425941515637,0.8564146945078875,0.032433777551874,0.2512477144214314,0.0026610755489196,0.1469884587771639,0.0086259934029046,0.0690651414293243,0.0196038566005368,1.0,0.2947281477834077,0.0,0.2474779082018944,0.6499654045284322,1.0,0.1793607103892695,0.9494670965897358
0.3809323396447707,0.4377288602675203,0.6016394915542805,0.0225582487640154,0.7277862371611815,0.0430585637425234,0.8374482191158985,0.0661065317415974,0.2716533943669977,0.0,0.1634526264021041,0.0088984211006662,0.0580111411655666,0.0231993357626375,1.0,0.3079521499787417,0.0,0.1950963522594977,0.6283432954395021,1.0,0.2080858569618108,0.9731277699744232
0.6289429917767717,1.0,0.9945486464011828,0.6533319855001525,0.9849302411530908,0.5992306710081082,0.9709784717730758,0.5402913447828215,1.0,0.6461263983769251,0.9940081308324864,0.5930306383763576,0.9822461424743694,0.5367958458362595,0.4603621916289384,0.0,0.5155224983830731,0.1263292118013435,0.0,0.9547855171777792,0.0086482490991407,0.9149410855022808
0.5406564225730885,1.0,0.9273216233815657,0.7350168867055573,0.9252031764019468,0.6777931293282844,0.9187336676617588,0.6093746801760311,0.9564851539573944,0.7440981816941289,0.9796400754353176,0.6978627230239143,1.0,0.6442124654590113,0.5118565375865772,0.0,0.6774632760239161,0.2163033466380104,0.0,0.9359669771091323,0.0720567963669268,0.9281393920786
0.4235121493133024,0.445159501346844,0.6188754548655964,0.0350939364221489,0.7377978635990106,0.0530493471343699,0.8412818405916241,0.0700668924966471,0.2954431271276004,0.0006530797528127,0.1951801854677816,0.0,0.1026106350510711,0.0133142619770525,1.0,0.3544135343819712,0.0,0.2845447070562577,0.658652423993428,1.0,0.2185726024181278,0.9559395997584674
0.2242481263991175,0.5344795740122118,0.4644398199859984,0.0289093298291702,0.6035590305940369,0.0087762350321108,0.7296267629460376,0.0,0.1482774922251936,0.0546469715920185,0.0704460027530461,0.0497548670371367,0.0,0.0511122017636907,1.0,0.2600087604029785,0.0450475294422995,0.2395843558201267,0.5104374747985039,1.0,0.0934459888487724,0.9885323158600215
0.6871014866374495,0.8906796931191561,0.9895792157199736,0.4836989530887877,0.9358253845492824,0.4317589706705027,0.8710492394947151,0.377063853592264,1.0,0.5104791017341964,0.9637707312881328,0.4780068728522337,0.9173899344046288,0.4430492288020459,0.0363610323393772,0.0,0.1296439517630546,0.1599596419723487,0.0,1.0,0.0413795078914955,0.9940861504035804
0.3871105430301962,0.4586154175457909,0.6284155413947726,0.0725499189676806,0.7437070991298619,0.0969666391462557,0.8407909418415564,0.1274001365827803,0.2845103356445726,0.010969431958332,0.1778946416102774,0.0,0.0714529287999285,0.0014453312132424,1.0,0.3404957751072786,0.0,0.1326157640991142,0.6113027482074135,1.0,0.2027229221422424,0.9340029966669724
0.3957958831200874,0.4364812806882983,0.6071054069296112,0.0,0.7442613055584928,0.0104505505161345,0.8489390574882847,0.0258200442528564,0.2395778259490324,0.012348046086441,0.1443177011737337,0.0319995768650954,0.074235134468295,0.0540907448055764,1.0,0.3136443374853432,0.0,0.3280320260227951,0.6622563533185295,1.0,0.1853168728631349,0.97764547466039
0.8338276849373937,0.9121254874468736,0.9614592885079628,0.4929185470797003,0.8924621516926474,0.4275791964246593,0.7983700432284746,0.3576795338036191,1.0,0.5419129825176358,0.9790360611561276,0.5164544538404241,0.9413234275876264,0.490103842614906,0.0,0.0,0.2756563804105676,0.2252902773517942,0.30178060145592,0.9811295622836612,0.3283539495106294,1.0
0.3114398385744396,0.4619093951596566,0.5440442077524787,0.005416677178982,0.6725811504335072,0.0261740247403275,0.7856274128606037,0.0552593215003034,0.2364902840610654,0.0,0.1449144499829551,0.0076511387856244,0.057314365216105,0.024598822547332,1.0,0.3887798654935294,0.0,0.3535133261447372,0.5286042033298607,1.0,0.1098168299042646,0.973691051952057
0.6543782188925698,0.9503862027185642,1.0,0.5520919313922229,0.9848695643043516,0.5087671803415243,0.9643474015235436,0.4631914732497822,0.9927025310142432,0.5342243762068835,0.9705003753734046,0.4808091325584037,0.9390635089800972,0.4245882397485896,0.3029604624180347,0.0,0.297552985399812,0.0516905834690091,0.0234569003081736,1.0,0.0,0.9512437999318466
0.4596929973958663,0.4471109631597632,0.664901273500423,0.0483260136042669,0.7723170235910735,0.0698343237528983,0.8476370468854728,0.0893284354882358,0.3211968047116175,0.0136337635276283,0.2113043764902372,0.0022385834875761,0.1106418046566823,0.0,1.0,0.3812997689781841,0.0,0.2592111126444658,0.6741772791701963,1.0,0.2367655946115219,0.9521543600758906
0.4389881959197645,0.4683249101234797,0.6279076061217006,0.0467326629500321,0.7359056936532175,0.064806960871151,0.8315629468252534,0.085275881831918,0.3079683179749471,0.0055426457562634,0.2058858021767896,0.0,0.1003730215648859,0.0085249830667412,1.0,0.2991517740843002,0.0,0.1965289428437454,0.6362881873497398,1.0,0.2649174796912975,0.9990215182618662
0.3741646110024254,0.4494213376584124,0.6130278152637956,0.0122363031585892,0.7394574885568662,0.0145817412101052,0.8510403998372328,0.0213607499244047,0.2630254013430595,0.003849685240674,0.1521942539490594,0.0,0.0566236835510843,0.007781840173738,1.0,0.1669549440580567,0.0,0.1316359237980023,0.6033698333475104,1.0,0.1812716534437498,0.9521477856887594
0.9139049573706876,0.7844631148668234,1.0,0.3637248409476074,0.9392646531668122,0.3272829598661146,0.867936994369977,0.2899418800236119,0.9894639179605405,0.3623728691634066,0.9261560520970236,0.3283450722850016,0.8518692935412883,0.2959400646999955,0.0004568681337851,0.0,0.0,0.0896596374007443,0.2059069535329853,1.0,0.1791204234113174,0.999225631184636
0.8821706233965917,0.903155571462658,1.0,0.529201605481133,0.9396918829519976,0.4852255683948597,0.8757960124497112,0.4378536489756962,0.989992056153889,0.5391016463851109,0.9381421818229296,0.5037260967379078,0.8907004909557473,0.4678222040426765,0.0,0.0,0.1174256729479627,0.131286856188431,0.0846605633619409,0.9803873947574736,0.164183672140556,1.0
0.7813854219830186,0.8827139197913024,1.0,0.4495080293764591,0.9398134830418224,0.3912607869639599,0.8616897879645525,0.3320210966077184,0.9995453069178304,0.4896289189878921,0.951245766250638,0.461793117137213,0.8892033591611377,0.4360367300258036,0.0031828515751683,0.0,0.0150141511622696,0.220803126683617,0.0,0.9675634930386908,0.018039252076277,1.0
0.3612523535749167,0.4369874360229354,0.5593906380579357,0.0,0.6900555796087277,0.0162835609672911,0.8130758077670539,0.0410383386227664,0.2630038160637152,0.0020696345085254,0.1717782454161875,0.0111454635250429,0.0846984906914224,0.0315284289602661,1.0,0.3530227294370924,0.0,0.3579149954930912,0.602112427882437,1.0,0.1820358045450426,0.979429892653628
0.3948213666936179,0.4402306850949587,0.6171245413108957,0.0,0.7240157620236519,0.0012364814674005,0.8053025793210068,0.0003918839087787,0.2708664670499116,0.0007615415660148,0.1698149250548649,0.0063789341927483,0.0765444384223716,0.0204142271405927,1.0,0.1727412571869754,0.0,0.2275406652668027,0.6237638717358661,1.0,0.2068476841198011,0.9816259087904824
0.3383353793041787,0.4365136260297027,0.576768588938586,0.0018849095042664,0.7152196714217838,0.0083545425019929,0.8332439690893823,0.0165461041070005,0.2386425101005077,0.0006920783016918,0.1404382610658762,0.0,0.0479486202631027,0.0074935781983524,1.0,0.2489060793055596,0.0,0.184331394490537,0.5951235343088127,1.0,0.1376679695032718,0.9599704744751838
0.4245137733996208,0.4644448043229148,0.6264782321189616,0.0433060212906818,0.742010461588483,0.0698927266055647,0.8358220431513107,0.1040129638246972,0.3156139537642605,0.0024394293785213,0.2153742731041391,0.0,0.1215319350863048,0.0075253321416344,1.0,0.429003380352137,0.0,0.2997412974894395,0.6259026470323317,1.0,0.2040800634461729,0.9384546317384111
0.6640091061006095,1.0,0.9700758034438592,0.577153458475229,0.933971083286914,0.5210096847472073,0.8913613136034573,0.4618474916231042,1.0,0.5906776977123352,0.9898282918795862,0.5458217177621469,0.9723232665714268,0.4958340338516517,0.2707757138359475,0.0,0.3564118088687641,0.1019909056431149,0.0,0.9667915218385772,0.05179336901504,0.9584850036948268
0.38996690647812,0.4470994325529361,0.6116017677398936,0.0371029031095764,0.7245715386538298,0.0517742944490987,0.8242695000653614,0.0711762534346351,0.2677387469411999,0.0028759198632998,0.1647543671752626,0.0,0.0674850987416251,0.0038706653963397,1.0,0.2747288213149665,0.0,0.1242182958019525,0.6204978017920497,0.9951423259803198,0.2276366455140274,1.0
0.3166322073519413,0.4514772183189379,0.5623131513509029,0.0007582700177868,0.6960362474737644,0.005753102949237,0.8072443724213723,0.0185516176065965,0.2150051688972088,0.002891175253533,0.1244353794715617,0.0002729772064051,0.0459077235431626,0.0,1.0,0.2798059695348758,0.0,0.2122495271644821,0.5651653581440399,1.0,0.1237624915015879,0.9572552358544748
0.4579152778363801,0.4745301159521656,0.6620733302392374,0.0012854401844984,0.7735665161807551,0.0,0.8589932914223064,0.0090138342349286,0.282692713387622,0.027064607021822,0.1727289987764236,0.0396470080434529,0.0867262984684194,0.0523900890881479,1.0,0.2529313602246579,0.0,0.2864756779804306,0.6775895531834129,0.9814829400873536,0.2394561410910942,1.0
0.4383447885172002,0.4008049647035666,0.609790587937399,0.00242779708823,0.7199642074679328,0.0137756262754443,0.8172499404530682,0.0255343134314376,0.3011014572367208,0.0,0.2061911638795834,0.0168508359205332,0.1089097225649593,0.0504336645474865,1.0,0.2567568026421691,0.0,0.2886735625913267,0.6692709953885971,0.9515323417659176,0.2805379179818879,1.0
0.4404129540781357,0.4417146777899999,0.6265764222069911,0.0,0.7216458190541467,0.0102124832550997,0.8179146675805303,0.0193630947843039,0.2912118745716244,0.010034960084514,0.1881275702535983,0.0263104586196756,0.0910212474297464,0.0524281466798829,1.0,0.2963504285605375,0.0,0.3162537165510406,0.6530114804660726,1.0,0.2407128169979438,0.9776299023078012
0.6101081600451362,0.9738687572632324,1.0,0.6193319465644683,0.9863411581146392,0.5738691215632844,0.9652953465617008,0.5196157363050503,0.9753973361071112,0.5989238576461117,0.9422176776001964,0.5460274900819311,0.8992181095351772,0.4873988611980371,0.3245021728973993,0.0,0.3281383602337709,0.1143738228554566,0.011463906984124,1.0,0.0,0.9419378576971136
0.9124157998810348,0.9433159934518262,0.9876131376300178,0.5688538712882849,0.933274922431394,0.5120486838655377,0.8668713727633716,0.4549130031484995,1.0,0.602339451865855,0.9629519476552578,0.5697021374102986,0.9170377634519236,0.5390543925863744,0.0,0.0,0.0767889008568718,0.2304089083365831,0.1236998215520151,0.9793551855499518,0.1991543816214652,1.0
0.9431092978616546,0.8463488430808825,1.0,0.4552584641196256,0.9374712252891636,0.4142715196729188,0.8686244094543961,0.3776540726322048,0.9864077119766544,0.4564903121767671,0.919643299830716,0.4180403638940244,0.8465537635551164,0.388799752408721,0.0,0.0,0.0111769830645332,0.1322495785247143,0.3075866074527386,1.0,0.2826969252672064,0.9752449443326844
0.3826748297215769,0.4434084439958721,0.5938739599954058,0.029830689150726,0.7259753374523477,0.0132137308490491,0.8437374795279291,0.0,0.2448401011244081,0.0482779737131561,0.1362180500982853,0.0482337464986788,0.037504598161668,0.0499132466177521,1.0,0.1293577981651396,0.0,0.1230242342454703,0.6277843772624695,0.9866207006044386,0.2176658442693397,1.0
0.5282149378314965,0.9333179882947656,0.9438900965133532,0.8192447308851644,0.9724197895835212,0.8410366404334925,1.0,0.8581444036546604,0.8661820711242492,0.6502474753990688,0.8166211633771033,0.5415972719062643,0.748091470306935,0.4160372268680874,0.7338979219198382,0.5917726158501543,0.3804190939918294,0.0,0.1215546474219641,1.0,0.0,0.8107047770962105
0.4034289233369519,0.4397964796781621,0.6073212997363577,0.0394886079785324,0.7061995275565774,0.0562788149355105,0.795660353186296,0.0763124348764615,0.292476641920705,0.0195472177906801,0.1973406514864436,0.0108864047854066,0.1084507137222069,0.0,1.0,0.4230831308487662,0.0,0.2923814930020675,0.6058805945325125,1.0,0.2027595910285196,0.9548886710021972
0.6163455833790535,0.9796623728483947,0.99524251956164,0.5902353754936344,0.9761342393068742,0.5362455277330275,0.9505389945484872,0.4796126503002137,1.0,0.6135629852091994,0.9912574300650376,0.5768876336707837,0.9752722957921596,0.5355516219495217,0.3340143060235299,0.0,0.3833521766872264,0.1457555727927056,0.0,1.0,0.0334031097130959,0.986382651471456
0.8863084965358531,0.8824155656367435,1.0,0.439261283736007,0.9560166078887468,0.3829419148784034,0.8990958205147432,0.3300408367562586,0.9703984392586474,0.4689116289416606,0.9174357819964472,0.4319043116940897,0.8527050348915717,0.3981921393216649,0.0,0.0,0.0270878667366878,0.164425544423876,0.2835096670918597,0.9915823845805491,0.2344801280608194,1.0
0.4004149620241913,0.4016223209666998,0.593919660170897,0.0,0.7310957196222769,0.0131434902101905,0.8424805091822581,0.0307359501470431,0.2386031639099995,0.0067084514020089,0.1450098126589147,0.0241073352224358,0.0735867548987319,0.0487418099257538,1.0,0.3416848121491439,0.0,0.3738753172953175,0.6717612962534122,1.0,0.203841322638817,0.9612454053013608
0.8113115699896535,0.8787899542555991,1.0,0.4975073086503419,0.9782626986225512,0.4578171017010861,0.9560987042957648,0.4126116123729773,0.9257133584941836,0.482549358172531,0.8548642996225769,0.43553247708274,0.7807639606721342,0.382410935399101,0.1494627274694085,0.0,0.0,0.066196005205273,0.2278239861535105,1.0,0.1448111733455113,0.952155826553381
0.4502821295238721,0.4649554768746403,0.6535666797361094,0.0035478480746798,0.770175244199727,0.0013394516381771,0.8594168186699845,0.0,0.3105598268014495,0.0197087799459071,0.2002970457373689,0.0336963202658724,0.1004415199195338,0.055205792690774,1.0,0.2105090842824976,0.0,0.2469759382596189,0.69486967491178,0.9818952674424728,0.2529875044748609,1.0
0.6839938627218249,0.9190983608259626,1.0,0.5096080561053158,0.959511333700026,0.4637888532842668,0.9113105404857712,0.4143228880032729,0.9827519323741424,0.5146109323957526,0.9365197000839534,0.4736243128573297,0.8808152158179661,0.4279837100200821,0.0897605882523231,0.0,0.0976695712590105,0.0954616913418466,0.0,1.0,0.0318096285788727,0.9612708011870668
0.3955660505721339,0.4596253140253334,0.6252649967300654,0.0185487446208751,0.7387384619436166,0.0189798523789239,0.821145312575439,0.0259053540694663,0.2913361980046788,0.0052999587780983,0.1871765723139317,0.0,0.0807016542818643,0.0093454828684646,1.0,0.2022573157764328,0.0,0.1784108345823977,0.6103264233012777,1.0,0.2087450018215052,0.9646958301435412
0.6257298550029582,0.939303779181403,1.0,0.5814189942908138,0.9864093381482536,0.5392181962482491,0.9703462846696732,0.4899549775253365,0.9827482006483158,0.5536411149188608,0.9580242843799788,0.498661395148106,0.929544330731078,0.4382358212121323,0.3106772355165232,0.0,0.3122405861815716,0.0865393407188235,0.0106038129772991,1.0,0.0,0.9413263160204668
0.4044876959729314,0.435588029859625,0.6333006847515197,0.0342799724173886,0.7576027398747728,0.037528393045528,0.8646698185940551,0.0419910724132668,0.2880299874690255,0.0132398762570084,0.1767041148071815,0.0051734106299997,0.0778722969906115,0.0,1.0,0.2073775687420836,0.0,0.1077949841088065,0.5951821986322343,1.0,0.1786347970177583,0.9435447666005322
0.4215845276068152,0.4213001109258798,0.6389213351902601,0.0264603998867321,0.7552113751740869,0.0512345560729257,0.8469495484972416,0.0796888539717213,0.2997888494541533,0.0035183304484088,0.1905903230154094,0.0,0.0943663237342198,0.004319934934839,1.0,0.3770766666027938,0.0,0.2589991547490541,0.6551102924659689,1.0,0.2124331730985219,0.9424484173367996
0.4156895011625978,0.4034392015757403,0.6366353534274473,0.0,0.7567249973293209,0.0040132737123159,0.8452392587558454,0.0138571097150979,0.2987842159454317,0.0090671100335234,0.1969256505660703,0.0199367246955623,0.0975854787788973,0.0347570655906964,1.0,0.1894824707846394,0.0,0.1714960902139334,0.6505319765525738,1.0,0.2394383164038794,0.967399116602148
0.4653205665546071,1.0,0.9459413914982236,0.7870126750674402,0.95524858058885,0.7391005506078859,0.9670618837335913,0.6827796459849969,0.9616132461090416,0.7729463064927387,0.9793764096891552,0.7179243191308525,1.0,0.6547522264513507,0.7658382087333734,0.0,0.8327125660015368,0.0781678430213222,0.0,0.8825764014633606,0.0249012677480321,0.8529470455637264
0.6680775285828581,0.9018675201835163,1.0,0.4834046642474217,0.9670748703125532,0.4370431221047043,0.9245425452293208,0.3872193343266058,0.9793919529253876,0.4847608880553494,0.9372725630371384,0.440493742964589,0.8830619144707977,0.3922606119669314,0.0835161431852788,0.0,0.088432652850556,0.0988047793326991,0.0169109866570443,1.0,0.0,0.9456561120163368
0.9044895575707508,0.8100404383177168,1.0,0.3434774491238364,0.9362004213611578,0.2954807974411634,0.857790601813664,0.2492157510427587,0.9938914078959308,0.3808526309526496,0.9381641018594744,0.3569404750425207,0.8722863424017488,0.3345486029186986,0.0,0.0,0.1171853531189874,0.1713201848960523,0.3003572410002714,0.9827311354529767,0.3300986992763428,1.0
0.332259531569775,0.4229477233190833,0.5498701963162305,0.0024607916481135,0.6813982793905874,0.0138921446460957,0.7970988402940963,0.0303684570028813,0.2044123777760971,0.0,0.1056691995755367,0.0138113894051347,0.0287155120139513,0.0359282310227968,1.0,0.3397586091255665,0.0,0.3097838339223606,0.6001833358599276,1.0,0.1525974948836544,0.9582080412031184
0.9322275249018378,0.8865392469166055,1.0,0.4577064444988973,0.9537421487836342,0.4121252960875602,0.9086474407325548,0.3675345095156416,0.949117773532501,0.4647900841297068,0.8712576749825669,0.4223576737727681,0.7929605165765524,0.3817283345585232,0.0172920617241306,0.0,0.0,0.12249448664543,0.2199679959395729,0.998053990035122,0.1892751150806798,1.0
0.6351681957186545,0.915847678393378,1.0,0.5289738957351956,0.9909069189602446,0.4919648477173854,0.9756163990825688,0.4498422677789929,0.9562452217125382,0.4963041084648077,0.916174503058104,0.4398807213904945,0.8645498853211009,0.3765687346700806,0.3085961391437309,0.0,0.2259461009174312,0.0146684466857665,0.0704032874617831,1.0,0.0,0.9324527313947464
0.6516250048594643,0.9845271197259048,0.9867385219453408,0.5708238263281072,0.9572707304746724,0.5168521602605959,0.9233030750690044,0.4583483122161654,1.0,0.5703909671834075,0.9833368969404812,0.5217658452125045,0.9615033238735664,0.4706756270955151,0.2180976169187108,0.0,0.354692298720989,0.1758416909385707,0.0,1.0,0.026445204680636,0.9763046301255291
0.4689985885887225,0.3983795930135366,0.665689757125033,0.0216136534209296,0.776071183470518,0.0329836512108738,0.8645886836755394,0.0407121085147652,0.3424895223214435,0.0015840588928884,0.2324900834329623,0.0,0.1214698532045942,0.0078283023757537,1.0,0.2595915775633514,0.0,0.1645615062470478,0.6700275807892638,1.0,0.2760647091068399,0.9951401252663002
0.3699017113497931,0.4222772357154774,0.5952515151991503,0.0,0.733010569903509,0.0102888387787722,0.8488348853972759,0.0339534908752347,0.2382820482303765,0.0275825695726367,0.1472129093395588,0.0438774466802664,0.0677107075570248,0.0599290684720679,1.0,0.3445302535344674,0.0,0.3354286298590518,0.649773983261514,1.0,0.1693587322403427,0.9760049081603548
0.8644825932899207,0.8376052229232203,1.0,0.384197669718644,0.9491831651327868,0.3425632216227615,0.8882333680259026,0.3002829376307049,0.9571644077508684,0.4067975326432701,0.8863330721644779,0.3799206544470415,0.808953024686305,0.3503022687731754,0.0,0.0,0.0136295066247237,0.1238599019383863,0.1968648041818203,1.0,0.179048799597722,0.990211412403564
0.5880077571106787,0.9968647596521052,0.9971901326215696,0.6351623261964011,0.9835213529068314,0.5895812288006833,0.9651555592626578,0.5370315618301427,1.0,0.6104828311199809,0.9894955792810076,0.5488313170883945,0.9738249645508386,0.480597235568039,0.4116116857119086,0.0,0.4699359829844078,0.0640147502073734,0.0147791725748704,1.0,0.0,0.9296901306658124
0.6484073258856229,0.9349969104995484,1.0,0.5798108275108133,0.977153328626604,0.5338542706402396,0.9458916483242654,0.4799752839963876,0.9915746085800904,0.5746052569038452,0.967295153453216,0.5278977137696659,0.9351509614186628,0.4734730738152954,0.2164801279122806,0.0,0.2904917147722008,0.0916146204667522,0.0156048839237408,1.0,0.0,0.9693179333618518
0.381520919976554,0.3964810042243681,0.6023134321414948,0.0233577942598585,0.7348508108409858,0.043523021186615,0.8484383286348331,0.0682758285637611,0.2479880164866348,0.0,0.1536783245410816,0.0038923873463287,0.0703868590727663,0.0121537336843615,1.0,0.3386724009494438,0.0,0.2347936629851892,0.6557833477544869,1.0,0.171323303653669,0.9171760122520536
0.912070168647206,0.7944757636175706,1.0,0.3110325295442209,0.9361218782948856,0.2662876121175642,0.8576303819647833,0.2208780952688045,0.9754542166895028,0.3450077118612187,0.9083366016900274,0.3243693023139166,0.8325752443627213,0.3035660864409178,0.0,0.0,0.1017333326541942,0.1706874036017347,0.3220545314704549,1.0,0.3083630881131989,0.99111120665101
0.39868135124457,0.4776181986301146,0.6236351064976131,0.0357925851059542,0.7414424769225255,0.0400096277523228,0.8269817894472145,0.0421726046881926,0.2822052009626123,0.0099664662337101,0.181077367910639,0.0,0.0780795409647683,0.001299310918677,1.0,0.1885939451893367,0.0,0.1886396879039925,0.6154659494989422,1.0,0.2082046262706116,0.9645537525907256
0.3769014845745496,0.4152464359986108,0.6054915310383322,0.0,0.7336243494634447,0.0155500089963052,0.8218227227951505,0.0366086858280994,0.2500806360220757,0.0001663270387092,0.1443973220123301,0.0108259026641616,0.0584850888739765,0.0232899697473084,1.0,0.4182371844493652,0.0,0.3710620242942066,0.6141043299364518,1.0,0.1705146757560207,0.976408758635407
0.4532654015015273,0.4504572613652985,0.6541140122065474,4.6822467479548913e-05,0.7730530416224431,0.0045977379038172,0.8665751904539347,0.0147422251863782,0.3169305433088419,0.0,0.2039635599288061,0.0076549024265478,0.1036865988115725,0.0250591561906173,1.0,0.2661468992106432,0.0,0.2516193721678132,0.6893937475394696,1.0,0.2573251956340027,0.9940181442771524
0.3892900396059048,0.4088345411766674,0.6095272386064788,0.0140342386396693,0.7398688531744733,0.0286184493093381,0.8342858389796297,0.0509588369505744,0.2416091126313377,0.0,0.1435894078753559,0.0082768171599654,0.0669503453242119,0.030803671508512,1.0,0.35549563479343,0.0,0.327917418295107,0.6389512618244902,1.0,0.1817049087318473,0.980818023159586
0.45017558664997,0.4020636803837747,0.6466466125841637,0.0072729769217071,0.7697659752091613,0.0298717681915603,0.8746551786718935,0.0598904977162013,0.3009972595778661,0.0,0.2024577593873069,0.0085216118976462,0.1160233026623836,0.0186243990139645,1.0,0.3693031029222778,0.0,0.2747662027551495,0.6895178853378342,1.0,0.2279427778080207,0.928844969738838
0.985165659643177,0.8024072950421083,1.0,0.3591792647292977,0.9405599392933148,0.3128149515657746,0.8688986643388164,0.2659406912043791,0.9712213797077636,0.3757751412575255,0.9063040241000976,0.3431449756215116,0.8328055731475618,0.311183981202959,0.0,0.0,0.0685118303864345,0.1425829578658817,0.4538680542480416,1.0,0.4127084652733798,0.9965530151434951
0.7087713846738136,0.983624019972844,1.0,0.5830125706276554,0.964823542274472,0.5259340370548815,0.9169874727386768,0.4653076956769305,0.9911785523158572,0.5923840392448864,0.9512202139474396,0.5435907318996102,0.8992352443592798,0.4923971792737944,0.1208302403599933,0.0,0.1910623140619515,0.1308589198896237,0.0,1.0,0.0047185825838267,0.9911996846393062
0.3883908747102579,0.4275374442776434,0.614576064413807,0.0030310670043431,0.7401756740270795,0.0137996630874482,0.8419494937172095,0.0334208083609319,0.2665658167622288,0.0,0.1641307795534944,0.0021544067932571,0.0788898377455162,0.0035192464160067,1.0,0.3258723628571101,0.0,0.2393477189645096,0.6363913626936654,1.0,0.1766817128217632,0.9461765009224986
0.4646240813036723,0.4858544627892372,0.6633014627448695,0.0025750702913225,0.7678834844307688,0.0,0.8454634922083218,0.0078987047890629,0.3033463031638118,0.0353843468532428,0.1885383196574392,0.0530018653224568,0.0915730861896285,0.0673776762750751,1.0,0.2393921614397681,0.0,0.2866256169548768,0.6927410226830791,0.979770609499896,0.2643216691758998,1.0
0.3861490129444551,0.4347200200759724,0.6078128865714653,0.0013585499674926,0.7296485438071543,0.0099524336409387,0.8424562255219982,0.0234204432682785,0.2688296774856107,0.0,0.1680025020656045,0.0074429374793271,0.0740396689431106,0.0226059976958282,1.0,0.2892103071851452,0.0,0.243850023383941,0.6490526227342536,1.0,0.1824734038828697,0.9796034996064654
0.4600780585737191,0.4446493542563524,0.647551559681807,0.0,0.7554401508918525,0.0037772531592834,0.8505771888371197,0.0157011526176919,0.3178698214003332,0.0040005554784057,0.2118054998521837,0.0100152756561588,0.1085784218233987,0.027285099291763,1.0,0.2615647826690732,0.0,0.2329665324260514,0.6845090629075146,0.9930698514095244,0.2912964461118534,1.0
0.6293550929103434,1.0,0.9969800960878518,0.626939542140251,0.9898472253997306,0.5736330192198094,0.976893159460088,0.5151310321062268,1.0,0.6260363947568224,0.9962174940898344,0.575910768281161,0.9869747578738656,0.520322709517886,0.3888812628689087,0.0,0.4584305650880805,0.1262759086855513,0.0,0.9792048894922494,0.0038028419634459,0.9446599754237882
0.926790109053738,0.8631915751668303,1.0,0.4316091035679229,0.9518008033199448,0.3824540978991181,0.889296289506286,0.334986417695802,0.9722171297145048,0.4564909717625037,0.917306933773315,0.4249511113140213,0.8536357727371211,0.3971758699142451,0.0,0.0,0.1271367699427121,0.183052936745269,0.3769603839936001,0.9937129530288158,0.3268667744426481,1.0
0.4505176418942401,0.4583430137009748,0.6530084505496515,0.0723120786363475,0.7508779791845723,0.0965813402482385,0.8433607396974631,0.1273076301282305,0.3542554553602504,0.0153540445022114,0.2578377933456494,0.0,0.1567352892758501,0.0003790064677346,1.0,0.412900780603434,0.0,0.3081922140936874,0.632410235773989,1.0,0.2260499167748898,0.9394745942543048
0.3845585676600999,0.3934460853788589,0.6002110344053387,0.0122385289759081,0.7285581186507268,0.0251291485658643,0.8456979289442712,0.0435446491637082,0.2665095133860919,0.0,0.1609294494022562,0.0013953584997991,0.0686310826738508,0.0043684300427956,1.0,0.2770507961276204,0.0,0.1850783201222468,0.5993219958466588,1.0,0.1732570017399113,0.9462458046913612
0.7516918899367173,0.835121565360741,1.0,0.4099954324394798,0.9656642011291496,0.3735669497620843,0.9224273050853676,0.332625157283334,0.943972363613489,0.4012015659207484,0.8753898816856518,0.361603791250234,0.7964175442826963,0.3176187084478869,0.0308655242368803,0.0,0.0,0.0841971156117818,0.120720475144551,1.0,0.0414336113397252,0.9521386158366598
0.4224577720030089,0.4251092837979665,0.6297978071075246,0.0296117431662449,0.7473386673961111,0.044964999387503,0.844265882513848,0.0678878347074968,0.3022612778955527,0.0091388955411327,0.1970822220702546,0.0004977227254016,0.1082928719596982,0.0,1.0,0.3932230250285004,0.0,0.2882907142155569,0.6453532106954797,1.0,0.2181563290706466,0.961232807321711
0.4642731591041602,0.4767607033702467,0.6767221421956992,0.0,0.780830932537641,0.0011927145022487,0.8654203964742643,0.0160498786578648,0.3061636142264293,0.0325698027879701,0.1893606166615221,0.04662250586004,0.0926514216140206,0.0604722818119321,1.0,0.2666068928958924,0.0,0.2962943023034299,0.6745828617484652,0.9770319630921142,0.2328407415028981,1.0
0.4439853393727741,0.3864627347920351,0.6566379101690812,0.0220901979222779,0.7881902423844266,0.054901142653709,0.8893948169150444,0.0969133092326708,0.2975886898793264,0.0,0.1986834825905051,0.0092240562390303,0.1287753708377995,0.021270235682058,1.0,0.4385168439964744,0.0,0.3388758629064645,0.6819179834722174,1.0,0.2049289443656858,0.9345711649379976
0.3720385504615837,0.4611293501088944,0.6069458021197621,0.0652718689900343,0.7318521905686263,0.0978667927208032,0.8381739156807759,0.1364687141830332,0.2756997244729174,0.0119276570118693,0.171368046790611,0.0017785720915273,0.0704448794189901,0.0,1.0,0.4118689468651588,0.0,0.2483773767356707,0.5968205901085544,1.0,0.1442422771928433,0.922951566287425
0.4147791920485141,0.4091532541801155,0.6180745157561596,0.0,0.7383624267950862,0.0196524108967843,0.8400677703859663,0.0504529157498519,0.2834955585062453,0.0016284862226491,0.1818784340426293,0.0073080832337402,0.0916958656897668,0.0206230244272932,1.0,0.3934380270520817,0.0,0.3082630597223322,0.6524641411867932,1.0,0.2067313456131333,0.9598061006802114
0.3764884498936332,0.4457051565093135,0.6049947479455172,0.0149309732049444,0.7248651678450656,0.0290223578517844,0.8284873200398987,0.0555139869798521,0.2518492527959411,0.0,0.1503852977782478,0.0029874997009237,0.0544646876572303,0.0128668034079465,1.0,0.3467663877463598,0.0,0.240944515376871,0.6322061276911235,1.0,0.1871894005596298,0.97643931797568
0.5724501445262116,1.0,0.9671548981029416,0.6858433201487691,0.9532123685297188,0.6285963821740987,0.935062789963322,0.5626764549612276,0.9928732784376594,0.703458430423353,0.997925623648862,0.6598000437556214,1.0,0.6108197928206054,0.4958828244553037,0.0,0.6119993198765965,0.1523320704396051,0.0,0.9370231592253172,0.0452087735917802,0.9400721620485966
0.6423171549988816,0.9221879080412552,1.0,0.5476830592274174,0.9824200402594496,0.5093198456595414,0.9571559929421706,0.4641198779360631,0.9880215711126022,0.529676061090653,0.965381843485176,0.4840011150071155,0.933611670270136,0.4306128137791405,0.2166256616715127,0.0,0.2871492830338726,0.0681346371091973,0.0324560749521608,1.0,0.0,0.9439470518331596
0.3699342244854627,0.4004630136147016,0.5762948817691,0.0,0.7160572412004608,0.0054780462400931,0.833844920668599,0.0203356192260058,0.2216564113445044,0.0149461932666111,0.130018624608054,0.0367084896040752,0.0558078129051939,0.0652945475551744,1.0,0.2966230202666929,0.0,0.3244300950096941,0.6768842681000528,1.0,0.1830869698469915,0.991781289523553
0.4957086909424215,1.0,0.9497041913173904,0.7738345684691609,0.9527706024497958,0.7280924678219535,0.9538913423881344,0.675485592575347,0.9680068327639364,0.7557778363711504,0.9848304307974418,0.700906389607281,1.0,0.637165526900903,0.6471294058828431,0.0,0.7311640696608533,0.0468454013864189,0.0,0.8930415383378307,0.0200274977085242,0.8565540738912295
0.3001332800213235,0.4208177613863166,0.5632191567817293,0.0,0.6996934559509499,0.0176743124882934,0.8023901550490924,0.039933606206522,0.1992425252121364,5.232802135994324e-06,0.1092696254831395,0.0109417892624993,0.0375627526767069,0.0244204409996327,1.0,0.3445151337870528,0.0,0.3239920838169339,0.5823204051712623,1.0,0.1207139366475626,0.9602600074724412
0.8023511161253929,0.8214221265963354,1.0,0.3931166712937257,0.953259730840519,0.3528300249861188,0.8929557176243049,0.3068954747362576,0.9532295108389072,0.3911698362021099,0.8851740672092836,0.3533557745696835,0.8072165363848819,0.3116740699611327,0.0,0.0,0.0273289547908775,0.1049798722931704,0.1806299863002659,1.0,0.1311951003304053,0.9566820516379788
0.429074331916819,0.4728283274440509,0.633498297408695,0.0189866229177182,0.7517585625310539,0.0064687447417129,0.8321012556744195,0.0,0.2704550833598098,0.0606133266027257,0.1646577439652367,0.0799280666330134,0.0803235030096529,0.1018340905266679,1.0,0.2198447753659763,0.0,0.3459006394077059,0.6567674006537424,0.9889092209321872,0.2414054853931109,1.0
0.6944486470130651,0.9967977548972232,1.0,0.6059937553432703,0.9745936716521136,0.5532598594952236,0.9396018846719116,0.4955692673679515,0.9930945794069336,0.5993922610861242,0.963932955822588,0.5468535107608817,0.924521267398634,0.4898412816414526,0.2039314428978992,0.0,0.2655669144981412,0.0822752109430175,0.0064461398806843,1.0,0.0,0.9661970783927444
0.8594463122445162,0.8685839723652786,1.0,0.4125187302466726,0.9441152958652008,0.3665608958619271,0.8812060255923144,0.3240972755623271,0.972859888536736,0.4368523112180011,0.9106139550178308,0.403454759896076,0.8433448047125257,0.3740613890392905,0.0,0.0,0.0469324927288086,0.1571221107151701,0.2333868160402764,0.9953683300384888,0.2621824346159621,1.0
0.3723491972317698,0.4343920255312444,0.5759062989280983,0.0380137066504293,0.7014633265084909,0.0564350786354665,0.8137906595391842,0.0812222295555238,0.2801744503840132,0.0063093598240575,0.1833442963155161,0.0,0.1012307877597532,0.0049105916767972,1.0,0.3737414812465004,0.0,0.3071190272919465,0.6111414780570553,1.0,0.1980030387533699,0.9459036531906604
0.5662049544720328,1.0,0.961047500607516,0.6669721248746177,0.949731025248834,0.6106955778732679,0.9346455679917758,0.5519526622333948,0.9883452215884996,0.6732608489261492,0.996340609231385,0.6228561168006143,1.0,0.5694587197998836,0.5001310328725741,0.0,0.5991299417261079,0.1252873990233593,0.0,0.9382272691623428,0.0279933864135588,0.913414981486756
