LEFT_ARM_1_x,LEFT_ARM_1_y,LEFT_ARM_1_z,LEFT_ARM_2_x,LEFT_ARM_2_y,LEFT_ARM_2_z,LEFT_ARM_3_x,LEFT_ARM_3_y,LEFT_ARM_3_z,LEFT_ARM_4_x,LEFT_ARM_4_y,LEFT_ARM_4_z,LEFT_ARM_5_x,LEFT_ARM_5_y,LEFT_ARM_5_z,LEFT_ARM_6_x,LEFT_ARM_6_y,LEFT_ARM_6_z,label
1027.126235961914,757.6357698440552,0.1250720769166946,1009.427604675293,850.2046823501587,0.1753095537424087,1037.1656799316406,940.4206323623656,0.1277747452259063,1053.8496780395508,946.341404914856,0.13077974319458,1057.5532150268557,949.027111530304,0.1102090626955032,1052.5074005126953,949.929814338684,0.116967111825943,1
1027.4655532836914,755.2188205718994,0.1167791411280632,1012.9679489135742,851.8714284896851,0.1526608020067215,1037.1114349365234,941.1000895500184,0.1032318845391273,1054.9634170532229,946.2662172317504,0.1060449257493019,1058.664093017578,948.9414310455322,0.0873616635799408,1052.9272842407229,950.3846740722656,0.0933042243123054,1
1024.4986724853516,742.3801374435425,0.1098904684185981,1008.6926651000977,842.7654147148132,0.1440366357564926,1036.7954635620115,932.4377346038818,0.1041620597243309,1052.3200607299805,935.8941793441772,0.1062779799103736,1055.2490615844729,938.4192752838136,0.0876440033316612,1050.9696578979492,940.6832098960876,0.0944466739892959,1
1007.4443435668944,734.433867931366,0.1307514458894729,1009.0229415893556,836.4643263816833,0.165336400270462,1033.9347839355469,925.5151891708374,0.1209883615374565,1050.142593383789,930.888147354126,0.1224577575922012,1052.9208755493164,933.4605574607848,0.1015315726399421,1047.4171829223633,935.2393770217896,0.1102661713957786,1
1005.088119506836,734.3741297721863,0.1316648870706558,1007.0172500610352,835.9550714492798,0.1645000725984573,1032.7556991577148,922.2898435592653,0.1101371571421623,1049.410400390625,926.6642475128174,0.1113819628953933,1052.5258255004885,929.6917104721068,0.088112361729145,1047.1283340454102,931.9576406478882,0.0983646586537361,1
997.1391677856444,734.5610046386719,0.1156928464770317,1004.5962524414062,838.926272392273,0.1461068540811538,1033.0858612060547,927.9836368560792,0.09747826308012,1050.8082962036133,928.2487893104552,0.1004438921809196,1054.7513580322266,931.5694069862366,0.0763794481754303,1048.623504638672,934.836208820343,0.0858394652605056,1
992.0018005371094,736.2711381912231,0.1194328218698501,998.3634567260742,839.2299842834473,0.1470648944377899,1030.5204391479492,928.5641527175904,0.0923358723521232,1049.000358581543,932.3863005638124,0.0951845422387123,1053.237075805664,935.9785079956056,0.0696844011545181,1047.3023986816406,938.2779121398926,0.0801088139414787,1
991.267433166504,737.1921873092651,0.1255913376808166,999.2748641967772,843.8291788101196,0.1550110876560211,1031.3277053833008,930.5279803276062,0.1072691157460212,1048.3765411376953,932.2365689277648,0.1095186397433281,1052.3374557495115,936.1377668380736,0.0869466736912727,1046.5587615966797,939.1161775588988,0.0961592644453048,1
1004.3815612792968,733.4080195426941,0.1203157231211662,1013.4619903564452,843.314516544342,0.1395982950925827,1034.5801162719729,933.071551322937,0.099160723388195,1049.776725769043,933.5256385803224,0.1035947129130363,1056.0266876220703,937.7110433578492,0.0831159502267837,1051.1845779418943,941.6120481491088,0.0891707763075828,1
1019.0123748779296,731.4723873138428,0.1281751245260238,1013.9299392700196,836.4520955085754,0.1553339213132858,1034.0138626098633,923.493103981018,0.1283733993768692,1048.1496047973633,926.66437625885,0.1347082704305648,1052.977180480957,929.2692947387696,0.1136258095502853,1048.6326599121094,931.7334294319152,0.1185652539134025,1
1015.5522537231444,737.5209403038025,0.135800302028656,1012.7397537231444,840.1319146156311,0.1707785427570343,1032.3909759521484,926.0251522064208,0.1474613845348358,1046.7547988891602,926.4127421379088,0.1532414555549621,1051.5407180786133,928.759331703186,0.133817583322525,1047.6076126098633,932.4436569213868,0.1382193118333816,1
1064.2845153808594,765.6053423881531,0.1465519070625305,1016.3074493408204,857.6103472709656,0.1808527559041977,1034.3139266967771,938.643035888672,0.1611293703317642,1052.2441864013672,939.2834186553956,0.1662093549966812,1058.1072235107422,940.5038022994996,0.147624522447586,1053.302764892578,943.1971049308776,0.1524399220943451,1
1074.4987106323242,781.9872450828552,0.1535170674324035,1018.1270599365234,869.0281248092651,0.1951723247766494,1037.0087814331057,936.451005935669,0.1926001161336898,1052.9047393798828,938.5139679908752,0.2002408802509308,1056.1509704589844,940.4295802116394,0.1818113029003143,1051.948699951172,943.1226897239684,0.1846283972263336,1
1084.943389892578,790.8289432525635,0.1351827681064605,1016.9943237304688,870.5075454711914,0.1681099832057953,1038.149757385254,938.4478569030762,0.1647460013628006,1054.408721923828,942.1076560020448,0.1741078794002533,1059.6501159667969,944.901123046875,0.1543895155191421,1055.7326889038086,947.2733974456788,0.156459778547287,1
1095.094757080078,819.7801280021667,0.1484117358922958,1011.7577362060548,867.4203443527222,0.1784099042415619,1051.6048049926758,944.313461780548,0.1783341914415359,1067.5181579589844,944.3010377883912,0.1887781620025634,1074.2677688598633,951.50714635849,0.1742001473903656,1068.3942031860352,953.235433101654,0.1722156256437301,1
1084.7397994995115,809.5872402191162,0.1221756488084793,1021.955108642578,869.2221450805664,0.1662962436676025,1050.7570266723633,938.7623190879822,0.1744167059659958,1069.8518371582031,938.894476890564,0.1867414116859436,1076.8850326538086,944.902925491333,0.165603682398796,1070.035057067871,947.9152607917786,0.1656836867332458,1
1079.619140625,781.1689352989197,0.1282293200492859,1030.0535202026367,873.3796763420105,0.1497687548398971,1041.9784927368164,939.1178512573242,0.1403532773256302,1061.5000534057615,942.8988003730774,0.1493542343378067,1066.9086456298828,946.0581636428832,0.1312884390354156,1061.2771224975586,948.7499856948853,0.1327186673879623,1
1070.5577087402344,767.0296597480774,0.1307910829782486,1018.1861114501952,863.8357329368591,0.1487548649311065,1038.3229064941406,937.4632716178894,0.1276870667934417,1052.7916717529297,938.6926674842834,0.13457852602005,1056.986846923828,939.7477412223816,0.115811750292778,1054.7918701171875,942.9076838493348,0.1191622763872146,1
1048.0688095092771,739.1495132446289,0.1241818815469741,1014.0065002441406,843.2943677902222,0.1420966237783432,1040.0200653076172,918.7172698974608,0.11444853246212,1051.8150329589844,925.4859638214112,0.1218219324946403,1055.3154373168943,928.1669068336488,0.0987062975764274,1064.6949005126953,928.9890789985656,0.1039165034890174,1
1039.1994094848633,734.590744972229,0.127490609884262,1020.2221298217772,841.2183380126953,0.1493859887123108,1036.5594863891602,926.6651487350464,0.1265685856342315,1051.0344314575195,926.0052609443665,0.1339327991008758,1054.874153137207,930.4911589622498,0.1110894232988357,1051.7952346801758,935.1291060447692,0.1162485107779502,1
1034.5914459228516,733.042573928833,0.1198788434267044,1016.791763305664,837.2817349433899,0.1384085267782211,1037.8827667236328,925.2884030342102,0.1156612187623977,1051.4198684692385,926.0290145874023,0.1239099875092506,1056.0948944091797,930.3249478340148,0.1010840907692909,1051.8665313720703,935.0656986236572,0.1055955663323402,1
1019.421844482422,727.9806017875671,0.1073958426713943,1011.4851379394532,837.6377820968628,0.128553107380867,1032.5275039672852,921.540412902832,0.0984418019652366,1052.7751922607422,923.4235167503356,0.1046383753418922,1059.8704147338867,927.3442840576172,0.0817694664001464,1053.1955337524414,930.2748656272888,0.0880052000284195,1
1019.666862487793,728.8812446594238,0.1033707112073898,1011.9786071777344,840.8368635177612,0.1183988377451896,1035.5552673339844,934.9382400512696,0.0758672282099723,1053.9826583862305,937.7341532707214,0.081239528954029,1060.4433059692385,941.9346857070924,0.0586593933403492,1053.1781387329102,944.8392605781556,0.0651939958333969,1
1058.7804794311523,767.2722816467285,0.1563784033060073,1005.1340103149414,858.9248442649841,0.1799116283655166,1023.3560943603516,938.7442302703856,0.1597931981086731,1038.3126068115234,937.6030254364014,0.1658095270395279,1044.0004348754885,940.5102396011353,0.1522864699363708,1040.0658416748047,943.8439249992372,0.1532215029001236,1
1068.148956298828,784.2686891555786,0.1400337666273117,1007.0969009399414,871.3340950012207,0.1619410365819931,1028.6767959594729,942.8382253646852,0.1354526877403259,1047.0731735229492,945.0865817070008,0.1394676268100738,1052.1321487426758,946.6424775123596,0.124645285308361,1047.9924774169922,950.4280614852904,0.1283140480518341,1
1074.4563674926758,802.2362279891968,0.1442574858665466,1011.6624069213868,880.932948589325,0.1756732612848281,1031.91650390625,947.4419903755188,0.1750992089509964,1049.7818756103516,949.57679271698,0.1853217035531997,1057.9919815063477,952.5549459457396,0.1685418784618377,1050.9601593017578,954.1628551483154,0.1682333797216415,1
1089.788818359375,833.9774036407471,0.1465093195438385,1015.6844329833984,873.6473393440247,0.1802816390991211,1050.586166381836,955.8038520812988,0.1754880100488662,1067.3937606811523,959.065375328064,0.1839454025030136,1074.9237442016602,963.7969851493835,0.1683541387319564,1067.8227996826172,963.266487121582,0.1685937047004699,1
1078.622703552246,807.2884154319763,0.1254684180021286,1019.3056869506836,875.5071401596069,0.1653605103492736,1036.4480209350586,936.2407636642456,0.1720683425664901,1053.6120986938477,934.7260665893556,0.1822915077209472,1063.3949661254885,940.1192378997804,0.1640543490648269,1055.5826568603516,943.7351989746094,0.1648937612771988,1
1079.6547317504885,784.6808695793152,0.1352879554033279,1019.2998504638672,867.927668094635,0.1643557399511337,1036.461410522461,936.412832736969,0.1640227735042572,1052.5463104248047,942.7620720863342,0.1727258414030075,1057.1612548828125,944.7235178947448,0.1561895310878753,1052.5995254516602,945.2779626846312,0.1574067175388336,1
1034.553108215332,738.1734895706177,0.1268031448125839,1016.6004180908204,843.8997960090637,0.1455677598714828,1032.3434829711914,929.2168307304382,0.1139294654130935,1045.206298828125,930.3640222549438,0.1189343407750129,1050.3729629516602,936.0180330276488,0.0972183123230934,1046.688995361328,939.8516392707824,0.1036246195435524,1
1023.7972640991212,736.2506031990051,0.1378244906663894,1012.4757385253906,846.5963172912598,0.1536192148923874,1029.9615097045898,932.7114486694336,0.1148393526673317,1042.47802734375,930.1522994041444,0.1207794472575187,1047.831687927246,933.0979442596436,0.0982482731342315,1043.9292526245115,937.646026611328,0.1042339354753494,1
1026.5940856933594,747.7923631668091,0.1315839141607284,1013.2875823974608,850.1760363578796,0.1554833352565765,1033.458137512207,938.1269574165344,0.1252620369195938,1046.9179916381836,939.8046469688416,0.1306463032960891,1052.6252746582031,943.7973833084106,0.1079692840576171,1048.11767578125,946.5672898292542,0.1145387515425682,1
1036.296844482422,756.4581942558289,0.1447158902883529,1004.684829711914,856.2578058242798,0.1674843579530716,1025.3778076171875,943.7870836257936,0.1454462856054306,1040.5476379394531,942.389931678772,0.1519425809383392,1046.879425048828,943.9442825317384,0.1338507086038589,1042.8640365600586,948.1544065475464,0.1368835568428039,1
1060.459213256836,777.6357579231262,0.1384972929954528,1008.3932876586914,869.1282892227173,0.1593597680330276,1025.0370025634766,943.6164951324464,0.1330003440380096,1044.8643493652344,943.599500656128,0.1385898441076278,1050.8211135864258,946.0839128494264,0.1245937645435333,1046.5488052368164,949.9189352989196,0.1262016147375106,1
1067.996063232422,792.7538895606995,0.1339809894561767,1001.854133605957,876.8750023841858,0.1613055765628814,1031.9447708129885,949.3071985244752,0.1363748013973236,1047.9883575439453,951.609628200531,0.1410969197750091,1053.822898864746,953.519639968872,0.1240239664912223,1049.490623474121,956.0702919960022,0.1284780502319336,1
1073.605842590332,799.1190934181213,0.1414111405611038,1006.106071472168,879.2403888702393,0.172547772526741,1034.8915100097656,947.3758792877196,0.1599675267934799,1053.9210891723633,952.2187256813048,0.1664194166660308,1061.231803894043,955.0875091552734,0.1524989604949951,1054.6630096435547,956.502170562744,0.1537293046712875,1
1086.9150924682615,841.975622177124,0.1433396637439727,1007.0101547241212,875.6410360336304,0.1833301931619644,1042.1952438354492,946.7156052589417,0.1957733035087585,1058.6631774902344,947.8664016723632,0.209019050002098,1068.7213897705078,951.2537097930908,0.1952536851167678,1062.4235916137695,952.7985334396362,0.1906888335943222,1
1087.4424362182615,805.6000399589539,0.1318093389272689,1004.3714904785156,859.6155667304993,0.1827462017536163,1033.7644958496094,927.6745176315308,0.2127078175544738,1048.9240264892578,927.7004599571228,0.2268510460853576,1059.3299102783203,930.566861629486,0.2077116519212722,1052.8878021240234,933.8046956062316,0.2057603448629379,1
1080.633659362793,792.8469729423523,0.1376855820417404,1023.03955078125,878.276789188385,0.1704030036926269,1044.3149185180664,946.3809299468994,0.1542390137910843,1064.026107788086,950.9154295921326,0.1611752957105636,1070.4850387573242,954.938485622406,0.1418544352054596,1063.040771484375,956.0039234161376,0.1455319672822952,1
1055.924949645996,758.1176662445068,0.1248623356223106,1016.3701629638672,852.8635454177856,0.1493221819400787,1031.5935516357422,930.612952709198,0.1262169629335403,1045.8930587768557,931.8982243537904,0.1312637776136398,1050.277976989746,935.6035995483398,0.1132450252771377,1045.9284210205078,938.9589142799376,0.1176145300269126,1
1035.424461364746,742.5033473968506,0.1450031548738479,1011.2013244628906,846.921079158783,0.1751019954681396,1031.448097229004,933.2036447525024,0.1452886015176773,1046.433563232422,931.888439655304,0.1494891792535781,1051.5130233764648,936.0629653930664,0.1285007745027542,1046.8374252319336,938.903875350952,0.134982019662857,1
1037.101593017578,744.4246888160706,0.1339287161827087,1017.4697113037108,847.7171158790588,0.1567197442054748,1035.2736282348633,939.5152258872986,0.1216736584901809,1047.2507858276367,945.7469201087952,0.1232409328222274,1051.9941329956057,949.428412914276,0.1041042432188987,1047.7712631225586,950.4073977470398,0.1119316592812538,1
1032.2955322265625,742.3868322372437,0.1277869194746017,1010.9484100341796,847.1030616760254,0.1466628015041351,1034.1965103149414,938.1069374084472,0.110339768230915,1047.0502853393557,942.0383262634276,0.1135500445961952,1051.790657043457,945.2448105812072,0.0944748893380165,1047.6981353759766,947.6933026313782,0.1007404699921608,1
1054.497184753418,766.7948269844055,0.1482182592153549,1014.5775604248048,854.8587870597839,0.1870380192995071,1016.2960052490234,937.3236465454102,0.1673154830932617,1038.5610580444336,931.742377281189,0.1722200065851211,1045.2434921264648,932.4007201194764,0.1535280793905258,1042.672462463379,936.458215713501,0.1584073156118393,1
1067.105598449707,776.7660784721375,0.1377098560333252,1002.9669570922852,863.5271286964417,0.1710999011993408,1023.8637542724608,934.1593265533448,0.146405354142189,1040.1499557495115,935.0183200836182,0.1504328548908233,1044.0292739868164,935.468738079071,0.1317807883024215,1040.3668212890625,938.5133242607116,0.1376565247774124,1
1073.1840133666992,790.8280420303345,0.133060336112976,1010.6811904907228,873.1552720069885,0.1716718524694442,1028.803596496582,944.412853717804,0.1619719117879867,1045.8884811401367,946.6079092025756,0.1680046021938324,1051.2583923339844,948.5782384872437,0.1492133140563964,1046.6554641723633,950.8700466156006,0.1536840945482254,1
1082.8073501586914,820.6236720085144,0.1394587457180023,1018.9185333251952,882.8862190246582,0.1747088879346847,1044.1749572753906,951.780731678009,0.1763547211885452,1059.9128723144531,953.4293246269226,0.1873982101678848,1067.666358947754,957.9241704940796,0.1722204685211181,1060.6577682495115,958.632402420044,0.1701443791389465,1
1089.0644073486328,838.9457130432129,0.132668912410736,1020.1054000854492,878.5566186904907,0.1799868643283844,1048.336944580078,944.4416284561156,0.2081681340932846,1063.9942932128906,947.0626401901244,0.2234041839838028,1077.6793670654297,963.2299876213074,0.2098694145679474,1064.8406982421875,952.1327877044678,0.2031795531511306,1
1084.969711303711,825.977897644043,0.1569820344448089,1009.3829727172852,886.4182376861572,0.1978889852762222,1044.2698287963867,948.4362316131592,0.211225539445877,1058.9125442504885,950.4516863822936,0.2236257940530777,1067.1867370605469,953.5238885879515,0.2081586271524429,1063.6240768432615,955.3129434585572,0.2049679160118103,1
1087.4105072021484,810.5924892425537,0.1314993649721145,1027.7582931518557,872.8497576713562,0.1842964142560959,1045.2711868286133,933.5033655166626,0.2066265791654586,1070.8951950073242,927.5150012969972,0.2211783677339553,1080.7863235473633,937.2420859336852,0.2032847106456756,1065.7041549682615,944.69744682312,0.1997259259223938,1
1069.6648406982422,762.3237347602844,0.1224078983068466,1020.7967376708984,856.3592576980591,0.1454142779111862,1035.5735778808594,935.6777572631836,0.1048230901360511,1051.8657302856443,937.207968235016,0.1060444861650466,1058.664779663086,940.3521394729614,0.0857938453555107,1053.7924575805664,943.3235335350035,0.0948218181729316,1
1081.468849182129,812.2607159614563,0.1411299109458923,1008.903465270996,872.2241806983948,0.1747527122497558,1033.275032043457,941.1855125427246,0.1737785190343856,1049.1387176513672,939.3499803543092,0.1845032125711441,1057.8270721435547,942.3922491073608,0.1702522933483123,1051.0204696655271,945.6556391716005,0.1677415370941162,1
1090.447654724121,850.8768653869629,0.140821486711502,1016.3496780395508,865.1643919944763,0.1950551718473434,1053.039894104004,934.3737530708312,0.2303513139486313,1066.062126159668,930.6715321540833,0.2437045574188232,1079.091567993164,948.979024887085,0.2277225106954574,1074.5361328125,948.2340359687804,0.2246577441692352,1
1086.4631652832031,825.9296822547913,0.1513240933418274,1023.633041381836,881.8218755722046,0.1924706548452377,1044.250373840332,951.8982124328612,0.1949155926704406,1061.2493133544922,953.9539647102356,0.2045801132917404,1071.1875915527344,957.3737168312072,0.187942698597908,1064.2799377441406,958.1488966941832,0.1879298239946365,1
1083.501434326172,813.6206603050232,0.1515993922948837,1020.9330368041992,873.472695350647,0.191156804561615,1041.9273376464844,939.9562454223632,0.1975277811288833,1059.3985748291016,943.6291122436523,0.2083906084299087,1077.2812271118164,949.589023590088,0.1923099011182785,1060.8502578735352,947.1827602386476,0.1907180249691009,1
1083.4889602661133,789.4483995437622,0.1435592472553253,1023.1005477905272,872.3009133338928,0.1737245172262191,1044.9137878417969,946.962411403656,0.157473474740982,1066.3165283203125,954.188153743744,0.164207324385643,1070.9080123901367,957.578101158142,0.1435892283916473,1064.6686935424805,958.3389902114868,0.1480302959680557,1
1073.6125946044922,769.1297006607056,0.1239689588546752,1020.7927322387696,863.7374353408813,0.1461551338434219,1033.095245361328,936.4504265785216,0.10225510597229,1048.2038497924805,937.25914478302,0.1033369377255439,1051.622085571289,938.6737418174744,0.0817373469471931,1048.0686950683594,942.290153503418,0.0916967540979385,1
1062.4235916137695,763.8747382164001,0.1103092655539512,1020.6828689575196,858.9973282814026,0.1286531537771225,1033.4629440307615,939.8452019691468,0.0955883637070655,1051.0572052001953,938.3503317832948,0.098514899611473,1055.5902099609375,940.673167705536,0.0785842761397361,1050.106430053711,944.173707962036,0.0861249193549156,1
1041.0249710083008,748.5298204421997,0.1132927909493446,1022.2215270996094,855.0422501564026,0.1362628489732742,1035.0250625610352,941.3040232658386,0.1019398421049118,1051.2209701538086,944.6123456954956,0.1049532741308212,1056.342544555664,948.2546353340148,0.083547443151474,1051.355438232422,950.3830647468568,0.0913548693060875,1
1049.04052734375,765.8014225959778,0.1507981121540069,1013.0758666992188,860.1488971710205,0.1938557028770446,1024.8164749145508,941.0723447799684,0.1890376955270767,1037.5219345092771,940.843756198883,0.1945598572492599,1043.7038040161133,941.1961340904236,0.1777269393205642,1041.3704681396484,946.511092185974,0.1814099252223968,1
1058.8030242919922,771.0194993019104,0.1306331902742386,1020.4443740844728,864.7497010231018,0.1657675802707672,1032.264518737793,940.0641989707948,0.1455593854188919,1045.5091094970703,938.8864302635192,0.1490958780050277,1051.6945266723633,939.567883014679,0.1310016512870788,1047.5835800170898,942.9444408416748,0.1371658891439438,1
1068.091278076172,778.4383606910706,0.1334106475114822,1019.8373794555664,866.5404939651489,0.1659876257181167,1032.7817916870115,939.2397737503052,0.1412292569875717,1048.461456298828,939.8115348815918,0.1449963152408599,1054.5027923583984,941.6115975379944,0.1264079958200454,1051.3121795654297,945.157585144043,0.132310077548027,1
1073.5406112670898,789.1775178909302,0.1289199590682983,1015.7649993896484,867.6554989814758,0.1628623306751251,1028.2049560546875,936.67631149292,0.1478019058704376,1042.9955291748047,937.877962589264,0.154039591550827,1048.985595703125,940.552339553833,0.1350292861461639,1045.440673828125,943.866777420044,0.1392168253660202,1
1081.867446899414,808.007333278656,0.1306278705596923,1019.1770553588868,880.1266121864319,0.1632201075553894,1038.7524032592771,950.7522439956664,0.1512288302183151,1056.9313430786133,953.8274073600768,0.1591292470693588,1062.1321105957031,954.8233222961426,0.1417952179908752,1058.0608749389648,956.967716217041,0.1438133865594864,1
1084.5534896850586,822.2543048858643,0.1294127404689788,1001.0092163085938,864.603316783905,0.1696212887763977,1035.9095764160156,941.1105823516846,0.1784023195505142,1054.6190643310547,941.7504501342772,0.1900635063648224,1062.7535247802734,945.4336166381836,0.1738760769367218,1057.8911590576172,947.9404306411744,0.1718515008687973,1
1090.3658294677734,839.1020750999451,0.1371925473213195,1005.5741500854492,873.7211751937866,0.1768558770418167,1041.6221237182615,941.162531375885,0.1886749565601349,1057.3476791381836,938.5532355308532,0.2009506970643997,1065.2461624145508,942.9015040397644,0.1878227889537811,1061.246337890625,945.9856796264648,0.1835412681102752,1
1092.4057388305664,863.1783556938171,0.1415628492832183,1020.4963302612304,874.2319750785828,0.1834919303655624,1052.5330352783203,944.9654960632324,0.2134093940258026,1076.044692993164,954.1621470451356,0.2278325706720352,1076.0345077514648,952.198770046234,0.2165433466434478,1070.6569290161133,952.5741934776306,0.2093958705663681,1
1098.3234786987305,863.1855010986328,0.1221654787659645,1021.5333938598632,881.1132574081421,0.1622361242771148,1058.6692428588867,951.7535662651062,0.1762382239103317,1083.907127380371,953.7100553512572,0.1869120448827743,1081.1037826538086,958.9457058906556,0.1763594299554824,1075.3034591674805,958.4508061408995,0.1719918400049209,1
1096.3555526733398,832.9196906089783,0.0967292338609695,1043.8975524902344,884.6969676017761,0.133048728108406,1066.8578338623047,946.7606019973756,0.1310962438583374,1088.590850830078,940.9557008743286,0.136527806520462,1094.0760040283203,948.975613117218,0.120827741920948,1079.883270263672,956.3723301887512,0.1240314990282058,1
1080.622215270996,810.8437371253967,0.1549891084432602,1026.716537475586,876.1058735847473,0.1887065917253494,1050.677146911621,938.5956573486328,0.19501394033432,1068.442153930664,945.3783202171326,0.2051750123500824,1074.0534210205078,949.0182280540466,0.1901203840970993,1069.951400756836,950.5088496208192,0.1885063648223877,1
1077.868995666504,778.2295989990234,0.1006682366132736,1023.72802734375,868.4444546699524,0.1237284988164901,1035.2684783935547,940.1043677330016,0.1133255213499069,1053.076629638672,943.89812707901,0.121794655919075,1059.6700286865234,946.606879234314,0.1004282310605049,1054.4447708129885,948.7259101867676,0.1042125076055526,1
1060.9525680541992,756.7241835594177,0.1251912415027618,1015.6246948242188,854.678156375885,0.1469199657440185,1031.444320678711,935.3908467292786,0.1121158897876739,1047.927360534668,931.2859725952148,0.1156857907772064,1052.3056411743164,931.9350457191468,0.0944431945681572,1047.8855895996094,936.7257499694824,0.1020636186003685,1
1052.5873947143557,754.9272108078003,0.1175225228071212,1021.5431213378906,853.4136128425598,0.1407536417245865,1028.836441040039,938.3659744262696,0.1096030697226524,1043.2862091064453,941.2547779083252,0.1129230409860611,1048.6178970336914,944.613311290741,0.0915739461779594,1044.2959213256836,946.2340307235718,0.0994049981236457,1
1052.4366760253906,753.7900614738464,0.1316651403903961,1019.2275238037108,853.0094790458679,0.1623453497886657,1025.694236755371,935.548496246338,0.1301797181367874,1040.515022277832,935.9540462493896,0.1334597468376159,1045.253791809082,937.9772257804872,0.1126307100057601,1040.895767211914,941.2525248527528,0.1199378073215484,1
1038.6688613891602,744.6612596511841,0.133006289601326,1022.3911285400392,853.2585382461548,0.1613820195198059,1033.1223678588867,936.9633507728576,0.1384869515895843,1047.157974243164,940.345573425293,0.1428248733282089,1051.1079025268557,943.4621930122375,0.1238501742482185,1046.6510009765625,944.8606967926024,0.1293064802885055,1
1038.1300735473633,749.9171876907349,0.1268335133790969,1017.9239273071288,853.2143783569336,0.1550324410200119,1033.8639450073242,935.4957747459412,0.127165213227272,1045.4246520996094,939.1889190673828,0.1319923996925354,1050.1330947875977,941.5818572044373,0.111756719648838,1046.5785598754885,944.6227097511292,0.117300733923912,1
1049.549560546875,759.6228361129761,0.1366781443357467,1015.9140014648438,855.5754518508911,0.1654766649007797,1028.6287307739258,940.0946474075316,0.1465171128511428,1042.9035186767578,939.2912077903748,0.1521180123090744,1047.7132415771484,941.0735034942628,0.1338591277599334,1044.525146484375,944.2495393753052,0.1379685252904892,1
1058.3081817626953,773.5029458999634,0.1302731782197952,1018.9590454101562,865.6240153312683,0.1621224731206894,1028.2078170776367,940.043728351593,0.1487840712070465,1042.2865676879885,936.7985558509828,0.1548914909362793,1046.7012405395508,938.8377642631532,0.1369171738624572,1043.6566543579102,943.1916332244872,0.1406057924032211,1
1068.96240234375,783.3037376403809,0.1184282526373863,1013.5065078735352,872.3419833183289,0.1479783207178115,1033.513641357422,944.6973180770874,0.1185216829180717,1050.4784774780271,945.5518054962158,0.1224381402134895,1055.4616928100586,947.3102188110352,0.1019499376416206,1051.336898803711,950.1407647132874,0.1090864688158035,1
1078.0863189697266,796.9951701164246,0.1356774121522903,1024.9386978149414,879.5128154754639,0.1727713644504547,1038.0739974975586,941.6923213005066,0.1694167256355285,1051.1589431762695,945.8077526092528,0.1764654666185379,1068.4224700927734,951.2972259521484,0.1582827866077423,1054.4179916381836,952.4205994606018,0.1613233536481857,1
1080.223503112793,811.1068296432495,0.1315522044897079,1018.5435104370116,880.3028655052185,0.1763911694288253,1038.764305114746,946.9225645065308,0.1760951876640319,1053.7227630615234,949.2475247383118,0.1853141188621521,1059.9524688720703,951.4497256278992,0.1668816357851028,1055.562744140625,953.414454460144,0.1681075096130371,1
1075.6671524047852,797.2836899757385,0.1227701529860496,1035.7412338256836,876.6737723350525,0.1570092737674713,1046.850357055664,946.7295098304749,0.1509332805871963,1067.5518035888672,951.2706398963928,0.1581043601036071,1071.218147277832,952.975172996521,0.1369294375181198,1065.402488708496,953.9102554321288,0.1419642120599746,1
1081.9382858276367,788.157012462616,0.0928541496396064,1033.5915756225586,874.0335774421692,0.122399128973484,1044.4707870483398,940.9438562393188,0.1194507405161857,1063.5042572021484,947.327663898468,0.1280137449502945,1066.8002700805664,948.8137793540956,0.1061030477285385,1061.6222763061523,949.9502205848694,0.1102434694766998,1
1077.7427673339844,776.3851833343506,0.1162666454911232,1027.375373840332,868.5831785202026,0.1366603672504425,1036.1693572998047,936.0688233375548,0.1107275560498237,1056.1100006103516,939.3848061561584,0.1159970834851265,1058.950653076172,940.3122925758362,0.0949988365173339,1053.240966796875,943.257486820221,0.101240150630474,1
1071.5889358520508,766.018488407135,0.1230960041284561,1022.5540924072266,860.8571290969849,0.1459308415651321,1033.2986068725586,935.9055089950562,0.120679035782814,1049.1190338134766,938.5003852844238,0.1257353574037552,1055.5121612548828,939.436948299408,0.1049710512161254,1050.3422927856443,941.6645121574402,0.1112162917852401,1
1065.5938339233398,761.9241070747375,0.133171871304512,1018.2697677612304,853.8613271713257,0.1526529639959335,1033.6090850830078,929.9340748786926,0.1033991202712059,1048.4242630004885,929.6870112419128,0.1057720109820365,1054.5862197875977,931.0443806648254,0.0834217965602874,1050.0898361206057,934.3371891975404,0.0921929106116294,1
1055.5056381225586,750.1200270652771,0.1311755180358886,1013.583984375,845.4777073860168,0.1507763564586639,1030.3070068359375,930.1009297370912,0.105535939335823,1048.245849609375,930.9312129020692,0.1089519336819648,1052.922592163086,932.185971736908,0.0860765874385833,1047.7852249145508,935.4763340950012,0.094221606850624,1
1033.3049011230469,744.6461319923401,0.1183395758271217,1017.8946304321288,851.7525959014893,0.1432308554649353,1033.8427734375,934.6630454063416,0.1223685517907142,1046.3912200927734,938.2941341400146,0.1284604221582412,1050.6988906860352,940.8453011512756,0.1086550503969192,1046.7240142822266,944.8492383956908,0.1129740178585052,1
1026.6011810302734,742.3323726654053,0.1171293184161186,1016.1260604858398,850.1573038101196,0.1406233161687851,1033.974609375,937.3827409744264,0.1176420971751213,1047.714614868164,939.1320776939392,0.1223812103271484,1052.2199249267578,941.3125848770142,0.1031222641468048,1047.8806686401367,945.466446876526,0.1082893759012222,1
1031.3092803955078,748.3813762664795,0.1235107481479644,1005.860710144043,851.5867710113525,0.1531191766262054,1029.9944686889648,940.2711582183838,0.1297055631875991,1047.6005172729492,941.5653777122498,0.1347588151693344,1054.4132995605469,944.5121812820436,0.113964669406414,1049.1451263427734,948.073103427887,0.1197642832994461,1
1034.5956802368164,750.411958694458,0.1247895881533622,1005.2880477905272,849.988260269165,0.1485251635313034,1029.2499160766602,935.401017665863,0.1262072026729583,1042.8741073608398,933.3432054519652,0.1304924041032791,1048.8072967529297,934.7537469863892,0.1137649342417717,1044.1826248168943,939.8419189453124,0.1183213740587234,1
1058.199234008789,772.4201273918152,0.1446519941091537,1006.0050201416016,860.89839220047,0.1821032166481018,1021.4769744873048,939.4600582122804,0.1589769423007965,1037.870979309082,938.6983966827391,0.1620739996433258,1045.587387084961,940.7433342933656,0.1429753750562667,1042.7616119384766,943.8208150863647,0.1498038172721862,1
1086.3236618041992,822.2127199172974,0.1403251588344574,1020.5760955810548,885.1867818832397,0.1654022336006164,1048.7175750732422,950.4077196121216,0.146229475736618,1069.559211730957,951.5746092796326,0.1518925279378891,1073.3552169799805,953.7074160575868,0.1371527314186096,1066.2574768066406,955.605969429016,0.1389798820018768,1
1087.8611755371094,858.7135720252991,0.163543701171875,1008.5979080200196,864.4667816162109,0.2305309027433395,1045.967788696289,927.29510307312,0.2904112637042999,1053.896255493164,919.7405433654784,0.310685247182846,1069.614601135254,940.6855916976928,0.2962689399719238,1064.988670349121,941.0920429229736,0.2868560552597046,1
1088.8948059082031,863.2674479484558,0.1496403515338897,1013.1697082519532,865.7691121101379,0.2203792482614517,1049.868621826172,924.7893190383912,0.2733198702335357,1074.4023513793943,938.0378007888794,0.2917875647544861,1081.937255859375,950.3565430641174,0.2774794399738312,1076.660270690918,949.8622870445251,0.2690271139144897,1
1096.783561706543,850.00319480896,0.1458249986171722,1011.6514205932616,872.055652141571,0.1821353435516357,1052.713623046875,947.0844626426696,0.196127563714981,1073.433723449707,953.6442017555236,0.2083119302988052,1082.043800354004,965.3208231925964,0.1956780850887298,1070.449333190918,949.402470588684,0.1909056603908538,1
1079.8006439208984,834.9768590927124,0.1617301404476165,1016.4208602905272,882.8463077545166,0.1999872773885727,1048.3686447143557,953.1036615371704,0.2109653800725937,1062.949104309082,953.9376783370972,0.222579225897789,1070.2348709106443,958.523097038269,0.2089041322469711,1065.8381652832031,959.8292255401612,0.2054111510515213,1
1078.9730072021484,804.43514585495,0.1324820667505264,1023.120574951172,874.8890948295593,0.1585774570703506,1042.7216720581057,941.476800441742,0.1481544524431228,1062.557487487793,944.6491026878356,0.156754270195961,1067.5608444213867,947.3834109306335,0.138060063123703,1062.4500274658203,949.153218269348,0.1399363577365875,1
1060.238914489746,764.7920536994934,0.1310062855482101,1021.1405181884766,865.79505443573,0.1483173370361328,1032.5786590576172,937.0596528053284,0.1094177216291427,1049.5159149169922,936.2994074821472,0.1120697781443595,1052.3023223876953,938.7097263336182,0.0931417942047119,1048.4893798828125,943.1120038032532,0.0998760685324668,1
1052.2037887573242,757.9468202590942,0.1334729492664337,1020.4793930053712,858.921046257019,0.1582307815551757,1030.818214416504,937.529640197754,0.1299957633018493,1047.1649551391602,934.5839953422546,0.1348941922187805,1050.688705444336,936.5576076507568,0.1147434413433075,1046.8521881103516,941.4242720603944,0.1204526722431182,1
1049.4392395019531,757.1656537055969,0.1185205355286598,1022.124137878418,855.4471564292908,0.140492781996727,1032.9168319702148,937.3607897758484,0.1150381788611412,1044.9706649780271,937.8946995735168,0.119559645652771,1048.1005096435547,939.0350031852722,0.1007833033800125,1044.6891403198242,942.7820920944214,0.1060574501752853,1
1037.6280212402344,755.653338432312,0.1332366913557052,1021.5703582763672,860.4964470863342,0.1590930372476577,1036.7548370361328,942.6572728157043,0.1398594826459884,1052.9322052001953,943.3319664001464,0.1442340463399887,1057.111587524414,946.5415406227112,0.1262730658054351,1052.457046508789,949.375433921814,0.131080687046051,1
1043.7940979003906,765.3984475135803,0.1458565443754196,1011.2531661987304,858.3947324752808,0.1874457448720932,1030.6029510498047,943.9749884605408,0.1755592674016952,1035.362777709961,958.4524154663086,0.1805411279201507,1042.8134536743164,961.1179733276368,0.1621023267507553,1038.3012771606443,959.743995666504,0.1667606085538864,1
1068.1394577026367,783.8460159301758,0.1212095990777015,1013.9108276367188,869.428460597992,0.1564699858427047,1027.7251052856443,939.4968152046204,0.1326760798692703,1042.3981475830078,941.99551820755,0.1354414373636245,1047.5358581542969,942.9563498497008,0.1151878014206886,1045.1023864746094,946.6061067581176,0.1234910786151886,1
1081.0533142089844,824.8562622070312,0.1181369200348854,1011.4715194702148,870.2376294136047,0.1560022681951522,1039.277000427246,936.2853741645812,0.1742464452981948,1053.0743408203125,941.2670731544496,0.1865517050027847,1072.6823043823242,961.9124007225035,0.1704492717981338,1055.441436767578,947.5175642967224,0.1680191606283188,1
1089.4318771362305,850.2125358581543,0.1384064704179763,1014.7056198120116,882.579288482666,0.1764891743659973,1053.878402709961,952.1801662445068,0.1892415136098861,1068.812026977539,955.5620670318604,0.2007362395524978,1074.598503112793,957.8963613510132,0.1910902559757232,1070.573959350586,958.4967684745787,0.1855049729347229,1
1084.028549194336,794.5076680183411,0.1221582368016243,1013.5123443603516,861.8317365646362,0.1580015569925308,1035.2103424072266,923.6430931091307,0.1630360633134842,1053.5432052612305,920.8780145645142,0.1731979548931121,1059.7346878051758,923.1963443756104,0.153898000717163,1063.8893508911133,935.1171970367432,0.1550500690937042,1
1082.420883178711,792.3085570335388,0.1112579628825187,1035.6871032714844,878.389892578125,0.1414820700883865,1044.1803359985352,946.8052768707277,0.1113078519701957,1060.5958557128906,949.7019338607788,0.1142002865672111,1065.450439453125,951.7555618286132,0.0942930504679679,1059.4507598876953,953.2170867919922,0.1020999997854232,1
1064.1752243041992,779.9400544166565,0.1182428896427154,1033.6934280395508,870.0857090950012,0.1466363072395324,1035.5210494995115,941.9165968894958,0.1157597377896308,1048.7706756591797,943.013834953308,0.1186218932271003,1053.1766510009766,945.4044556617736,0.0988537073135376,1049.0358352661133,948.3215832710266,0.1061314865946769,1
1055.3957748413086,772.2436809539795,0.1237262785434722,1027.7213287353516,865.3445076942444,0.1537131369113922,1030.0529479980469,940.3373336791992,0.1254518628120422,1043.1459045410156,941.7692470550536,0.1287758499383926,1046.7710494995115,943.697862625122,0.1094539910554885,1042.9700088500977,946.2342238426208,0.1160692200064659,1
1052.9600143432615,763.3784222602844,0.1324070394039154,1022.1817016601562,852.3131561279297,0.165894016623497,1035.1852798461914,929.4698166847228,0.145613357424736,1048.681983947754,927.171185016632,0.1505764275789261,1051.8838119506836,928.8573718070984,0.1326852142810821,1046.4250946044922,933.5797119140624,0.1371031105518341,1
1039.3081283569336,756.4419078826904,0.1381435394287109,1017.6523590087892,851.8053817749023,0.1715636253356933,1030.3388214111328,932.2080516815186,0.14683598279953,1044.3321990966797,931.6224503517152,0.1503971070051193,1048.2369232177734,933.4592056274414,0.1331524848937988,1042.9813385009766,937.535047531128,0.1381419748067855,1
1016.7295074462892,735.5345821380615,0.1152553781867027,1008.8068771362304,848.0847501754761,0.1361199766397476,1031.1499786376953,936.2421798706056,0.1088724285364151,1049.113883972168,935.3944516181946,0.1142472326755523,1053.7410736083984,937.1014308929444,0.0955700799822807,1048.4428024291992,942.055320739746,0.0998675599694252,1
1018.2957458496094,737.7538418769836,0.1228189915418624,1004.7056579589844,845.2243995666504,0.148588165640831,1028.5751724243164,932.7280569076538,0.1198167353868484,1043.712387084961,933.8747978210448,0.1233206465840339,1048.3274459838867,936.1512851715088,0.1040674597024917,1043.8649368286133,940.7071566581726,0.1102997586131095,1
1049.945182800293,769.172830581665,0.1420333981513977,1009.130973815918,861.5777206420898,0.1848471909761428,1026.796646118164,937.3511981964112,0.1704053878784179,1039.3953323364258,936.36474609375,0.1752708107233047,1045.206184387207,936.97744846344,0.1579788327217102,1042.174301147461,940.4526901245116,0.1623959988355636,1
1078.07373046875,807.6371884346008,0.1247794404625892,1012.5027465820312,882.8934931755066,0.1578588932752609,1037.6176071166992,945.4642581939696,0.1420048773288726,1055.1023483276367,948.7336993217468,0.1478819102048874,1061.4723587036133,949.9743604660034,0.1314897835254669,1055.786247253418,951.8746519088744,0.1345808655023574,1
1081.0746002197266,824.9071168899536,0.1339650452136993,1002.267608642578,875.8647322654724,0.1692300140857696,1037.8804779052734,946.9685912132264,0.167559877038002,1054.178237915039,944.6297907829284,0.1775115579366684,1062.047882080078,948.8644409179688,0.164103478193283,1057.3283386230469,952.2501397132874,0.1616884768009185,1
1084.1649627685547,830.0780081748962,0.1378910094499588,1005.57861328125,871.3641571998596,0.1757141202688217,1041.5305709838867,942.4432969093324,0.1767332702875137,1056.734962463379,942.4163246154784,0.1872179806232452,1077.5636672973633,951.4543604850768,0.1747946888208389,1059.4620895385742,950.5775356292723,0.1714828163385391,1
1079.9042129516602,848.9387226104736,0.1458307653665542,1012.5609970092772,882.633490562439,0.1810411363840103,1051.9795989990234,952.785143852234,0.1883323341608047,1071.9956588745115,957.0324110984802,0.1993585675954818,1078.429183959961,960.1167154312134,0.1866478621959686,1071.942901611328,960.3869533538818,0.1832286715507507,1
1087.698211669922,836.072359085083,0.129020482301712,1035.6460189819336,884.2020034790039,0.1715469062328338,1057.397804260254,944.7571849822998,0.1790638267993927,1084.9788665771484,939.9566316604614,0.1878245621919632,1091.0145950317385,948.6935949325562,0.1721538603305816,1084.8358154296875,949.1659641265868,0.172191172838211,1
1080.186424255371,798.9947891235352,0.1012689024209976,1046.8929290771484,883.8891506195068,0.1264395862817764,1047.026023864746,954.191436767578,0.1067136004567146,1064.919548034668,959.3234467506408,0.1114754527807235,1066.9137954711914,959.533624649048,0.0913470685482025,1061.1595916748047,959.6297335624696,0.0979085117578506,1
1055.822639465332,768.7000751495361,0.1094020456075668,1032.7228546142578,860.7325029373169,0.1333540230989456,1032.3688888549805,939.926118850708,0.108259804546833,1052.5141525268557,935.07342338562,0.1126633584499359,1055.7036209106443,935.8944368362428,0.0931884795427322,1048.3211517333984,950.4186630249023,0.0991263166069984,1
1010.2680587768556,745.7053256034851,0.1402829736471176,1009.9057388305664,851.2551212310791,0.1762885153293609,1032.0872497558594,932.9754424095154,0.1524645835161209,1046.949234008789,936.247329711914,0.1555069535970688,1049.4810104370115,937.4730563163756,0.1395751684904098,1044.3479919433594,941.3714218139648,0.144071489572525,1
1005.3873825073242,734.7761392593384,0.1316666901111602,1003.3679580688477,845.1091074943542,0.1666101068258285,1031.0929870605469,935.208864212036,0.1306827068328857,1046.242904663086,941.219630241394,0.1330968290567398,1050.381202697754,944.9867391586304,0.113659955561161,1045.4669952392578,946.9035744667052,0.1207481697201728,1
1004.608154296875,735.5328440666199,0.1167855039238929,1001.5728378295898,841.5022230148315,0.1481741815805435,1031.9474029541016,930.3942775726318,0.104611799120903,1048.4519577026367,936.0891008377076,0.1078655794262886,1051.9075012207031,939.9432420730592,0.0837549790740013,1046.924285888672,942.3381757736206,0.0927730575203895,1
1000.649642944336,735.9830689430237,0.1132471337914466,1001.710968017578,849.7075939178467,0.1422721594572067,1032.099266052246,936.7580008506776,0.1019389182329177,1050.021858215332,942.8500056266784,0.1069368124008178,1054.3564224243164,947.474627494812,0.0826410576701164,1048.553237915039,948.941752910614,0.0901464223861694,1
999.0514755249023,736.1427783966064,0.1141462698578834,999.5821380615234,842.5575542449951,0.1373674273490905,1033.0613708496094,935.200366973877,0.0931964218616485,1053.0259323120115,941.1532616615297,0.0989392846822738,1057.8525924682615,945.2520847320556,0.0732536166906356,1051.033172607422,946.3381218910216,0.0813875347375869,1
1248.640594482422,524.6500933170319,-0.0699929222464561,1351.3604736328125,567.4319171905518,-0.1823774427175521,1363.5189056396484,479.4362246990204,-0.2892054319381714,1367.047462463379,462.6289129257202,-0.3113308846950531,1357.892074584961,455.9157085418701,-0.2973231077194214,1354.5966339111328,461.17382526397705,-0.2877217531204223,0
1247.8240585327148,519.3977057933807,-0.0684550106525421,1355.9222030639648,530.6638205051422,-0.1709110885858535,1356.8750381469729,433.6805605888367,-0.2658087909221649,1357.3455047607422,412.7832126617432,-0.2875965237617492,1348.187026977539,407.9732286930084,-0.2731878161430359,1345.4730606079102,415.33495903015137,-0.2639502286911011,0
1245.4364776611328,518.895628452301,-0.0614515878260135,1352.2877883911133,506.6149628162384,-0.1615316271781921,1358.5007858276367,428.3806014060974,-0.2574116587638855,1357.7648162841797,405.6495237350464,-0.2785346210002899,1350.5442810058594,400.09628891944885,-0.2670101225376129,1348.611946105957,407.45309472084045,-0.2566564083099365,0
1245.230598449707,517.7159285545349,-0.0521911717951297,1337.757568359375,486.0173034667969,-0.1285000592470169,1347.6876068115234,399.12805438041687,-0.1880644857883453,1347.239112854004,376.1514580249786,-0.2068026512861251,1339.7631454467771,371.06228828430176,-0.1960992664098739,1339.284782409668,378.6018490791321,-0.187965527176857,0
1241.5044021606443,513.9105176925659,-0.0307080093771219,1332.4980926513672,482.32988834381104,-0.1072669774293899,1338.97705078125,394.07493352890015,-0.165537491440773,1340.6071472167969,374.9439489841461,-0.1829059720039367,1334.487075805664,370.87373971939087,-0.174732819199562,1332.5337982177734,376.7287874221802,-0.1662805676460266,0
1244.1618347167969,513.6752986907959,-0.0039882529526948,1332.8231048583984,466.08323335647583,-0.0629692897200584,1335.8292388916016,369.975575208664,-0.0977050960063934,1336.860237121582,352.4897074699402,-0.1117111071944236,1327.932243347168,347.1044862270355,-0.1039508208632469,1325.9320449829102,353.2234311103821,-0.0981125608086586,0
1242.1221542358398,506.63501501083374,-0.0713554546236991,1295.2306365966797,443.89089345932007,-0.1397379487752914,1308.6301803588867,332.82854676246643,-0.1857828199863433,1312.551040649414,313.5847806930542,-0.2080710232257843,1302.0624160766602,308.79658699035645,-0.2047268897294998,1297.642936706543,313.27385902404785,-0.1890584677457809,0
1242.3399353027344,507.5626623630524,-0.0436692275106906,1295.0286483764648,433.52651596069336,-0.1007558181881904,1304.2204284667969,334.6626627445221,-0.1373104155063629,1306.4855575561523,316.66531920433044,-0.1562347114086151,1301.022491455078,313.23140501976013,-0.1554140001535415,1298.2283020019531,317.33689069747925,-0.1412068903446197,0
1242.6139068603516,503.388329744339,-0.0615646429359912,1285.136260986328,418.8450264930725,-0.1338090151548385,1285.5529403686523,319.2273008823395,-0.1718662530183792,1288.4318161010742,301.57766819000244,-0.194174438714981,1279.507827758789,297.5995123386383,-0.1920601278543472,1275.911636352539,301.62665605545044,-0.1753489524126052,0
1235.3224182128906,502.15729236602783,-0.0794181004166603,1275.3353118896484,421.7104303836823,-0.1327039003372192,1281.104965209961,324.2086136341095,-0.1616975963115692,1282.035140991211,320.57520747184753,-0.1809243261814117,1278.2100677490234,316.95741176605225,-0.1832333952188491,1276.2257766723633,316.359965801239,-0.1663915663957595,0
1236.0361862182615,503.334481716156,-0.1105275675654411,1278.9286422729492,426.1839687824249,-0.1991431564092636,1282.085838317871,319.24036860466003,-0.2479243576526641,1285.6868362426758,301.5075659751892,-0.2755263149738312,1278.5032653808594,297.0899999141693,-0.2716716825962066,1274.8122024536133,300.2500069141388,-0.2509373724460602,0
1242.5127410888672,505.8405232429504,-0.0981254503130912,1297.1985626220703,422.4492394924164,-0.1783152222633361,1296.0447692871094,313.79727602005005,-0.2200149148702621,1300.0666809082031,296.0023534297943,-0.243618756532669,1285.7498931884766,293.78676295280457,-0.2356751412153244,1281.0796737670898,299.41795349121094,-0.2208845466375351,0
1243.131866455078,512.6296234130859,-0.0786610692739486,1328.3074951171875,445.1096034049988,-0.1584687530994415,1331.536102294922,339.4519507884979,-0.2041165232658386,1334.494171142578,313.1151473522186,-0.2258504033088684,1320.4558181762695,309.6883463859558,-0.2193458676338195,1317.8807830810547,316.90266251564026,-0.2057355195283889,0
1245.1745223999023,515.9539103507996,-0.0570561960339546,1343.5411834716797,481.6958141326904,-0.1236369535326957,1350.3789138793943,397.5506258010864,-0.1882035136222839,1353.4193801879885,370.75703144073486,-0.2086234092712402,1343.953742980957,365.980521440506,-0.1997373104095459,1341.0475158691406,374.5009982585907,-0.1884401142597198,0
1247.2069931030271,519.9765479564667,-0.0951190069317817,1355.0129699707031,517.8405869007111,-0.1861143559217453,1364.2838287353516,434.5873510837555,-0.2731249034404754,1362.5252151489258,406.7640781402588,-0.2934793829917907,1353.6505508422852,400.6214761734009,-0.2817066311836242,1352.669906616211,410.172758102417,-0.2721894383430481,0
1247.6141738891602,523.1964218616486,-0.09267009049654,1360.5860137939453,544.2192006111145,-0.1977524608373642,1362.623519897461,449.8963809013367,-0.2942079305648803,1359.6158981323242,427.7154994010925,-0.3147177696228027,1351.6852569580078,421.2953209877014,-0.2997946441173553,1351.2579345703125,429.7606301307678,-0.292132556438446,0
1248.1775665283203,526.4934146404266,-0.0723052695393562,1353.9064407348633,560.6120467185974,-0.1827664375305175,1365.6504821777344,470.7032203674317,-0.2951769232749939,1366.3633346557615,447.5684916973114,-0.3163899183273315,1357.8711318969729,442.4823474884033,-0.3038947880268097,1356.2972259521484,450.3223049640656,-0.2944684624671936,0
1248.9137649536133,524.0966784954071,-0.086186334490776,1353.5333633422852,560.4604482650757,-0.2102787941694259,1367.336082458496,477.3590362071991,-0.3377166986465454,1367.029266357422,455.6978702545166,-0.3628550171852112,1360.7038879394531,449.2802667617798,-0.350013256072998,1359.2080307006836,456.6447329521179,-0.3373772799968719,0
1250.4756546020508,523.2465362548828,-0.0638215541839599,1349.1159439086914,533.0711138248444,-0.176769807934761,1367.1281433105469,447.6505994796753,-0.2848899960517883,1371.8244552612305,423.7559473514557,-0.3065665066242218,1362.854232788086,419.1973078250885,-0.2972175180912018,1360.1220703125,426.8230640888214,-0.2858432233333587,0
1247.4946975708008,521.357284784317,-0.0671532154083252,1345.6626892089844,514.5015263557434,-0.1733582019805908,1365.9108352661133,433.0844020843506,-0.2689032256603241,1365.7731628417969,410.8172285556793,-0.2897699177265167,1359.2571258544922,403.8737618923187,-0.2790810763835907,1357.4091339111328,411.3049185276032,-0.2690813243389129,0
1246.8177795410156,520.1335537433624,-0.0268697142601013,1336.3861083984375,496.9018793106079,-0.1255423724651336,1356.0833358764648,404.1951441764832,-0.2170557975769043,1357.6860809326172,383.9437472820282,-0.2368665486574173,1352.8009414672852,380.7698035240173,-0.228921428322792,1350.9391021728516,387.5889015197754,-0.2188548743724823,0
1241.4949035644531,512.4912858009338,-0.0428689084947109,1316.9843673706057,477.9487895965576,-0.1206463128328323,1348.5325241088867,387.7971160411835,-0.1982361227273941,1352.2438430786133,360.36587476730347,-0.2181141972541809,1346.6724014282229,357.8554880619049,-0.2174696922302246,1345.0498580932615,367.4872362613678,-0.2031665444374084,0
1241.9804763793943,511.9774925708771,-0.0299540255218744,1328.7321853637695,462.8659987449646,-0.0900730416178703,1341.6998291015625,366.8525826931,-0.135519340634346,1341.7621994018557,342.14985609054565,-0.1526234447956085,1333.7680435180664,338.6559784412384,-0.1458749920129776,1332.1551132202148,345.0228559970856,-0.1369333267211914,0
1242.8811264038086,504.2453598976135,-0.1022189855575561,1283.419075012207,415.2856492996216,-0.1976920664310455,1278.7913131713867,310.7603180408478,-0.2436721175909042,1282.8818893432615,296.0558795928955,-0.2694316506385803,1272.8199005126953,293.9611494541168,-0.2651479840278625,1268.6406326293943,297.2627127170563,-0.2466332018375396,0
1241.7908477783203,506.71950459480286,-0.0618643648922443,1287.1611785888672,426.3092708587647,-0.1332391649484634,1295.4266738891602,326.2889885902405,-0.1748479455709457,1298.839988708496,305.77823281288147,-0.1967587769031524,1292.5623321533203,302.09004521369934,-0.1962272822856903,1288.9223098754885,307.07515597343445,-0.1787698417901992,0
1245.8850860595703,516.5587913990021,-0.0499578192830085,1348.6603546142578,475.1210117340088,-0.1294725686311721,1338.5389709472656,377.0949411392212,-0.1838812828063964,1339.9278259277344,355.03710865974426,-0.2035794109106063,1326.4251708984375,350.9359037876129,-0.1897461414337158,1324.262351989746,359.0815365314484,-0.1813673228025436,0
1248.893051147461,518.7357902526855,-0.0732283368706703,1360.7383346557615,511.7853713035584,-0.1628136187791824,1353.1044387817385,415.83420395851135,-0.2410316914319992,1351.9244384765625,393.69046568870544,-0.2616536617279053,1342.8981399536133,389.1118061542511,-0.2475734204053878,1340.771026611328,398.0894601345062,-0.2391882538795471,0
1244.520492553711,518.4625911712646,-0.0660097524523735,1349.2952728271484,507.82926321029663,-0.1533946096897125,1350.9832763671875,418.7671029567719,-0.2280812561511993,1349.912109375,399.18067932128906,-0.2484891563653946,1343.4639358520508,394.0024173259735,-0.234548881649971,1341.1641311645508,401.3456404209137,-0.2263253480195999,0
1242.1929931640625,508.90596628189087,-0.0539749860763549,1318.2001876831057,451.8678689002991,-0.1269693970680236,1328.738021850586,354.25545930862427,-0.1702136546373367,1334.8444747924805,328.6027801036835,-0.1919569224119186,1323.5619735717771,324.44753408432007,-0.18631412088871,1319.1918182373047,329.9388098716736,-0.1720677018165588,0
1244.2150497436523,512.4776065349579,-0.0650708973407745,1301.8706130981443,449.13137197494507,-0.1351553350687027,1320.6142044067385,347.822824716568,-0.1803774237632751,1325.5071258544922,319.1203451156616,-0.2016877830028534,1316.2377548217771,314.3210792541504,-0.1989851593971252,1311.643295288086,319.919536113739,-0.1840816885232925,0
1243.4972763061523,508.9572072029114,-0.0884309262037277,1282.9039764404297,421.85572028160095,-0.1737916767597198,1268.0360412597656,310.9039342403412,-0.2036674171686172,1274.5491027832031,296.6596984863281,-0.2264010608196258,1262.6977157592771,293.5126304626465,-0.218241885304451,1256.8751907348633,297.9941511154175,-0.2040813714265823,0
1241.2835311889648,503.86884212493896,-0.0612631812691688,1291.1188888549805,427.0024073123932,-0.1235826686024665,1292.1797561645508,327.03890204429626,-0.1586012691259384,1294.1575241088867,308.1765139102936,-0.1805260330438614,1285.6559371948242,304.11583185195923,-0.1791348904371261,1283.0141830444336,309.5699000358581,-0.1626075804233551,0
1246.6283798217771,513.5019421577454,-0.0838542878627777,1314.7880172729492,438.8044273853302,-0.1571418493986129,1320.762062072754,335.7930850982666,-0.202317789196968,1324.6638107299805,313.5491502285004,-0.2250655144453048,1313.971939086914,309.71866607666016,-0.2192572206258773,1309.8064041137695,316.17048382759094,-0.2044398337602615,0
1248.1404876708984,517.4541556835175,-0.0142113650217652,1343.331184387207,473.5209560394287,-0.072507657110691,1341.7005157470703,371.7996490001679,-0.1059870794415474,1345.2659225463867,350.38126587867737,-0.1206614822149276,1330.5934524536133,344.9463164806366,-0.1107766255736351,1327.6771545410156,352.193945646286,-0.1052439883351326,0
1246.4265060424805,518.8588714599609,-0.0439280085265636,1347.7313232421875,486.8828630447388,-0.0968304947018623,1357.4950790405271,399.45403933525085,-0.1424636989831924,1361.0475540161133,377.0001196861267,-0.1592671275138855,1354.7359085083008,373.4374916553497,-0.1505848467350006,1351.596794128418,381.4330387115479,-0.1432918757200241,0
1247.3500442504885,523.1661343574524,-0.0535793676972389,1353.094482421875,514.9540364742279,-0.1188951805233955,1359.2313766479492,428.6470413208008,-0.1849999725818634,1360.8926010131836,406.59934759140015,-0.2026735693216323,1353.6426544189453,400.1504588127136,-0.1924503147602081,1350.9864807128906,408.3714723587036,-0.1849126666784286,0
1251.2602615356443,527.5349700450897,-0.0604431517422199,1361.9596481323242,537.1032786369324,-0.1557553857564926,1361.9319534301758,448.18962693214417,-0.2424361109733581,1361.2405014038086,426.8637800216675,-0.2625625729560852,1352.6677322387695,419.40146684646606,-0.249612346291542,1351.8368911743164,427.63834834098816,-0.2412611097097396,0
1247.5330352783203,519.7612845897675,-0.0433774404227733,1336.8945693969729,504.6662306785584,-0.1281140595674514,1355.054168701172,412.4769902229309,-0.2051822543144226,1353.3155822753906,391.9725108146668,-0.222990408539772,1350.508804321289,389.3545246124268,-0.213848739862442,1349.714584350586,397.8030002117157,-0.2063458114862442,0
1240.1361465454102,517.1993350982666,-0.0340281277894973,1313.3176803588867,493.9520502090454,-0.0990508049726486,1357.3122024536133,430.2170991897583,-0.1763309687376022,1358.8030242919922,405.951851606369,-0.1964007914066314,1356.3743591308594,404.2391109466553,-0.197732001543045,1354.1941452026367,416.32826685905457,-0.1822672337293625,0
1240.6110763549805,516.95751786232,-0.0461705960333347,1323.339385986328,480.7338881492615,-0.0959255620837211,1352.6576614379885,392.17901945114136,-0.1432275027036667,1355.804328918457,367.0772767066956,-0.159879520535469,1349.7631072998047,363.7225091457367,-0.1574327647686004,1347.3699188232422,371.3659679889679,-0.1472592800855636,0
1243.3716201782229,512.189633846283,-0.0861751735210418,1296.6627502441406,428.060120344162,-0.16202412545681,1285.1812362670898,315.061594247818,-0.194716066122055,1294.108543395996,294.4920015335083,-0.217432826757431,1284.554214477539,291.4029335975647,-0.2105729430913925,1278.3130645751953,297.5570261478424,-0.1960974782705307,0
1236.8690872192385,506.77785873413086,-0.0774647146463394,1277.1406173706057,417.2067975997925,-0.1406828910112381,1261.5260696411133,318.2533049583435,-0.1742371171712875,1261.9928741455078,318.04039120674133,-0.1954711824655532,1258.4964752197266,316.2125837802887,-0.194381982088089,1256.5885162353516,316.0989010334015,-0.1773865818977356,0
1236.668357849121,506.59928798675537,-0.0637290924787521,1279.4539260864258,420.43336629867554,-0.1363403648138046,1269.1358184814453,318.23602080345154,-0.1786511242389679,1270.187759399414,304.77137446403503,-0.2011330723762512,1262.3380279541016,302.6239550113678,-0.1979580223560333,1259.846305847168,305.84720849990845,-0.1813223659992218,0
1241.469955444336,512.4594855308533,-0.0564256086945533,1306.919059753418,434.3276059627533,-0.1266360431909561,1296.496696472168,324.62159872055054,-0.1564525812864303,1296.6011810302734,307.69744992256165,-0.1759333610534668,1281.0227966308594,305.7164669036865,-0.1665490120649337,1278.0975723266602,309.924498796463,-0.1561207473278045,0
1243.1279754638672,512.6861107349396,-0.0529251359403133,1326.5508270263672,449.98560190200806,-0.1224123537540435,1325.8391189575195,348.24533700942993,-0.167674109339714,1325.9041213989258,324.8872661590576,-0.189476728439331,1311.6447830200195,320.4424059391022,-0.1800624430179596,1310.5643463134766,327.3389446735382,-0.1678941398859024,0
1243.2479095458984,518.711553812027,-0.0286440346390008,1339.8613357543943,465.99175930023193,-0.0925762951374054,1344.8567962646484,365.4115605354309,-0.1359959244728088,1350.1163864135742,344.47999835014343,-0.1522316932678222,1336.395034790039,338.68192076683044,-0.1415818184614181,1332.242431640625,345.55525302886963,-0.1354098916053772,0
1243.4678649902344,520.2761721611023,-0.0413166917860507,1345.7321548461914,482.1221566200256,-0.104034312069416,1354.5722579956057,387.884920835495,-0.1552723199129104,1357.0615768432615,365.04434466362,-0.1714580357074737,1347.245864868164,361.18714570999146,-0.1640740782022476,1343.741798400879,368.0107498168945,-0.1556098610162735,0
1243.8859176635742,518.6219465732574,-0.044416144490242,1344.8993682861328,490.23717999458313,-0.1068924665451049,1359.8975372314453,403.03053975105286,-0.1673765778541565,1359.2317199707031,377.6300740242005,-0.1849480420351028,1351.1857223510742,371.97577357292175,-0.1772894561290741,1349.2047500610352,378.3543026447296,-0.1682169437408447,0
1247.4269485473633,519.6817517280579,-0.0824765264987945,1355.358009338379,505.6103253364563,-0.1507767587900161,1370.6278610229492,428.8497841358185,-0.2196613699197769,1371.5950012207031,403.7917828559876,-0.2379691153764724,1362.9035568237305,396.0189986228943,-0.2281641960144043,1361.2703704833984,405.3438484668732,-0.2199008911848068,0
1246.2677764892578,528.9871287345886,-0.0700630098581314,1347.7426528930664,579.4030451774597,-0.1833874136209488,1361.6543197631836,489.4336438179016,-0.297019749879837,1365.81298828125,469.6937870979309,-0.3204590976238251,1352.8978729248047,461.5590333938599,-0.3054059147834778,1349.3272018432615,468.1385350227356,-0.295226901769638,0
1245.6390380859375,530.4421842098236,-0.0528584010899066,1347.3543548583984,567.8151297569275,-0.1828391104936599,1360.004653930664,483.997278213501,-0.3090087473392486,1359.953384399414,470.8410108089447,-0.3329482078552246,1351.8651580810547,462.736930847168,-0.3180953562259674,1349.6840286254885,467.5872445106506,-0.3074671030044555,0
1244.0470504760742,519.8912858963013,-0.0573202781379222,1338.9118194580078,511.46592020988464,-0.1604064106941223,1354.1326904296875,430.03605008125305,-0.2600347101688385,1355.7443618774414,403.1065964698792,-0.2828379273414612,1352.9383850097656,402.4088251590729,-0.2718347609043121,1346.4744186401367,410.34592151641846,-0.2599918246269226,0
1244.857521057129,520.1742053031921,-0.0415536612272262,1333.9830780029297,504.9977195262909,-0.1375053972005844,1352.6947402954102,413.76203656196594,-0.2287968248128891,1356.0874557495115,390.4745507240296,-0.2484161406755447,1348.7959671020508,387.3894417285919,-0.240433931350708,1346.568374633789,396.0671496391296,-0.2305206954479217,0
1241.0572814941406,517.7053070068359,-0.0349034890532493,1323.0267333984375,491.9989085197449,-0.1187732964754104,1357.0574569702148,414.00118231773376,-0.1961076855659485,1359.1193389892578,390.0957155227661,-0.2151171267032623,1356.2461853027344,386.7315495014191,-0.2125750929117202,1353.468360900879,396.0625469684601,-0.200001448392868,0
1240.7945251464844,517.8942739963531,-0.0539019219577312,1333.5215377807615,479.6749520301819,-0.1241605058312416,1348.8768768310547,395.6149291992188,-0.1775193214416504,1351.1002349853516,368.7868309020996,-0.1951086819171905,1344.6368408203125,363.8611686229706,-0.1864003241062164,1341.4144134521484,369.683450460434,-0.1780334413051605,0
1241.309051513672,514.943060874939,-0.0255354363471269,1323.7726593017578,475.13118267059326,-0.0817048028111457,1341.7919540405271,388.8310432434082,-0.1259674876928329,1344.1106414794922,359.93196845054626,-0.1416466683149337,1338.911476135254,354.5422732830048,-0.1359978169202804,1335.5247116088867,362.79322028160095,-0.1278303563594818,0
1240.752182006836,512.423050403595,-0.0271538328379392,1320.721206665039,462.3425817489624,-0.0790422856807708,1339.0290069580078,369.8235583305359,-0.1125495880842208,1341.833953857422,344.8088800907135,-0.1276298016309738,1336.8284225463867,338.5215997695923,-0.1250335127115249,1333.3180618286133,346.46310567855835,-0.1155190840363502,0
1244.1343688964844,508.9684081077576,-0.0468287132680416,1317.6222610473633,458.43839049339294,-0.1121255159378051,1332.989616394043,363.6471927165985,-0.1609091013669967,1336.4544296264648,336.36841893196106,-0.1804149597883224,1328.8688278198242,331.12401366233826,-0.1772427409887313,1325.1906967163086,339.36923146247864,-0.1639697700738906,0
1242.722282409668,508.4594106674194,-0.0691995695233345,1298.093605041504,432.3215174674988,-0.1461366713047027,1296.1482238769531,328.7687337398529,-0.1842452585697174,1304.619598388672,311.93448185920715,-0.2067181169986724,1291.7163848876953,307.8553891181946,-0.2003134191036224,1284.8008346557615,312.718802690506,-0.1856418401002884,0
1243.3143997192385,508.3191096782684,-0.0783925503492355,1287.8593826293943,423.17150473594666,-0.1573472172021865,1278.354148864746,317.66554713249207,-0.1900318711996078,1281.122817993164,298.78204464912415,-0.2112554013729095,1270.2824020385742,295.6738257408142,-0.2059369087219238,1266.1511993408203,300.1799690723419,-0.1911434978246688,0
1241.3462448120115,507.1251511573792,-0.058157704770565,1285.5521392822266,425.14556765556335,-0.1223626509308815,1282.5160217285156,321.67173743247986,-0.1600683331489563,1287.3569869995115,308.61048460006714,-0.1816006004810333,1279.4317245483398,303.38947892189026,-0.178993672132492,1275.1782989501953,306.37136578559875,-0.1627502143383026,0
1244.4661331176758,518.7225294113159,-0.0468998365104198,1354.8755264282229,504.518301486969,-0.1302127093076706,1345.312728881836,409.3841242790222,-0.208122506737709,1344.0586853027344,384.2043614387512,-0.2286987602710724,1334.6674346923828,381.9937598705292,-0.2154171913862228,1333.4639739990234,389.12184834480286,-0.2064013332128524,0
1243.2774353027344,520.8712041378021,-0.0724464356899261,1357.0471572875977,526.6873705387115,-0.1700618267059326,1349.9361419677734,434.8311638832092,-0.2594849467277527,1346.6449356079102,411.4332783222199,-0.2817190587520599,1338.1395721435547,407.2437536716461,-0.2653406858444214,1337.62939453125,416.2633144855499,-0.256726861000061,0
1245.498046875,528.409252166748,-0.0761853903532028,1352.1486282348633,568.0629658699036,-0.197397843003273,1353.1175994873047,476.3400435447693,-0.3194621205329895,1354.1924285888672,457.5377154350281,-0.3448356986045837,1343.309211730957,451.0544192790985,-0.3281699419021606,1341.328582763672,457.63588428497314,-0.3171125948429107,0
1246.8691635131836,528.4774875640869,-0.0982754081487655,1345.8464813232422,583.4394264221191,-0.2240549474954605,1354.3407440185547,494.05421018600464,-0.3572616875171661,1356.3292694091797,475.01782178878784,-0.3844828307628631,1345.956573486328,467.6997685432434,-0.3689007759094238,1342.0945358276367,472.99959897995,-0.3558503091335296,0
1245.0533294677734,532.1713399887085,-0.0875433459877967,1343.056411743164,585.8119583129883,-0.2107965797185897,1358.034210205078,494.9561727046967,-0.3368056416511535,1360.3287506103516,478.26170682907104,-0.3624480068683624,1352.288932800293,471.07980251312256,-0.347431480884552,1349.2424011230469,475.93475103378296,-0.3353444635868072,0
1244.4679641723633,528.0371761322021,-0.0665260553359985,1348.2508850097656,574.0133500099182,-0.1841518729925155,1359.5336151123047,487.8670620918274,-0.3026633858680725,1360.1874160766602,469.87589836120605,-0.3260406255722046,1351.691665649414,463.1872844696045,-0.3125173151493072,1349.246063232422,469.7472810745239,-0.3015757799148559,0
1244.842643737793,522.8495478630066,-0.0754549875855445,1352.6350021362305,556.2001132965088,-0.1900784075260162,1357.027359008789,470.1646757125855,-0.3000370860099792,1358.0189895629885,448.6199927330017,-0.3233312666416168,1350.321807861328,443.1690466403961,-0.3088600039482116,1347.1314239501953,450.24109840393066,-0.2981115281581878,0
1245.6327438354492,519.026563167572,-0.0507885441184043,1336.325798034668,517.3386383056641,-0.165561094880104,1353.6212539672852,427.1799159049988,-0.2678301632404327,1356.5420150756836,410.1122152805328,-0.2876605689525604,1353.8222122192385,402.9904353618622,-0.2805397808551788,1351.6171646118164,411.2253856658936,-0.2696326971054077,0
1244.3019104003906,519.0355110168457,-0.0356688722968101,1337.731590270996,502.335991859436,-0.1222400516271591,1351.6637420654297,416.3587152957916,-0.2034363448619842,1352.8186798095703,395.0997197628021,-0.2233849465847015,1348.784523010254,391.0122585296631,-0.2169451862573623,1347.0890808105469,398.2655203342438,-0.2055949866771698,0
1240.9210968017578,521.790965795517,-0.0329508297145366,1340.0431823730469,492.6864123344421,-0.1070591285824775,1351.9392013549805,404.80881214141846,-0.1620697528123855,1353.248405456543,385.778796672821,-0.1778760999441146,1348.286476135254,381.70366287231445,-0.168260246515274,1345.6797409057615,389.3710684776306,-0.1623591780662536,0
1239.8642349243164,514.7355222702026,-0.0270049050450325,1327.3451614379885,482.2316551208496,-0.0722479000687599,1348.4821701049805,409.7624123096466,-0.1180504113435745,1350.267562866211,381.3595247268677,-0.1331850737333297,1344.0649795532229,375.454877614975,-0.1303881853818893,1343.0126953125,387.3379111289978,-0.1214661598205566,0
1240.865135192871,510.39446353912354,-0.0461707226932048,1323.739013671875,466.8032777309418,-0.0945319980382919,1338.2639694213867,380.0320887565613,-0.1326238214969635,1341.4752960205078,353.73751401901245,-0.1496898233890533,1331.7431259155271,349.18418526649475,-0.1450054943561554,1329.6810150146484,354.97138381004333,-0.1352267563343048,0
1243.8972473144531,508.5164773464203,-0.0926205217838287,1299.2002487182615,431.1297154426575,-0.1646846383810043,1293.4962844848633,318.8966166973114,-0.2081964910030365,1300.8000183105469,299.7802126407624,-0.2313334047794342,1287.0356369018557,296.34446382522583,-0.2248023599386215,1281.211395263672,301.8090569972992,-0.209469124674797,0
1243.0690383911133,506.90032839775085,-0.0458570346236228,1293.7727737426758,430.32479524612427,-0.1226960942149162,1289.706916809082,327.2851610183716,-0.1612520813941955,1294.720344543457,309.2428207397461,-0.1846518665552139,1284.180908203125,306.04782700538635,-0.1789449900388717,1280.1362228393557,310.91169118881226,-0.1628681123256683,0
1239.7280502319336,505.4145669937134,-0.0743811354041099,1280.7820129394531,443.30674052238464,-0.1416402757167816,1280.8107376098633,322.15572595596313,-0.1789908111095428,1288.2116317749023,306.5253138542176,-0.2014869153499603,1276.1407470703125,302.40479707717896,-0.1984842270612716,1271.1594772338867,306.16517901420593,-0.1821389496326446,0
1236.851921081543,506.7173480987549,-0.1117105260491371,1276.3568115234375,419.7918570041657,-0.1806451678276062,1272.355728149414,327.85157918930054,-0.2195727080106735,1274.7243118286133,326.45413756370544,-0.242279514670372,1270.1743698120115,324.48477387428284,-0.2429278939962387,1268.6692428588867,324.9445903301239,-0.2238545715808868,0
1243.1188201904297,505.0344121456146,-0.0967407077550888,1274.9256134033203,413.70793104171753,-0.1563947349786758,1261.1159133911133,314.82685804367065,-0.1886054128408432,1261.6963577270508,307.3842430114746,-0.2092291861772537,1254.814682006836,305.0357222557068,-0.2073016762733459,1252.8430938720703,306.7475938796997,-0.1912812888622284,0
1239.5757293701172,504.19044971466064,-0.073718748986721,1275.8563613891602,413.1557071208954,-0.1346879005432129,1273.7131118774414,316.3386261463165,-0.1723137199878692,1274.8875045776367,305.5129194259644,-0.193420797586441,1268.3255767822266,302.3620533943176,-0.194583848118782,1265.7999801635742,304.02976512908936,-0.1770887970924377,0
1240.6177139282229,505.6727349758148,-0.072426825761795,1287.7821350097656,420.2859842777252,-0.1479730904102325,1283.9416122436523,316.5283977985382,-0.1869276165962219,1288.5948944091797,297.6207232475281,-0.2114870548248291,1276.8292236328125,295.2606475353241,-0.2065731734037399,1272.7532958984375,300.7144260406494,-0.1891575455665588,0
1236.8542098999023,512.3100113868713,-0.0192090105265378,1328.6472702026367,456.7761182785034,-0.0860243961215019,1322.376708984375,351.14598512649536,-0.1188363507390022,1325.5967330932615,329.0766942501068,-0.1345819532871246,1310.584831237793,324.82656240463257,-0.1240672618150711,1306.8505096435547,332.60475397109985,-0.1176140829920768,0
1241.6496276855469,518.130909204483,-0.0699023976922035,1345.9269332885742,504.0741276741028,-0.1333251744508743,1340.8945083618164,407.4353277683258,-0.185226023197174,1339.738540649414,387.6249504089356,-0.2019303739070892,1331.561622619629,382.3396039009094,-0.1884455978870391,1330.7239151000977,389.7273087501526,-0.1832844763994217,0
1239.458885192871,516.2565922737122,-0.0793232023715972,1343.3343887329102,510.4534935951233,-0.1635130792856216,1344.42626953125,420.42837738990784,-0.2270872145891189,1342.0106506347656,401.7626166343689,-0.246448129415512,1333.8234329223633,396.0367012023926,-0.2309653311967849,1333.153839111328,404.1916680335999,-0.2248405814170837,0
1243.5675430297852,521.7559790611267,-0.0816053673624992,1354.6821212768557,538.8732147216797,-0.2000075429677963,1345.4985809326172,446.6209852695465,-0.3111020624637604,1341.8657684326172,425.2082347869873,-0.337201327085495,1334.5954513549805,421.5834867954254,-0.3182105720043182,1333.6125183105469,429.6351671218872,-0.3079780638217926,0
1248.6653137207031,532.0353519916534,-0.0809043869376182,1350.0197982788086,582.3849964141846,-0.2072591334581375,1354.2132568359375,491.7950391769409,-0.3340045809745788,1356.0803604125977,472.2966456413269,-0.3604382574558258,1346.1169052124023,466.1461901664734,-0.3433932363986969,1342.9423141479492,470.9327745437622,-0.3315801620483398,0
1249.4036865234375,530.0257551670074,-0.0869928896427154,1346.506805419922,587.0586061477661,-0.2160292118787765,1351.9547653198242,497.1721816062927,-0.3496695756912231,1353.589324951172,477.47609853744507,-0.3777518570423126,1342.5717544555664,470.302369594574,-0.3606016933917999,1338.720703125,475.1915645599365,-0.3472783267498016,0
1247.666358947754,532.4538087844849,-0.068666324019432,1348.542366027832,583.5534954071045,-0.1918894648551941,1355.4616928100586,490.05387783050537,-0.3110660314559936,1357.9749298095703,474.19915795326233,-0.3363578915596008,1349.8490524291992,467.2085380554199,-0.3210746943950653,1345.4795837402344,472.5054395198822,-0.3090367317199707,0
1250.8930206298828,522.8144645690918,-0.0922079160809516,1350.4771041870115,541.954300403595,-0.21156807243824,1349.278335571289,444.9681437015533,-0.3202706575393677,1349.4337463378906,424.1604673862457,-0.3449899852275848,1341.7816543579102,422.7721989154816,-0.3294423818588257,1339.2671585083008,430.7801377773285,-0.3182662725448608,0
1245.0565338134766,519.081312417984,-0.0425441227853298,1341.7329025268557,499.9571514129639,-0.127111479640007,1337.8279495239258,401.106333732605,-0.1914137154817581,1334.0637588500977,384.6809792518616,-0.2091208547353744,1327.455940246582,380.83008885383606,-0.1960199922323227,1327.1939849853516,387.9651939868927,-0.1898487657308578,0
1244.5380020141602,515.7454705238342,-0.0336901694536209,1328.9814376831057,483.1953191757202,-0.1011314913630485,1336.4263916015625,395.7347917556762,-0.1551290601491928,1338.3373260498047,370.7715797424317,-0.1721273809671402,1332.205810546875,366.7767512798309,-0.1669491380453109,1331.400375366211,375.9690570831299,-0.1574294120073318,0
1243.8383102416992,509.13275241851807,-0.041802916675806,1303.6061096191406,436.8734300136566,-0.1154832392930984,1288.6492538452148,333.76887559890747,-0.1570020616054535,1289.8921966552734,311.5172803401947,-0.177958995103836,1277.9530334472656,309.00470495224,-0.1711358726024627,1274.772491455078,314.53083872795105,-0.1580652147531509,0
1237.434310913086,504.405745267868,-0.0739910155534744,1274.6646881103516,411.7942178249359,-0.1514156907796859,1257.2328186035156,307.50030755996704,-0.1919938772916793,1255.9556579589844,296.46329641342163,-0.2150004208087921,1248.4156036376953,293.5717570781708,-0.2126569151878357,1246.3972091674805,295.65364480018616,-0.1952408999204635,0
1241.9999313354492,503.8084924221039,-0.1061559543013572,1272.4375534057615,411.1316907405853,-0.176963984966278,1264.449462890625,307.76938676834106,-0.2090654820203781,1267.280044555664,297.5044012069702,-0.2314035296440124,1260.1919174194336,295.54556250572205,-0.227388247847557,1257.942008972168,297.35560297966003,-0.2116229683160781,0
1241.9554138183594,505.5942320823669,-0.0962517261505127,1291.7730331420898,417.2943127155304,-0.1698905974626541,1289.454231262207,310.40111660957336,-0.2074275314807891,1296.730842590332,292.9674232006073,-0.2311123460531234,1282.79296875,288.52652192115784,-0.2271023839712143,1277.2955703735352,293.92741799354553,-0.2099371552467346,0
1242.5046157836914,516.453605890274,-0.0394555889070034,1347.3786163330078,484.0897500514984,-0.0941098630428314,1346.7174911499023,387.6510858535767,-0.1485160440206527,1351.0089111328125,361.5786302089691,-0.1672885715961456,1339.8505783081057,360.79933047294617,-0.1581279188394546,1336.142234802246,369.83405113220215,-0.1485614031553268,0
1243.0891799926758,516.1943435668945,-0.069018006324768,1349.6089553833008,504.6762728691101,-0.1398110538721084,1359.0806579589844,420.08549451828,-0.2044722437858581,1360.1645278930664,403.0804932117462,-0.2222550958395004,1351.5648651123047,395.722496509552,-0.2114895433187484,1349.7978973388672,403.3701395988464,-0.2038926184177398,0
1246.7345809936523,523.8508379459381,-0.0627952143549919,1352.4707794189453,547.9585003852844,-0.1706424057483673,1355.9632873535156,453.5617160797119,-0.2625314891338348,1355.276985168457,432.9511821269989,-0.2809916734695434,1345.2742767333984,428.6611711978912,-0.2648725211620331,1344.4453811645508,435.534245967865,-0.259851723909378,0
1243.3388900756836,527.7440857887268,-0.0699164792895317,1348.732681274414,571.5219211578369,-0.1877079010009765,1355.9001159667969,479.5824158191681,-0.3038457632064819,1359.5554733276367,463.2587707042694,-0.3289590179920196,1349.8089981079102,455.3477776050568,-0.3127983212471008,1346.6064834594729,460.9879803657532,-0.3015645146369934,0
1244.4606399536133,530.0275897979736,-0.0780762806534767,1340.7868194580078,590.5078411102295,-0.2011945694684982,1355.427474975586,504.38047885894775,-0.3293441534042358,1358.906021118164,485.7282686233521,-0.3548449873924255,1350.233917236328,478.3323240280152,-0.3400465250015259,1347.3695755004885,482.7853274345398,-0.3279423117637634,0
1249.3815994262695,525.5620014667511,-0.0757981911301612,1342.822608947754,572.5457096099854,-0.2133904993534088,1353.779525756836,489.3300676345825,-0.3554328382015228,1347.9841232299805,475.5322587490082,-0.3808917105197906,1342.3931121826172,468.5541272163391,-0.3664026260375976,1341.6420364379885,474.14090037345886,-0.3543120920658111,0
1249.2249298095703,523.7813150882721,-0.0368501618504524,1356.525650024414,533.0435943603516,-0.1496435552835464,1351.6102981567385,432.25714445114136,-0.2465970814228058,1352.4346160888672,412.5482833385468,-0.2680648267269134,1341.9965744018557,407.6513957977295,-0.2519295811653137,1340.4610061645508,417.06337451934814,-0.2438184767961502,0
1244.531021118164,518.1549203395844,-0.0265480298548936,1340.52978515625,504.14612889289856,-0.1282104551792144,1348.747215270996,417.02706813812256,-0.2233640700578689,1349.5442962646484,395.6705796718597,-0.2444641590118408,1343.9227294921875,392.22469210624695,-0.236046627163887,1342.4869537353516,400.64613103866577,-0.2243397235870361,0
1241.2339782714844,513.7301123142242,-0.0301726292818784,1329.785385131836,484.42548751831055,-0.0810653492808342,1347.7238845825195,396.1734616756439,-0.1216170564293861,1351.8695068359375,372.6991653442383,-0.1366165280342102,1346.6182708740234,368.6435043811798,-0.1340571492910385,1344.2535781860352,373.1871771812439,-0.1253745257854461,0
1242.0322036743164,507.1668004989624,-0.0531947799026966,1293.6673736572266,422.5893473625183,-0.1354509145021438,1282.7582931518557,310.37073254585266,-0.1770646125078201,1286.755142211914,293.29105854034424,-0.1999116241931915,1276.7097473144531,290.6923198699951,-0.1926479637622833,1271.6716003417969,295.9328305721283,-0.17843559384346,0
1233.9089584350586,500.5561423301697,-0.0852227434515953,1269.2820739746094,416.3107895851135,-0.1357665061950683,1270.6468963623047,325.25251865386963,-0.1658289134502411,1270.2630615234375,318.05670976638794,-0.1866895407438278,1266.437759399414,315.7835376262665,-0.1868668645620346,1265.346450805664,317.23453760147095,-0.1697506010532379,0
1236.0749816894531,505.0457739830017,-0.1116646081209182,1280.8546829223633,421.15167260169983,-0.1809253394603729,1279.8877716064453,316.7066466808319,-0.2135834842920303,1285.2363967895508,301.6994619369507,-0.2370345592498779,1276.6026306152344,298.82707357406616,-0.2339250147342682,1272.6211166381836,302.6573967933655,-0.2165227979421615,0
1241.6411590576172,508.5708725452423,-0.0709515661001205,1315.7599639892578,442.44114875793457,-0.1380222886800766,1311.8709182739258,336.65314078330994,-0.1743422597646713,1315.685920715332,314.0590488910675,-0.1973504275083542,1297.404556274414,310.7840394973755,-0.1892288476228714,1292.8320693969729,318.80462765693665,-0.1750030815601349,0
1238.3884048461914,512.1171176433563,-0.0657951533794403,1323.9593124389648,453.4838247299194,-0.131858080625534,1322.5141525268557,350.25245547294617,-0.1746430993080139,1327.1821975708008,327.10968017578125,-0.1962118744850158,1311.4465713500977,322.33320236206055,-0.1878249794244766,1307.684326171875,329.53036308288574,-0.175426110625267,0
1240.5701065063477,511.58401250839233,-0.0170273017138242,1330.741310119629,457.7387523651123,-0.0822163075208664,1332.029914855957,358.18852186203003,-0.1216346025466919,1335.1738357543943,336.7697203159332,-0.1384594887495041,1319.9655532836914,331.5073227882385,-0.1286601573228836,1317.3456573486328,338.2759201526642,-0.1216234415769577,0
1238.4023666381836,514.5580458641052,-0.0136375622823834,1336.3531494140625,474.156414270401,-0.0637339502573013,1342.5170516967771,376.3171541690826,-0.1003608331084251,1345.8313751220703,354.35465812683105,-0.1150479465723037,1334.8330307006836,350.2570581436157,-0.10757627338171,1331.4800262451172,357.0885479450226,-0.1006633937358856,0
1239.4024658203125,521.5414559841156,-0.0598592683672905,1352.9317474365234,527.6169490814209,-0.136286973953247,1359.477767944336,435.8205127716065,-0.208421841263771,1359.2407608032229,412.0971894264221,-0.2274936884641647,1348.2337188720703,406.4760410785675,-0.2147549986839294,1345.9474182128906,414.7315263748169,-0.2065522223711013,0
1243.6277389526367,526.0892486572266,-0.07887764275074,1351.647720336914,563.0604100227356,-0.1932302266359329,1357.0654678344729,472.1168196201325,-0.3068327605724334,1358.0623626708984,450.5418491363525,-0.3303610682487488,1347.3754119873047,444.7175717353821,-0.3141912221908569,1345.4030227661133,451.836326122284,-0.3046369850635528,0
1243.9147567749023,527.8345942497253,-0.0752461478114128,1346.7234420776367,576.1099791526794,-0.1913329660892486,1354.1101455688477,482.93428659439087,-0.3072243928909302,1358.045425415039,466.1425852775574,-0.3323554396629333,1346.3808059692385,458.95723700523376,-0.3173992335796356,1343.2753372192385,464.7088694572449,-0.3053610026836395,0
1244.198226928711,533.4884762763977,-0.071402721107006,1338.8423538208008,597.1027278900146,-0.198597714304924,1355.8892440795898,506.0426545143128,-0.3295194804668426,1357.0872116088867,488.77472162246704,-0.3537718951702118,1349.8704528808594,482.1338725090027,-0.339237779378891,1347.1809768676758,486.7277562618256,-0.3284166157245636,0
1246.2190246582031,536.7777121067047,-0.0773963257670402,1337.072296142578,600.0518488883972,-0.2165663093328476,1354.519500732422,513.1116807460785,-0.3607769608497619,1358.682746887207,495.6055998802185,-0.3878940641880035,1348.762435913086,489.8521327972412,-0.3714648187160492,1346.0686111450195,494.61116552352905,-0.359068751335144,0
1247.017822265625,534.0854394435883,-0.0877168104052543,1334.9615478515625,599.2113947868347,-0.2326315939426422,1345.3181076049805,512.461416721344,-0.380008339881897,1348.2583236694336,492.5143432617188,-0.4079766869544983,1339.479103088379,487.8592085838318,-0.390274703502655,1336.820411682129,494.50321197509766,-0.3781555294990539,0
1240.140151977539,520.2079367637634,-0.0344464816153049,1333.1825637817385,511.0934901237488,-0.1295745521783828,1347.4066543579102,419.9034798145294,-0.2164236158132553,1348.960304260254,400.5609333515167,-0.2362262308597564,1343.7383651733398,397.96258091926575,-0.2259947508573532,1341.1969757080078,406.2118542194367,-0.2170542329549789,0
1240.697135925293,514.1027355194092,-0.0143488924950361,1323.0010986328125,476.976113319397,-0.0740564689040184,1337.9291152954102,379.796290397644,-0.1223678812384605,1338.8574600219729,354.25790548324585,-0.1392410844564438,1332.407112121582,351.1770451068878,-0.1339742094278335,1328.9313125610352,357.6334011554718,-0.1246862336993217,0
1239.8165130615234,509.6358275413513,-0.0327688194811344,1317.2858047485352,456.8958520889282,-0.0938258916139602,1328.1638717651367,363.3626639842987,-0.1412270814180374,1331.2176132202148,335.18823623657227,-0.1605818420648574,1325.6129837036133,332.4629080295563,-0.1573053002357483,1321.8372344970703,340.47104001045227,-0.1443738490343094,0
1242.2961044311523,511.6566896438599,-0.0769413262605667,1306.9731903076172,449.3658185005188,-0.1361763924360275,1321.3230514526367,348.0090880393982,-0.1779094189405441,1328.7201690673828,319.9202764034271,-0.1972670704126358,1320.2391815185547,317.1342444419861,-0.1948664039373397,1315.462875366211,323.62658500671387,-0.1815285831689834,0
1241.3725662231443,508.7893223762512,-0.0731333494186401,1300.7566452026367,436.48378014564514,-0.1449346095323562,1299.484748840332,329.81476306915283,-0.1811622232198715,1307.6908493041992,313.70593070983887,-0.205496609210968,1295.4186630249023,311.2338137626648,-0.2008998095989227,1289.3709182739258,315.8435332775116,-0.1832226365804672,0
1241.9700622558594,502.4636435508728,-0.0566361919045448,1284.1938400268557,415.9290254116058,-0.1388271152973175,1271.637840270996,314.2688727378845,-0.1756473928689956,1276.348114013672,300.40566086769104,-0.1983133107423782,1266.9826126098633,298.3998942375183,-0.1942308098077774,1262.870635986328,302.072149515152,-0.1782061010599136,0
1238.8948059082031,506.9850754737854,-0.1019828096032142,1283.605728149414,425.0441801548004,-0.1785442233085632,1282.7031326293943,317.8391933441162,-0.2132390886545181,1288.7866973876953,300.8721399307251,-0.2351062297821045,1278.4368896484375,297.53822922706604,-0.2293126136064529,1272.853889465332,302.2412896156311,-0.215108573436737,0
1242.5105667114258,508.1447553634644,-0.0735715478658676,1304.0789794921875,428.8215243816376,-0.1481497436761856,1290.904884338379,323.2688641548157,-0.1850216686725616,1295.024070739746,303.3442568778992,-0.2103826850652694,1278.197364807129,301.18605494499207,-0.2022404223680496,1274.4200134277344,307.066433429718,-0.1856407523155212,0
1243.4100723266602,510.8085751533508,-0.0513358674943447,1319.4969177246094,443.2436227798462,-0.1303987801074981,1309.1680526733398,337.6609003543854,-0.1716589480638504,1314.1780471801758,314.79692459106445,-0.1943252980709076,1297.2150421142578,313.5056662559509,-0.1837092041969299,1292.0934677124023,321.16920948028564,-0.171203002333641,0
1241.0847473144531,511.8562781810761,-0.0465048588812351,1327.881317138672,453.1429696083069,-0.113844983279705,1321.9403457641602,352.16623306274414,-0.1511799395084381,1326.298484802246,329.496728181839,-0.1705555021762848,1310.9085845947266,326.9987654685974,-0.1614494323730468,1307.8484344482422,333.1945395469665,-0.1513368934392929,0
1242.1276473999023,516.6060090065002,-0.0399752184748649,1338.548927307129,472.6913487911224,-0.1042916923761367,1340.727081298828,376.2029242515564,-0.145741119980812,1342.859230041504,354.03295397758484,-0.1636403650045395,1329.8934173583984,349.5072090625763,-0.1525609642267227,1327.822723388672,355.5621027946472,-0.1445401757955551,0
1241.7632675170898,516.2011027336121,-0.043466493487358,1342.6198196411133,491.3405978679657,-0.1108869761228561,1355.3934860229492,407.5637197494507,-0.1854803711175918,1357.6091766357422,384.5372664928436,-0.2043999284505844,1351.1566543579102,377.9654252529144,-0.1973872184753418,1348.9933776855469,386.2805199623108,-0.1870971620082855,0
1245.7329940795898,520.9650278091431,-0.0738602504134178,1351.974220275879,518.1527638435364,-0.157093197107315,1357.7849578857422,434.1004979610443,-0.2363240271806717,1357.3247909545898,411.52790665626526,-0.2554309070110321,1349.0948867797852,405.01715540885925,-0.2441712170839309,1347.571792602539,414.3852961063385,-0.2356803268194198,0
1245.069236755371,527.7607262134552,-0.0638431161642074,1348.9849090576172,574.8541903495789,-0.1734534651041031,1353.3209609985352,481.7117142677307,-0.2863127589225769,1356.7207717895508,464.3740010261536,-0.3122496008872986,1344.539794921875,457.5943636894226,-0.2948298454284668,1341.1954879760742,463.2321524620056,-0.2833438217639923,0
1240.6251525878906,528.4778416156769,-0.0660632997751236,1341.002197265625,581.4958763122559,-0.1914306581020355,1351.5443801879885,496.32773637771606,-0.315103530883789,1353.6395645141602,479.7680997848511,-0.339693158864975,1343.8350677490234,470.98459482192993,-0.3229299485683441,1340.9557342529297,475.6916463375092,-0.3129047453403473,0
1242.069969177246,527.922431230545,-0.0629663467407226,1341.8473434448242,575.8707046508789,-0.1858405172824859,1357.884521484375,489.05184745788574,-0.3146197497844696,1360.689697265625,474.4312226772308,-0.3391181826591491,1353.1295013427734,466.37046575546265,-0.3258374035358429,1349.282112121582,470.67161321640015,-0.3140417039394378,0
1244.4150924682615,526.8527126312256,-0.0442168265581131,1346.835708618164,563.6498737335205,-0.1619793772697448,1360.5961990356443,477.4081206321716,-0.2825051844120025,1363.3473587036133,461.8723368644714,-0.30606409907341,1354.4478607177734,453.38324189186096,-0.2916001677513122,1352.0886611938477,458.21189403533936,-0.2812952995300293,0
1245.2617263793943,523.7331640720367,-0.0324473828077316,1345.6357955932615,542.2722387313843,-0.1672684401273727,1363.4127044677734,446.2968993186951,-0.2905539572238922,1365.5956649780271,428.00936222076416,-0.3129134476184845,1357.8925323486328,422.5971364974976,-0.3036912679672241,1354.720802307129,428.6783266067505,-0.2911972999572754,0
1245.135154724121,519.341379404068,-0.0547843128442764,1343.0797576904297,535.5121386051178,-0.1650988608598709,1365.5536651611328,444.6870267391205,-0.2723207175731659,1367.4988174438477,423.2541275024414,-0.2937909662723541,1359.587745666504,415.9911453723908,-0.284391701221466,1357.602767944336,423.1164979934693,-0.2727060616016388,0
1243.3384323120115,517.1782207489014,-0.0463883876800537,1347.0069122314453,515.6941652297974,-0.1195064261555671,1365.0777053833008,422.3018252849579,-0.186349555850029,1368.0570602416992,403.0012822151184,-0.2044844329357147,1359.525146484375,397.0360922813416,-0.194939985871315,1356.4330673217771,403.0902457237244,-0.1865676492452621,0
1242.363510131836,516.9263935089111,-0.052366130053997,1333.5741806030271,497.2692561149597,-0.1094452887773513,1370.2059173583984,421.2666749954224,-0.1676645427942276,1370.6674575805664,400.69486141204834,-0.1859238594770431,1368.6896896362305,395.45512318611145,-0.1833203732967376,1365.2026748657229,404.0703570842743,-0.1714319586753845,0
1245.6388092041016,514.5455253124237,-0.0341886505484581,1335.6242752075195,481.6481137275696,-0.0850164741277694,1363.5896301269531,391.0914373397827,-0.1313400715589523,1366.5367126464844,368.2127523422241,-0.1472906172275543,1360.2183151245115,363.785240650177,-0.144900843501091,1357.3381805419922,370.94390630722046,-0.1352805942296981,0
1240.104103088379,509.0061950683594,-0.0342688784003257,1310.8271026611328,470.9770631790161,-0.0896103456616401,1348.7089920043943,379.9317955970764,-0.1437510997056961,1354.636344909668,347.3683834075928,-0.1628614068031311,1348.392562866211,341.5628707408905,-0.1636289060115814,1344.359893798828,347.13149070739746,-0.1493570208549499,0
1244.4295120239258,507.68770694732666,-0.0351473540067672,1316.000518798828,440.68830370903015,-0.1100731939077377,1311.0947799682615,337.3268043994904,-0.1494699418544769,1316.2853622436523,316.7860186100006,-0.1702789813280105,1302.7790451049805,313.6699140071869,-0.1634882539510727,1296.9446182250977,319.5026886463165,-0.1505071371793747,0
1245.003318786621,504.1408503055573,-0.0301396716386079,1283.3618545532229,420.37620306015015,-0.1134116798639297,1268.060646057129,312.93535351753235,-0.1455742865800857,1274.355239868164,297.6829397678375,-0.1668970286846161,1262.215805053711,296.4941954612732,-0.1606027036905288,1257.4859619140625,300.4923713207245,-0.1469375044107437,0
1238.2440948486328,503.3379578590393,-0.1113338246941566,1278.394660949707,417.1579706668854,-0.1911361217498779,1275.1946640014648,313.15470457077026,-0.2378565222024917,1278.479232788086,297.9673719406128,-0.2651977837085724,1270.319938659668,294.72387313842773,-0.2625798285007477,1266.4226531982422,297.7150297164917,-0.2411188781261444,0
1239.5719528198242,508.3687734603882,-0.081884317100048,1294.7230911254885,430.5546391010285,-0.1419834643602371,1300.719223022461,328.55929613113403,-0.1660509705543518,1304.9257278442385,309.54225182533264,-0.1853773444890976,1294.7512435913086,304.6324574947357,-0.1822191774845123,1290.0701522827148,309.3122792243957,-0.1686470061540603,0
1243.5471725463867,514.4072842597961,-0.0176244843751192,1330.6081008911133,454.7378754615784,-0.0783752351999282,1324.2203521728516,351.85128808021545,-0.1114146262407302,1329.6413040161133,327.5633811950684,-0.1286946535110473,1311.5198135375977,325.42922258377075,-0.1203558519482612,1306.9561386108398,333.1510555744171,-0.1114034429192543,0
1241.5547561645508,516.2090528011322,-0.0193340014666318,1335.7810592651367,463.8073253631592,-0.0786937847733497,1332.7713775634766,364.1338527202606,-0.1129069626331329,1337.812042236328,343.5579514503479,-0.1283866316080093,1321.5185165405271,341.01486325263977,-0.1193433478474617,1318.3872985839844,348.18650007247925,-0.1121072098612785,0
1242.2731018066406,517.8419709205627,-0.0341495610773563,1338.5248947143557,485.3984212875366,-0.1025558859109878,1342.7668762207031,397.92930006980896,-0.1730411797761917,1345.7942962646484,372.1730768680573,-0.1917158514261245,1336.1106491088867,368.32746505737305,-0.1832282096147537,1333.2835006713867,375.84874391555786,-0.1735574156045913,0
1242.4885940551758,517.5844144821167,-0.0554456375539302,1345.3886032104492,495.7309019565582,-0.1203018650412559,1350.8705520629885,407.4315619468689,-0.1849145591259002,1351.5022659301758,386.69347286224365,-0.2032385915517807,1343.019905090332,381.5326237678528,-0.1917049586772918,1340.7048797607422,390.6241858005524,-0.1843133866786956,0
1245.5118942260742,520.0495147705078,-0.0652636587619781,1349.384765625,505.8326053619385,-0.1447096616029739,1354.9836730957031,421.5662670135498,-0.219050645828247,1355.2373886108398,398.2645869255066,-0.2362754940986633,1347.846450805664,392.5383174419403,-0.2250289916992187,1346.4445495605469,401.9229698181152,-0.2188269048929214,0
1247.4110412597656,520.0831818580627,-0.0576437748968601,1354.679946899414,511.6952168941498,-0.1315173506736755,1353.7776947021484,422.36520051956177,-0.2054390609264373,1352.9909133911133,400.5890643596649,-0.2256831228733062,1343.1822967529297,394.61618185043335,-0.2127827256917953,1341.1791229248047,403.6551189422608,-0.2040736228227615,0
1248.4047317504885,529.4663536548615,-0.0651967823505401,1350.8040618896484,577.6365852355957,-0.1761615574359893,1355.5564498901367,485.9531235694885,-0.2866344153881073,1357.6704025268557,468.5490417480469,-0.3084101378917694,1346.7273330688477,461.9580173492432,-0.2934560775756836,1343.5303115844729,467.89893865585327,-0.284523457288742,0
1245.981674194336,531.4694809913635,-0.0741578042507171,1342.7112579345703,589.3479037284851,-0.199303850531578,1351.4148330688477,500.48195242881775,-0.3282873034477234,1353.174819946289,481.9617390632629,-0.353473037481308,1343.8246536254885,474.6225070953369,-0.3378245532512665,1341.0691452026367,479.7796869277954,-0.3263723254203796,0
1245.8467483520508,532.2760105133057,-0.0829369127750396,1340.9709548950195,595.4385566711426,-0.2136974036693573,1352.230224609375,509.106810092926,-0.3527976274490356,1352.907943725586,488.86844873428345,-0.3806073367595672,1345.0946044921875,483.2660007476807,-0.3643069267272949,1342.4456405639648,488.0829691886902,-0.3509895205497741,0
1247.5421905517578,535.7624530792236,-0.0805425718426704,1331.542510986328,602.3811864852905,-0.2334270626306533,1330.953140258789,523.0165958404541,-0.3927419483661651,1332.2365951538086,500.8693814277649,-0.4215265214443207,1325.1318740844729,494.6756029129028,-0.4043434560298919,1320.8544158935547,503.06681871414185,-0.3905457258224487,0
1247.7898406982422,537.8810977935791,-0.0778823569416999,1327.93212890625,609.1092610359192,-0.2197053432464599,1322.124481201172,523.3966541290283,-0.36046102643013,1320.6676483154297,503.58025789260864,-0.3873538374900818,1309.918098449707,497.7276885509491,-0.3688812851905823,1307.563819885254,505.6465673446655,-0.3570189177989959,0
1247.3419189453125,530.9320628643036,-0.0904723107814788,1311.1614990234375,629.5838713645935,-0.2313300818204879,1287.6219177246094,534.1096758842468,-0.3809322118759155,1289.8778915405271,516.2650895118713,-0.4146061837673187,1280.0965118408203,509.2044639587402,-0.396906167268753,1276.9349670410156,516.273490190506,-0.377702385187149,0
1243.2371520996094,532.5971031188965,-0.1114475801587104,1275.1221084594729,638.7765312194824,-0.268686443567276,1256.3501358032229,566.6565442085266,-0.4529995322227478,1250.9603118896484,546.8616485595703,-0.4903445243835449,1245.8030319213867,540.2239537239075,-0.4761939644813537,1244.062385559082,545.6204080581665,-0.4516942203044891,0
1241.0968780517578,533.1234169006348,-0.0959784612059593,1252.0114517211914,646.0748863220215,-0.2023160010576248,1213.8956451416016,625.2291655540466,-0.3816213607788086,1204.0949249267578,616.4806795120239,-0.4181799292564392,1205.1165390014648,602.0485711097717,-0.4199433326721191,1206.2126541137695,603.0150032043457,-0.385787695646286,0
1242.183723449707,537.6268887519836,-0.1243892014026641,1253.4683990478516,656.3342070579529,-0.232795849442482,1215.2351760864258,635.3273606300354,-0.4172748625278473,1203.2822799682615,629.1249561309814,-0.4553442299365997,1203.5977935791016,611.7379331588745,-0.4573220312595367,1204.8569869995115,612.3770928382874,-0.4214649498462677,0
1239.3626403808594,534.5136165618896,-0.0819859355688095,1260.2651596069336,626.3021993637085,-0.1329007446765899,1233.797950744629,675.4527354240417,-0.2631398737430572,1227.037696838379,690.7418417930603,-0.2952709197998047,1214.3894577026367,677.4905920028687,-0.309733510017395,1213.6568069458008,672.2434830665588,-0.2708083987236023,0
1237.9602813720703,535.5957591533661,-0.0602557696402072,1264.1520309448242,632.3092317581177,-0.0867355316877365,1236.3914108276367,696.7198419570923,-0.1878237873315811,1228.6204147338867,721.782124042511,-0.2149082571268081,1215.7789993286133,708.9350080490112,-0.2310951054096222,1215.571060180664,702.1209955215454,-0.195680171251297,0
1236.968994140625,539.3459379673004,-0.1017853766679763,1264.486083984375,638.2369565963745,-0.096447005867958,1233.0996322631836,707.7494502067566,-0.157174676656723,1227.8807830810547,731.7173266410828,-0.1772806942462921,1215.0379943847656,721.3123297691345,-0.1925648748874664,1214.8289108276367,714.9322557449341,-0.1633039563894271,0
1235.203514099121,538.2911860942841,-0.0847350507974624,1257.970733642578,636.3679504394531,-0.0773651152849197,1230.7004928588867,710.6847953796387,-0.1367119401693344,1227.0255661010742,738.3680248260498,-0.1571647077798843,1212.813606262207,732.9368734359741,-0.1729873567819595,1211.089324951172,724.4989228248596,-0.1431718319654464,0
