RIGHT_ARM_1_x,RIGHT_ARM_1_y,RIGHT_ARM_1_z,RIGHT_ARM_2_x,RIGHT_ARM_2_y,RIGHT_ARM_2_z,RIGHT_ARM_3_x,RIGHT_ARM_3_y,RIGHT_ARM_3_z,RIGHT_ARM_4_x,RIGHT_ARM_4_y,RIGHT_ARM_4_z,RIGHT_ARM_5_x,RIGHT_ARM_5_y,RIGHT_ARM_5_z,RIGHT_ARM_6_x,RIGHT_ARM_6_y,RIGHT_ARM_6_z,label
0.0,0.0,-0.1210227832198143,0.0346833826823957,0.5013501930721427,-0.1478046029806137,0.538069276683743,0.9563294536692448,-0.1190631315112114,0.9761420783005123,1.0,-0.1417823880910873,1.0,0.978601626354019,-0.1219168975949287,0.8250986981247357,0.9684519462459157,-0.1108118668198585,1
0.0,0.0,-0.1166722699999809,0.0325408800766316,0.5070601953871516,-0.1449879109859466,0.4947824391567133,0.9584564202163673,-0.1186494082212448,0.960950943908042,1.0,-0.140535831451416,1.0,0.9811839100189749,-0.119095541536808,0.8342756872684733,0.9715458147912747,-0.1098775044083595,1
0.0,0.0,-0.1122519448399543,0.05619090590063669,0.5067517346554647,-0.1417172998189926,0.5604391637840277,0.9551556270426589,-0.1123738214373588,0.9716268110492806,1.0,-0.1329222470521927,1.0,0.9784946035317675,-0.1120129898190498,0.8496094650824686,0.9647603993771501,-0.1038111224770546,1
0.0,0.0,-0.1102805510163307,0.17457849089484292,0.4947369424055888,-0.1433247774839401,0.6317438388754403,0.9414556472029664,-0.1062304601073265,0.9915812135885769,1.0,-0.127728521823883,1.0,0.9708180799639605,-0.1056654155254364,0.8596208565703205,0.9568992783990585,-0.0972318649291992,1
0.0,0.0,-0.1184932291507721,0.15565955851208169,0.5049736503897546,-0.1512755751609802,0.6240443571066514,0.9379242254958317,-0.1176455840468406,0.9864022692395826,1.0,-0.1418645530939102,1.0,0.9691156304424108,-0.1192635595798492,0.874181497503698,0.9525634360408419,-0.108589194715023,1
0.0,0.0,-0.1238884925842285,0.22635205832468716,0.5342307630040959,-0.1566734164953231,0.6312854230720264,0.9664718548139034,-0.1308258771896362,0.9818203635927282,1.0,-0.1564352065324783,1.0,0.975375458023712,-0.1323754638433456,0.8673133854396053,0.9657498097751295,-0.12156493216753,1
0.0,0.0,-0.1201242506504058,0.23035896330799624,0.5143745303674971,-0.1600552648305893,0.6512712765810492,0.9635881941439058,-0.1398909986019134,0.9819606640531138,1.0,-0.1660460829734802,1.0,0.9790655171925263,-0.1409956365823745,0.8768203028519804,0.9706195500242327,-0.130267396569252,1
0.0,0.0,-0.1091959401965141,0.19407824165831852,0.5050781287695938,-0.1451651751995086,0.653942274222307,0.9494731012505535,-0.1171445101499557,0.9809162528681741,1.0,-0.1413703560829162,1.0,0.9734859166633606,-0.1168849691748619,0.8770823121567957,0.9633218853839746,-0.1076243594288826,1
0.0,0.0,-0.1100680530071258,0.1538447745671995,0.5283687322905818,-0.1370399296283722,0.6078840964309088,0.9637520509130046,-0.0958112850785255,0.9651876888319093,1.0,-0.1163367107510566,1.0,0.9753280798153057,-0.0917583405971527,0.8383141625052671,0.9654685888923351,-0.0857209935784339,1
0.0,0.0,-0.1035041958093643,0.08685702419271069,0.4970312625850933,-0.1302785575389862,0.5435863357906737,0.9552576075945947,-0.0932148024439811,0.9675817672100469,1.0,-0.1131180897355079,1.0,0.9738211694813116,-0.0884297266602516,0.8072266638978266,0.9593577735899251,-0.0830020681023597,1
0.0,0.0,-0.0969368666410446,0.15081616002397327,0.5128609304560638,-0.1178261414170265,0.5817797339223968,0.9531849965241451,-0.0700023919343948,0.9662084034048757,1.0,-0.0877684876322746,1.0,0.9811990359515277,-0.0650129243731498,0.828712774204052,0.9688673864888185,-0.0603425428271293,1
0.9453100872551482,0.0,-0.0742667391896247,0.0,0.4762071928640055,-0.0801218450069427,0.522456156243952,0.9583352644744776,-0.0325563214719295,0.9296955746527747,1.0,-0.0453358925879001,1.0,0.9792238441024202,-0.0270762350410223,0.8224981573063278,0.9669975285568801,-0.0238825399428606,1
1.0,0.0,-0.0634216144680976,0.0,0.44570437783892003,-0.0665695741772651,0.46395418742803574,0.9614459702934285,-0.027292214334011,0.8310440633523201,1.0,-0.0389990285038948,0.8771860999874328,0.9596947940239535,-0.0246616341173648,0.7198752110102338,0.9481220389756274,-0.0201260969042778,1
1.0,0.0,-0.0758046135306358,0.0,0.43569245896020387,-0.074848748743534,0.45332319623759393,0.9636719924361576,-0.0345970056951046,0.742149874511046,1.0,-0.0466216132044792,0.7851213625161106,0.9667869212927663,-0.0300068296492099,0.6698199063920239,0.9607596664822182,-0.0266926027834415,1
1.0,0.0,-0.0714609250426292,0.0,0.3600556630625518,-0.0878903195261955,0.4213873271255575,0.9460415623548092,-0.0627503246068954,0.6284931186294241,1.0,-0.075067289173603,0.7058704183838481,0.9723033411369888,-0.0581284426152706,0.6261866739025717,0.9508387801038383,-0.0550505146384239,1
1.0,0.0,-0.1027533635497093,0.0,0.40498178572489185,-0.0979969799518585,0.402065935354427,0.9631837365001542,-0.052848856896162,0.7296956629362794,1.0,-0.0659235641360282,0.7760057714605801,0.9663741218706589,-0.0537453293800354,0.6732512995557408,0.9527179526098886,-0.0467842631042003,1
1.0,0.0,-0.074869804084301,0.0,0.4421801720616364,-0.0754243284463882,0.46549557026337457,0.951876039882393,-0.0444787144660949,0.7692539838734784,1.0,-0.0581923499703407,0.8033354255324265,0.9470220573410219,-0.0410171039402484,0.6860946883292202,0.9348721985634056,-0.0370912551879882,1
1.0,0.0,-0.0821238383650779,0.0,0.45209950628591383,-0.0850385427474975,0.5738779978838467,0.9628597243565393,-0.0510785430669784,0.89023924288737,1.0,-0.0645417943596839,0.9615914501528297,0.9653032149718037,-0.0477467775344848,0.8214367064425075,0.9520223125674631,-0.0434941090643405,1
0.5478830084109431,0.0,-0.1109787747263908,0.0,0.5043326700336027,-0.11154206097126,0.5520738335113685,0.9665813988677274,-0.0729262828826904,0.9282013627016567,1.0,-0.0916474610567092,1.0,0.9741098983923784,-0.0721156671643257,0.8298263326765234,0.9632117030054039,-0.0646666511893272,1
0.31065513287453744,0.0,-0.0996563509106636,0.0,0.5180359261946579,-0.1051458269357681,0.5283013185267114,0.9546494517491817,-0.0670321658253669,0.9219274713501725,1.0,-0.0849146544933319,1.0,0.9769649214411159,-0.0655930638313293,0.8245836712654121,0.9633278858607571,-0.0587773658335208,1
0.21360123350641866,0.0,-0.1004629805684089,0.0,0.5019141712671824,-0.1178219839930534,0.49283096446944574,0.9583834301697313,-0.0864917561411857,0.9362400149865269,1.0,-0.1051550060510635,1.0,0.9753625856891961,-0.081014446914196,0.8422764149538643,0.9637005142925488,-0.0765669047832489,1
0.11312462035065605,0.0,-0.1191061958670616,0.0,0.5259095494212539,-0.1374952495098114,0.5180251807286365,0.9520717043667701,-0.1079592928290367,0.9474078112917304,1.0,-0.1301953047513961,1.0,0.9734642347027435,-0.106565423309803,0.8613028217923389,0.9610999148092116,-0.0986014530062675,1
0.11246872761456124,0.0,-0.1205474585294723,0.0,0.5165417899599922,-0.146012008190155,0.4786057087295914,0.9590671915961675,-0.1169808879494667,0.9518528955593748,1.0,-0.137925922870636,1.0,0.9741419515312727,-0.1134653091430664,0.8264794016353058,0.9658260796774948,-0.1070983111858367,1
1.0,0.0,-0.0528325699269771,0.0,0.4571737697354304,-0.0699891224503517,0.447904967522402,0.9715686078663986,-0.028618786484003,0.8213630009708937,1.0,-0.0384916439652442,0.8875953954024568,0.9716665560453687,-0.0173605475574731,0.7302902099395001,0.9630248846370221,-0.0187309756875038,1
1.0,0.0,-0.0620509833097457,0.0,0.4413200513112544,-0.0780570581555366,0.4151922167001102,0.9548145805846633,-0.0463170632719993,0.7415945127321331,1.0,-0.0584875606000423,0.7843532739524008,0.9613245113243185,-0.0396865271031856,0.6529980002970198,0.9465143133707892,-0.0376110449433326,1
1.0,0.0,-0.0640017390251159,0.0,0.45326872950721775,-0.0619734078645706,0.36369827257072956,0.9739887684197798,-0.0159931275993585,0.7270692919643793,1.0,-0.0249918326735496,0.7715601405630313,0.9685388967130547,-0.008797881193459,0.6292720175158367,0.9593198597676431,-0.007890386506915,1
1.0,0.0,-0.0698201209306716,0.0,0.2503207365071782,-0.0918789207935333,0.39494325595237273,0.957304973225145,-0.0680460557341575,0.6276813405290417,1.0,-0.0803102105855941,0.7001169738896091,0.9731294925252578,-0.0655611604452133,0.6182448956535038,0.9527091417116372,-0.0610306896269321,1
1.0,0.0,-0.079987809062004,0.0,0.4491141593622523,-0.078768253326416,0.38285388876425824,0.9607881317919704,-0.0452021732926368,0.7308342009544792,1.0,-0.0586277469992637,0.8284832831934632,0.9609719228757556,-0.0465546399354934,0.6873841174519357,0.9466730575225617,-0.0393308773636817,1
1.0,0.0,-0.0637186989188194,0.0,0.40843013615334683,-0.0632726624608039,0.3677578104008798,0.9440986478212512,-0.0213398355990648,0.673228822787222,1.0,-0.0318697765469551,0.7282406308971829,0.9457441583800072,-0.0162371061742305,0.5909475870759744,0.9219034247859437,-0.0140623031184077,1
0.3174842731477182,0.0,-0.098880223929882,0.0,0.5135309106802923,-0.111769326031208,0.46856409270715205,0.9524641793760178,-0.0738868191838264,0.9310889792199057,1.0,-0.0921691954135894,1.0,0.9789846422818702,-0.0718074813485145,0.8236433142783881,0.9639752572562006,-0.0651790350675582,1
0.09611015773941993,0.0,-0.1059398353099823,0.0,0.5125830182096807,-0.1252967119216919,0.4247643942687925,0.9517775885747742,-0.087631732225418,0.9499175412100989,1.0,-0.1075146198272705,1.0,0.9749318303018015,-0.0840513631701469,0.7990038051965761,0.9594729324374529,-0.0776326283812522,1
0.21188723201383555,0.0,-0.1023233011364936,0.0,0.49441360289575104,-0.1245684400200843,0.4443311281713587,0.9469284217018017,-0.0931391716003418,0.9703040371174961,1.0,-0.1131657212972641,1.0,0.9761486253455577,-0.0912163406610488,0.8179586360106555,0.9605065522920935,-0.0838536545634269,1
0.7083608698388721,0.0,-0.0754361897706985,0.0,0.49857621029515875,-0.088174782693386,0.5194938790281974,0.9722839940139345,-0.0478249825537204,0.9341208773917422,1.0,-0.0617357157170772,1.0,0.9757042230619644,-0.0402576476335525,0.8308589816213494,0.9685054524405168,-0.0381644144654274,1
0.9303256821457123,0.0,-0.0657875314354896,0.0,0.4807434193595217,-0.082134410738945,0.5278610413391026,0.975463069887754,-0.0446813069283962,0.9202200166980123,1.0,-0.0568049289286136,1.0,0.9735926436720931,-0.0345840044319629,0.8228557146377046,0.9658298304771583,-0.0345986038446426,1
1.0,0.0,-0.0781339779496193,0.0,0.4185211432258488,-0.099130779504776,0.5557131410994355,0.9425708263176115,-0.0788542851805687,0.8811124516115169,1.0,-0.0939243659377098,0.8989237112009554,0.9583598707355148,-0.0755006521940231,0.7611980389809332,0.9420292639427843,-0.0703239142894744,1
1.0,0.0,-0.0629516094923019,0.0,0.4342874000103137,-0.0699614137411117,0.5427691227796504,0.9620490415853952,-0.0268498715013265,0.8809054926199619,1.0,-0.0355149880051612,0.9222100067343469,0.9694472166693455,-0.0205363817512989,0.7810571279871485,0.9570487989103892,-0.0188747588545084,1
1.0,0.0,-0.0760408118367195,0.0,0.23978071672723658,-0.127718985080719,0.46541877930692555,0.9156254186238466,-0.1434684246778488,0.6947606521545746,1.0,-0.1601657122373581,0.7672245307714785,0.9404236149222396,-0.1390649974346161,0.6803273480487456,0.9138628771935889,-0.1348970383405685,1
1.0,0.0,-0.0741254463791847,0.0,0.3816741917399278,-0.0832877531647682,0.318801858759005,0.9488016475577549,-0.0547851845622062,0.5723913739944214,1.0,-0.066341333091259,0.6465962430965237,0.9615513853739457,-0.0517560020089149,0.5444717791356977,0.9426874150002733,-0.0479106567800045,1
1.0,0.0,-0.0866065844893455,0.0,0.43040921848971675,-0.0840265825390815,0.4126376314406695,0.9531143405554565,-0.0455633625388145,0.7305609745785737,1.0,-0.0592251196503639,0.7719213741702848,0.9616690191164549,-0.0456510409712791,0.6559621668307463,0.9534196979978976,-0.0387587212026119,1
0.8115296166174926,0.0,-0.0821495726704597,0.0,0.49800925869098767,-0.0958588793873786,0.5140135342511531,0.9662910718567947,-0.0598810873925685,0.9336039011005923,1.0,-0.0734285935759544,1.0,0.9776714838245341,-0.0547559671103954,0.8152957264656653,0.9652567066830763,-0.0513171702623367,1
0.3974611448469202,0.0,-0.0869572833180427,0.0,0.49952944278814326,-0.1128536239266395,0.41402766571828953,0.9524444063973759,-0.0778105184435844,0.9230248630515097,1.0,-0.0942143052816391,1.0,0.9854178187450505,-0.074919506907463,0.7668690814896651,0.9737762415815131,-0.0690009444952011,1
0.33203738811957145,0.0,-0.0809298679232597,0.0,0.47688838236172915,-0.1160145476460456,0.4151541463737104,0.9457575090348527,-0.0888487920165062,0.950732048805257,1.0,-0.1058463901281356,1.0,0.9816054015845787,-0.0855044648051261,0.8000829244696301,0.9685455785616273,-0.0799148604273796,1
0.2294952479137495,0.0,-0.091964915394783,0.0,0.5107574972414743,-0.1242082938551902,0.4464242666707699,0.9495360071318304,-0.0919265300035476,0.9642965219755139,1.0,-0.1089716106653213,1.0,0.9750667583668431,-0.0862609520554542,0.8071545441023352,0.9623869756579784,-0.0821187645196914,1
0.7275268069558308,0.0,-0.0763257220387458,0.0,0.4587604464657064,-0.0982437804341316,0.4424107741353473,0.971995468846466,-0.0562765225768089,0.8945786212396896,1.0,-0.0695701912045478,1.0,0.9750097489016644,-0.0507563687860965,0.7960126428397727,0.9679160710721196,-0.047204665839672,1
1.0,0.0,-0.0763681083917617,0.0,0.45074004980640175,-0.0939490497112274,0.4602955463516879,0.9604830452268537,-0.0599059201776981,0.8150060885654272,1.0,-0.0737955570220947,0.8695191074901621,0.9653901025134133,-0.0562389381229877,0.7224106552735677,0.9517210999192893,-0.0513464324176311,1
1.0,0.0,-0.0743247047066688,0.0,0.43024523112506663,-0.0856441259384155,0.42118937288156855,0.9584649633136226,-0.0509946383535862,0.749131474721552,1.0,-0.0630746632814407,0.7805693577583886,0.9718137398145049,-0.0481146797537803,0.6436499389256197,0.9612720069565094,-0.0434267371892929,1
1.0,0.0,-0.0762400329113006,0.0,0.39381937442779413,-0.078441247344017,0.40409748834081594,0.9630905445653559,-0.0334985479712486,0.7188106506477658,1.0,-0.0442139692604541,0.8068065318449205,0.973357438375691,-0.0290852915495634,0.6851172222697546,0.9601812513761894,-0.0259427092969417,1
1.0,0.0,-0.0747517421841621,0.0,0.2795898628133682,-0.0838381126523017,0.3729475229646797,0.9546481221897374,-0.0316152013838291,0.6240514588829603,1.0,-0.0358030684292316,0.6926543963369015,0.9643661060017359,-0.02216069214046,0.590061482902353,0.9429819095399807,-0.024088192731142,1
1.0,0.0,-0.065302200615406,0.0,0.38337997935029994,-0.0719954669475555,0.33756653503473527,0.961707453306689,-0.0210216306149959,0.6671217950670172,1.0,-0.0301199126988649,0.763903411263494,0.9612370105528515,-0.0155864711850881,0.6233127256607821,0.9414410781651837,-0.0136210564523935,1
1.0,0.0,-0.0970030725002288,0.0,0.45551022736998303,-0.0880013853311538,0.31493536447204784,0.9530096184020227,-0.0358394794166088,0.6169380879102225,1.0,-0.0466872863471508,0.7131514755647111,0.9545527761258219,-0.0368974544107914,0.5854561758942509,0.9323270915031955,-0.03037566319108,1
1.0,0.0,-0.0963575467467308,0.0,0.4803638448886249,-0.1078109815716743,0.4650791785675549,0.9691361165592258,-0.0786911398172378,0.9043575328102968,1.0,-0.0944822132587432,0.9734037745399328,0.9707203445781786,-0.0783616751432418,0.7945763585089844,0.9611640938699579,-0.0710467174649238,1
1.0,0.0,-0.070535235106945,0.0,0.39296966540815,-0.0729904025793075,0.3400474828898548,0.976626013120644,-0.0236058756709098,0.6461583531841533,1.0,-0.0314294807612896,0.6997655018644497,0.9666930727151964,-0.0152654973790049,0.5936222869997362,0.958725801504482,-0.0154552673920989,1
1.0,0.0,-0.0673747956752777,0.0,0.06457467380201347,-0.0938265621662139,0.26571884967482706,0.9484154262256114,-0.0763982161879539,0.5380744894577689,1.0,-0.0851626023650169,0.6037912679673584,0.970916823528657,-0.07232166826725,0.5219970693011888,0.940952864310634,-0.0698639824986457,1
1.0,0.0,-0.0653781816363334,0.0,0.376044618376286,-0.0735307186841964,0.3832656714674235,0.9775531341475823,-0.0317775569856166,0.708451519686081,1.0,-0.0424657687544822,0.7821998038006326,0.9605062940309972,-0.0299950595945119,0.6612605895258434,0.949166779898336,-0.0253780502825975,1
1.0,0.0,-0.0689033791422844,0.0,0.39068107954412495,-0.0691707953810691,0.3519488093794063,0.9603010085570381,-0.0162994489073753,0.643048108349716,1.0,-0.0250977966934442,0.7298784206144959,0.9535956915015512,-0.0126999411731958,0.6149288252975533,0.9408120113787741,-0.0096928626298904,1
1.0,0.0,-0.0856184139847755,0.0,0.4304776129237733,-0.0844646021723747,0.3639720590073779,0.9545095291251469,-0.04438391700387,0.6706853981747729,1.0,-0.0581302791833877,0.733141642705339,0.967612275472968,-0.0440634451806545,0.6118889861232697,0.9598751862977007,-0.0375803597271442,1
1.0,0.0,-0.1026774793863296,0.0,0.47397238733213826,-0.1145146042108535,0.46588621969459165,0.9700012579803126,-0.0905161350965499,0.9037105083368724,1.0,-0.1090571209788322,0.9768566390309655,0.9632037613611353,-0.0926670655608177,0.7942394334989014,0.9558527534044098,-0.0830620676279068,1
0.7798888779963066,0.0,-0.0965718477964401,0.0,0.49953363971790626,-0.1110890358686447,0.36022446962692256,0.9737090905126566,-0.0873119384050369,0.911483931821855,1.0,-0.1043616160750389,1.0,0.9802220844003091,-0.0873902142047882,0.7620282812653177,0.9724344733520518,-0.0799165144562721,1
0.2690265234608701,0.0,-0.1094022542238235,0.0,0.5071152897138671,-0.1361003965139389,0.42454630922195385,0.9500052941751285,-0.104713037610054,0.9297142531551807,1.0,-0.1234954446554184,1.0,0.98361092140695,-0.1040246412158012,0.8010626477878123,0.9687983910062721,-0.0963407382369041,1
0.8084960423697528,0.0,-0.0536113530397415,0.0,0.4768455873557073,-0.0696131139993667,0.41201212723715264,0.9574869751356883,-0.0228668879717588,0.8861458233411527,1.0,-0.0312517434358596,1.0,0.9871263184913694,-0.0144627476111054,0.7985489173563088,0.975773782437427,-0.0141070103272795,1
0.782410789958209,0.0,-0.0742838010191917,0.0,0.49543912228039116,-0.08555568754673,0.4375870668576076,0.965563154102022,-0.0435176230967044,0.8969980808759783,1.0,-0.0561117269098758,1.0,0.9745350596297663,-0.0400796085596084,0.7923205813874206,0.964769363169691,-0.0355731174349784,1
1.0,0.0,-0.0884591788053512,0.0,0.47068773009986403,-0.1000547930598259,0.4096117781601433,0.9734130196629069,-0.0689928457140922,0.7913336357877481,1.0,-0.0846142843365669,0.8817333564703989,0.9745492828263201,-0.0687506198883056,0.7250982105709907,0.9658526131587611,-0.0614287704229354,1
1.0,0.0,-0.0849599167704582,0.0,0.425367016624014,-0.0906201526522636,0.410127109174686,0.9506906377287129,-0.0536975525319576,0.735412981137483,1.0,-0.0674035921692848,0.7847093684801318,0.9613398339845032,-0.0505649447441101,0.6558891415567334,0.9501390118587082,-0.0457315631210804,1
1.0,0.0,-0.0811358466744422,0.0,0.4164731382566961,-0.0882649719715118,0.3817005148522119,0.9655022367809918,-0.0543627552688121,0.6675768828596212,1.0,-0.0668166428804397,0.7331569118679714,0.9687694037695253,-0.0509283654391765,0.6100569434521151,0.9574775303330311,-0.0467237122356891,1
1.0,0.0,-0.0788688659667968,0.0,0.28738972461479556,-0.095318965613842,0.3578055911733454,0.9376538040450069,-0.0639299303293228,0.6164373889702125,1.0,-0.0743570253252983,0.6749463841955377,0.9634392622076859,-0.0587818175554275,0.5727416115378956,0.93813472841119,-0.0564211271703243,1
1.0,0.0,-0.067360833287239,0.0,0.266826185817778,-0.0816305875778198,0.4284929741897425,0.9392120987784887,-0.0479484274983406,0.6850566088031811,1.0,-0.0558857060968875,0.7256379751646925,0.9405578763682504,-0.0420373305678367,0.6315071739039217,0.9115884934694103,-0.0408612638711929,1
1.0,0.0,-0.0569476298987865,0.0,0.09642323652659338,-0.0878370031714439,0.34031586581074913,0.9413239741040624,-0.0710892751812934,0.6033520453385619,1.0,-0.078421838581562,0.648293089092423,0.9458052917656321,-0.0648501366376876,0.5589763906422067,0.918998110603167,-0.0646054148674011,1
1.0,0.0,-0.0715093240141868,0.0,0.0833959280893316,-0.104347825050354,0.3348782773959985,0.9225397541844464,-0.0918150320649147,0.5473503777776627,1.0,-0.1013079360127449,0.6208966199385846,0.9446864019718549,-0.0893034860491752,0.5515916376234444,0.9125064662365597,-0.086008995771408,1
1.0,0.0,-0.0914415344595909,0.0,0.3676622278751965,-0.0971549376845359,0.41322631889862876,0.9445939552811795,-0.0658517703413963,0.6697248818954975,1.0,-0.0807632282376289,0.7801532456868293,0.953759626645157,-0.0712011605501174,0.6741978681421873,0.9355451027229923,-0.0614207200706005,1
1.0,0.0,-0.0588814169168472,0.0,0.43038465833081485,-0.0644801780581474,0.3640491034382635,0.9470623257466246,-0.0197736043483018,0.636960549303884,1.0,-0.0296127405017614,0.7104919747454801,0.9422902568139625,-0.0163895655423402,0.6002830987100498,0.9266819829285043,-0.0132788112387061,1
1.0,0.0,-0.0930997505784034,0.0,0.46138805324198445,-0.1047438308596611,0.37423867965048047,0.963676953066258,-0.0850306376814842,0.6996331580096206,1.0,-0.1002721115946769,0.7527249107538946,0.9747920963060602,-0.0833590775728225,0.6173665533047485,0.9639590059594711,-0.0778887420892715,1
0.8595050878815911,0.0,-0.1000421047210693,0.0,0.5090674391255999,-0.1146740242838859,0.4504693675889328,0.9811105694895,-0.0901175439357757,0.9309956059204388,1.0,-0.107518695294857,1.0,0.9720496117356847,-0.0908212438225746,0.7861328946261931,0.9643072363159405,-0.0825478956103324,1
0.6997449332325285,0.0,-0.0963245257735252,0.0,0.5008067100691532,-0.1203550770878791,0.4295330248211974,0.9587929951302364,-0.0981050357222557,0.8971407221302047,1.0,-0.115705020725727,1.0,0.9833072625310507,-0.097446009516716,0.7889065078800039,0.9720593118465186,-0.0901160389184951,1
0.7109324858059738,0.0,-0.099495030939579,0.0,0.47812303217101904,-0.1232867389917373,0.3636447790668971,0.9534981815186936,-0.0866196528077125,0.9271507035299926,1.0,-0.1027667000889778,1.0,0.9783967051715327,-0.0849513635039329,0.7589329795112318,0.9645574876303807,-0.0782547518610954,1
0.35194310621702224,0.0,-0.0841960236430168,0.0,0.5150283313704854,-0.1090189963579177,0.40707807601131757,0.9529849767937946,-0.0693314746022224,0.9293568861359639,1.0,-0.0835048034787178,1.0,0.9781824439913929,-0.0641871690750122,0.78867324309857,0.9637176109827431,-0.0604220777750015,1
0.28831630625114296,0.0,-0.1014820411801338,0.0,0.5100877402730387,-0.12427868694067,0.4585575859142547,0.9452884964315965,-0.0843929424881935,0.9133310773792308,1.0,-0.1015987694263458,1.0,0.9748152503228026,-0.0815533176064491,0.8234877050501188,0.9615498437328582,-0.0754696652293205,1
0.7865051135934751,0.0,-0.0724545270204544,0.0,0.48761178840432656,-0.0840310007333755,0.4936127254887138,0.9601998757156104,-0.0449771173298358,0.9084081817495617,1.0,-0.057584248483181,1.0,0.9796707964708031,-0.0389575771987438,0.8313150992527699,0.9679034064129549,-0.0363212488591671,1
1.0,0.0,-0.0749285295605659,0.0,0.4820461553950023,-0.0832961276173591,0.4310305873512709,0.9752377569060278,-0.0456377752125263,0.8322074730720119,1.0,-0.0583293475210666,0.9239746040449734,0.9753070111595534,-0.041756521910429,0.7421437293264386,0.9662629186435652,-0.0378442965447902,1
1.0,0.0,-0.0928020104765892,0.0,0.4553033986853632,-0.108558066189289,0.4966571354893476,0.9655768993803107,-0.0909437984228134,0.8611734724834658,1.0,-0.1087271347641944,0.9024103513136339,0.9613641512958893,-0.0908865109086036,0.7541657818093525,0.9552921364244044,-0.0830071195960044,1
1.0,0.0,-0.0780522748827934,0.0,0.43357405049125464,-0.0818339437246322,0.3357355804577724,0.9482895789783595,-0.0375638753175735,0.5887988495067564,1.0,-0.0497216656804084,0.683543260646504,0.9635095700489257,-0.0355528853833675,0.575034943000491,0.9520878854891277,-0.030729642137885,1
1.0,0.0,-0.0897686630487442,0.0,0.43900704364153226,-0.087225817143917,0.3903844863120777,0.9716789593253042,-0.0343076363205909,0.7476422854729458,1.0,-0.0438106060028076,0.8145193634620956,0.9690996794572565,-0.032262697815895,0.6676379637466093,0.9584394028983703,-0.0277637261897325,1
1.0,0.0,-0.0854261741042137,0.0,0.44420555978812487,-0.0847770869731903,0.22124461086855404,0.9626325691907196,-0.0447051748633384,0.5841349442422774,1.0,-0.0580670870840549,0.6562095692994422,0.9600045758925926,-0.045536883175373,0.5158302682546445,0.9491659217082061,-0.0387439057230949,1
1.0,0.0,-0.110148124396801,0.0,0.45717629143132454,-0.102521538734436,0.3234027424714664,0.9622131230501894,-0.0658398792147636,0.6471665303536072,1.0,-0.0805029198527336,0.6852789260004237,0.9528601056541914,-0.0680368244647979,0.5663347259370602,0.9438411245937656,-0.0601554997265338,1
1.0,0.0,-0.0991460531949997,0.0,0.44920225415932086,-0.1007921621203422,0.3466565725520687,0.9603481745040671,-0.072973720729351,0.6996653689405086,1.0,-0.089172177016735,0.7519730955884131,0.9526579482982044,-0.0742083713412284,0.6071721536363924,0.9395844292919706,-0.0663532689213752,1
1.0,0.0,-0.0902863666415214,0.0,0.4897924169496552,-0.0899174138903617,0.4551571133621666,0.9689673726728896,-0.05637127161026,0.823691344967777,1.0,-0.0713099092245101,0.9116005092359482,0.971155203468264,-0.0568433664739131,0.7426291614537411,0.9604013829267259,-0.0497221909463405,1
0.8838095462525475,0.0,-0.11675825715065,0.0,0.49655333991510514,-0.1200467124581337,0.46588116082053693,0.9774629650046858,-0.0811425670981407,0.8901485784307944,1.0,-0.09987323731184,1.0,0.9755116116487333,-0.0833449214696884,0.8375605330442665,0.9689919615517613,-0.0735248997807502,1
0.7691968118383387,0.0,-0.1084928140044212,0.0,0.49762724392219526,-0.115376092493534,0.43253593181688926,0.9681260414726247,-0.0710036382079124,0.9111366289225736,1.0,-0.0874394550919532,1.0,0.9782602260539406,-0.0691684931516647,0.808683217735842,0.9703282150613125,-0.0624190755188465,1
0.2027486369421414,0.0,-0.0991076752543449,0.0,0.5198390863560889,-0.116998977959156,0.4540357511352269,0.9593088273013216,-0.0763253346085548,0.9096296567870068,1.0,-0.0918630138039588,1.0,0.978640333706819,-0.071707971394062,0.8316302748113192,0.969212306113909,-0.0672900304198265,1
0.08675933722972821,0.0,-0.0939019694924354,0.0,0.5148118674728644,-0.1165704950690269,0.4437592297831878,0.9499507340611357,-0.079320915043354,0.9393651658299946,1.0,-0.0954362675547599,1.0,0.9735572282297755,-0.0747236311435699,0.7939325185720054,0.9631181020577968,-0.0702219307422638,1
0.30063420836923854,0.0,-0.0935260131955146,0.0,0.5054651036517358,-0.1151941269636154,0.38019662035772084,0.958252829693514,-0.0792398154735565,0.9421330839235798,1.0,-0.0961472243070602,1.0,0.9772439588334179,-0.0749188363552093,0.7786865003467917,0.968207660929982,-0.070053145289421,1
0.4639266064637565,0.0,-0.0686623901128768,0.0,0.5080608036131536,-0.0850927904248237,0.411390635005687,0.9589175052754715,-0.0461868867278099,0.8963002652935919,1.0,-0.0590963847935199,1.0,0.9734127871031786,-0.0389773622155189,0.7971066009749254,0.9673301037098104,-0.0370934456586837,1
0.9390446495385383,0.0,-0.0781980454921722,0.0,0.4731527951236307,-0.0891747772693634,0.5185208281366924,0.9613181049591146,-0.0458094142377376,0.893327513095535,1.0,-0.0593930333852767,1.0,0.9814270883122345,-0.0427030809223651,0.8369294088301272,0.967911777705824,-0.037568874657154,1
1.0,0.0,-0.0765545666217804,0.0,0.38427968637944676,-0.0922126919031143,0.43878062801734163,0.9476811091982876,-0.0646229088306427,0.7022167733306749,1.0,-0.0791257470846176,0.7813363406521832,0.9660662894967506,-0.0648691430687904,0.6855117819244112,0.949112174385184,-0.0581331588327884,1
1.0,0.013052749798633701,-0.0428063161671161,0.0,0.0,-0.1133492067456245,0.3309336700831725,0.9505833856839341,-0.1473908871412277,0.5909465043195286,1.0,-0.1613872498273849,0.6470117802899658,0.9564623385464336,-0.1436200588941574,0.554976289641507,0.9294925638618508,-0.1401772201061248,1
1.0,0.0,-0.0617014989256858,0.0,0.06267352885995117,-0.1188858076930046,0.3946860870465606,0.9191411190342178,-0.1339164823293686,0.6408269768405067,1.0,-0.1474251002073288,0.6991391985641805,0.9434354968678758,-0.1313281059265136,0.6113126013874987,0.9090718897081949,-0.1271134465932846,1
1.0,0.0,-0.0641227811574935,0.0,0.11417266321747976,-0.0886510163545608,0.321282488360787,0.9450955183453889,-0.0622867755591869,0.5815098261641954,1.0,-0.0695583298802375,0.6278437025186514,0.9514869157653637,-0.0562383718788623,0.5295455071602027,0.9248054371501134,-0.0554940849542617,1
1.0,0.0,-0.0559617839753627,0.0,0.33958966598252405,-0.0682246387004852,0.31342598754492135,0.9572843868263576,-0.0221749916672706,0.5972536479093244,1.0,-0.0313023701310157,0.6733115941521358,0.9661057130238248,-0.0176671855151653,0.5689915448361841,0.9460923765728795,-0.0153138656169176,1
1.0,0.0,-0.0826422721147537,0.0,0.4321889223468719,-0.0807486623525619,0.3005256226074093,0.963978740330074,-0.0388180464506149,0.6174963828213481,1.0,-0.0501332879066467,0.693399908780477,0.954391753296506,-0.0360439158976078,0.5730755499221901,0.9410582825551089,-0.0320503897964954,1
0.9296355019879516,0.0,-0.0834942758083343,0.0,0.4910661640295734,-0.1025656908750534,0.5420276887786586,0.9671833181226223,-0.0706974193453788,0.9583922701245842,1.0,-0.0848915055394172,1.0,0.9583058814179796,-0.0673351660370826,0.8276063219714165,0.9478822716598811,-0.0626487359404563,1
0.8954701999955655,0.0,-0.0805773064494133,0.0,0.5023486206661252,-0.0981025546789169,0.421460764988597,0.9671543600846149,-0.070093996822834,0.9529190937077753,1.0,-0.0845045074820518,1.0,0.9673894702886464,-0.0681392475962638,0.755487143141903,0.959317560064765,-0.0624233111739158,1
0.638116048766539,0.0,-0.0774363726377487,0.0,0.506463067107448,-0.103302277624607,0.3949133560163854,0.957354578808284,-0.0749816820025444,0.8918608826912894,1.0,-0.0885046795010566,1.0,0.9842354922077812,-0.069647803902626,0.7783715678695988,0.9741628587021154,-0.066325232386589,1
0.29483007307274917,0.0,-0.0654029920697212,0.0,0.5114964116692234,-0.0924454480409622,0.4205795753912943,0.960307386384021,-0.0570994764566421,0.9638808425419306,1.0,-0.0696653351187706,1.0,0.9843189238378016,-0.0497984699904918,0.79873702154037,0.9730619697821343,-0.0480385161936283,1
0.5588678810901033,0.0,-0.0695761144161224,0.0,0.49231602117913,-0.0953506231307983,0.3809404587182365,0.9586114581474205,-0.055247101932764,0.8947480503036058,1.0,-0.0670798271894455,1.0,0.9850160628234874,-0.0494485758244991,0.7820455264899766,0.9771140460467601,-0.0465692244470119,1
1.0,0.0,-0.0785224437713623,0.0,0.42473318132804333,-0.1009854897856712,0.47096983995145114,0.9468035263032258,-0.0805545970797538,0.7983309548023854,1.0,-0.0963673517107963,0.8654552383950783,0.9712996452295307,-0.0798261240124702,0.7163679521780617,0.9564746845341476,-0.0727389529347419,1
1.0,0.0,-0.069122165441513,0.0,0.2685209781936046,-0.0754443183541297,0.3848823443761435,0.9292479047320322,-0.0369857661426067,0.568213672995233,1.0,-0.0434099994599819,0.6642538348073258,0.9506090572407249,-0.0287977587431669,0.5922727761915916,0.9271342517343211,-0.0296815652400255,1
1.0,0.0,-0.0577086769044399,0.0,0.16354166224224856,-0.0780077502131462,0.3970247623094223,0.9232948494919139,-0.039561927318573,0.575401055154466,1.0,-0.0445779375731945,0.6567463587891446,0.9578435376089697,-0.0318086668848991,0.5990840350806491,0.9281502817570573,-0.0326799675822258,1
1.0,0.0,-0.0840463116765022,0.0,0.42355842726716436,-0.0781234502792358,0.2827467797575719,0.9542778188059053,-0.0336366519331932,0.5317197835237523,1.0,-0.0442291758954525,0.6134664683356015,0.9626263351182511,-0.0303616933524608,0.5146121467227901,0.949723696791086,-0.0267165470868349,1
1.0,0.0,-0.0898651629686355,0.0,0.4735286561008485,-0.1064547300338745,0.38365026128000407,0.9617674641076907,-0.0881126746535301,0.7842573688705623,1.0,-0.104043610394001,0.8506046335518346,0.9710583669119478,-0.0889898836612701,0.6739905384153659,0.9616953259065337,-0.0809464007616043,1
0.6083399000054345,0.0,-0.0895594581961631,0.0,0.5218180016709214,-0.1174758896231651,0.3463942177055595,0.9680014262770128,-0.0918892994523048,0.8925975490462474,1.0,-0.108489766716957,1.0,0.9726830032060653,-0.0909870713949203,0.7734701918374002,0.965284955713243,-0.083844356238842,1
0.4729202167464561,0.0,-0.0843584761023521,0.0,0.5353376032184847,-0.1121446043252945,0.3610938302994217,0.9720314697878841,-0.0844897329807281,0.8834672220569222,1.0,-0.1002137437462806,1.0,0.978376408372924,-0.082002930343151,0.7791151623344377,0.9743626320645864,-0.075978897511959,1
0.4592360043770907,0.0,-0.0716976672410965,0.0,0.5245273499160293,-0.0993164852261543,0.2663821349852382,0.961745723985325,-0.0652502551674842,0.8747541004049744,1.0,-0.0781139358878135,1.0,0.9795258723214093,-0.0591599456965923,0.7184882202013337,0.9712533606267879,-0.0562447793781757,1
0.19324590686916793,0.0,-0.071925088763237,0.0,0.531936788977649,-0.1013383939862251,0.3669946108534904,0.9596464146966246,-0.0628795400261879,0.9065216648247103,1.0,-0.0760931521654129,1.0,0.9818228674411985,-0.0568490587174892,0.7591233806924996,0.9749782146451998,-0.0538828484714031,1
0.0,0.0,-0.0945255011320114,0.035252867570385815,0.5184268318821617,-0.1219203323125839,0.41358967674661107,0.9692569118153692,-0.0891463384032249,0.9270385818561001,1.0,-0.1052035242319107,1.0,0.9760379926811127,-0.0822917520999908,0.7759723670490094,0.9706983579073059,-0.0794944241642952,1
0.0012717798364646463,0.0,-0.0957118794322013,0.0,0.5205651309567466,-0.1242880523204803,0.44805240509585675,0.9557942742440243,-0.0879503190517425,0.9356780358282709,1.0,-0.1056239977478981,1.0,0.9746650600947951,-0.0840708911418914,0.783697918309989,0.9606443198769148,-0.078778438270092,1
0.7953152794709217,0.0,-0.0750590115785598,0.0,0.4870697194430843,-0.0915787890553474,0.46507856830573285,0.9706174850826089,-0.047151792794466,0.8860904142734543,1.0,-0.0589896962046623,1.0,0.9756093142497332,-0.0420882478356361,0.8006958147023241,0.96498973023758,-0.0386160649359226,1
1.0,0.0,-0.0819199979305267,0.0,0.42679927072626883,-0.08821502327919,0.45008934093876707,0.9709618815975015,-0.0476218126714229,0.7699002255390133,1.0,-0.0587336607277393,0.8235516459349873,0.9715887783855052,-0.0445089526474475,0.6907241614134612,0.9626814173699006,-0.0402707867324352,1
1.0,0.0,-0.0759366303682327,0.0,0.3635790967443249,-0.0727537646889686,0.42663733148752275,0.9537585026466904,-0.0132417418062686,0.7077166902886266,1.0,-0.0190780572593212,0.7680886537679767,0.9671225657464045,-0.0058129508979618,0.6585431842403058,0.9495031192573246,-0.0057438979856669,1
1.0,0.0,-0.0802716240286827,0.0,0.3276512273222752,-0.0796698108315467,0.48009005827300016,0.9460225824385247,-0.0208509396761655,0.7289546728765645,1.0,-0.0267096385359764,0.807176242715875,0.9471990444584181,-0.0152526013553142,0.690468832774148,0.9259678621456464,-0.0140342321246862,1
1.0,0.0,-0.0590784326195716,0.0,0.2694702947928603,-0.074964128434658,0.4237529987331209,0.9465707909065598,-0.0395190119743347,0.7093671662308981,1.0,-0.0478194095194339,0.8021139383810878,0.9479080615053214,-0.0359280668199062,0.6897490498396173,0.9267764476068342,-0.0332396551966667,1
1.0,0.0,-0.0788472071290016,0.0,0.5450602593659514,-0.0956140011548996,0.47296697483391226,0.9579218391169407,-0.0639498531818389,0.7533103974288571,1.0,-0.0774256512522697,0.8546758627686468,0.9639083516114043,-0.0669997185468673,0.7320412411476622,0.9443614361877539,-0.0589689016342163,1
1.0,0.0,-0.0898902937769889,0.0,0.48269193976244085,-0.099658079445362,0.1777152930852293,0.9703812784443452,-0.0768395289778709,0.6608690911073551,1.0,-0.0910563245415687,0.7020181170990832,0.9717527251225485,-0.0778007060289383,0.48426761795716594,0.9629041002294827,-0.0705383196473121,1
0.6268038394845835,0.0,-0.0895834788680076,0.0,0.513178195762264,-0.1173705011606216,0.316256865291555,0.9684478659805896,-0.0924930423498153,0.9059863165760962,1.0,-0.1083220466971397,1.0,0.9764263359142386,-0.0891258046030998,0.7711472745608736,0.9709538254904448,-0.0839800909161567,1
0.0,0.0,-0.072815291583538,0.0355550794924154,0.5382535832366128,-0.1057042628526687,0.4924245186697783,0.9643510094992972,-0.0638515576720237,0.9395328908984831,1.0,-0.0771481767296791,1.0,0.9827775148539752,-0.058157667517662,0.8230678420361727,0.9755690409235109,-0.0552685223519802,1
0.0,0.0,-0.0953791365027427,0.003056553762482373,0.5226145759981442,-0.1290517151355743,0.5410744549002615,0.9560032959677771,-0.094108797609806,0.9595688605262125,1.0,-0.112447552382946,1.0,0.9809316391666844,-0.0917902141809463,0.8431856894000126,0.9704490238718041,-0.0854767858982086,1
0.0,0.0,-0.1285804063081741,0.14898940127596635,0.5062609287565641,-0.159668430685997,0.6183926659457617,0.9431978867970281,-0.1307529509067535,0.9658191593821525,1.0,-0.1548220962285995,1.0,0.9760208784894507,-0.1338737308979034,0.8577135947412964,0.9574154326099632,-0.1223133131861686,1
0.0,0.0,-0.1324764341115951,0.14688949741415894,0.5054934442752292,-0.1602310687303543,0.6316856718160108,0.9417674371622792,-0.130304679274559,0.973242324911348,1.0,-0.1545459777116775,1.0,0.9773790865053742,-0.1325968205928802,0.8595781897176406,0.9601786340649041,-0.1216513067483902,1
0.0,0.0,-0.1192194744944572,0.10914510146333,0.5202124072498412,-0.1478948295116424,0.6241451094885799,0.9567677104629642,-0.127780020236969,0.9760109015092299,1.0,-0.1524100005626678,1.0,0.9773121772047887,-0.1261294931173324,0.8524813292393825,0.9662282890305669,-0.1176547557115554,1
1.0,0.7156973059547601,-0.0286019071936607,0.15847094084433924,1.0,-0.1276276707649231,0.08320269757522232,0.2006834920379571,-0.2778183817863464,0.0,0.04494111886096838,-0.3081499934196472,0.1122984041744662,0.0,-0.2975651025772095,0.15681048396922392,0.0637163782052132,-0.2795023024082184,0
1.0,1.0,-0.006521354895085,0.009922916238353043,0.960691025937781,-0.0592854097485542,0.022277384786807686,0.18908275819413045,-0.1616684794425964,0.0,0.027907564666191483,-0.1867742091417312,0.14542104181102422,0.0,-0.176920861005783,0.1775071258696353,0.04889995427336103,-0.1632465273141861,0
1.0,1.0,0.0230282712727785,0.03287978474721944,0.7980908278180654,0.0246339794248342,0.04740259824542503,0.13953611697372334,-0.0116260964423418,0.0,0.018330900577953366,-0.0261731036007404,0.14016221836008633,0.0,-0.0177887473255395,0.17051228968268906,0.046620035895652716,-0.0122868446633219,0
1.0,1.0,0.0059933001175522,0.0,0.7503734872527412,-0.027325140312314,0.1293925253904768,0.12641428537571753,-0.0848798528313636,0.06762754853185055,0.020630888591564537,-0.1079498678445816,0.2525647904269529,0.0,-0.095498152077198,0.28216623852415484,0.038637778768860556,-0.085704393684864,0
1.0,1.0,0.0236198827624321,0.0,0.7458896241144806,-0.0214051399379968,0.14588529015574875,0.1421111332041647,-0.0828406363725662,0.13948682438098123,0.00759592255011345,-0.1074937283992767,0.30018420440467625,0.0,-0.0932205766439437,0.32386434332887926,0.04006037879987316,-0.0831616595387458,0
1.0,1.0,0.0320954583585262,0.0,0.7198951075018853,-0.000536642386578,0.1304748619923333,0.13462771180525765,-0.0400154255330562,0.1326227465846049,0.0113885799126258,-0.0640209838747978,0.3014705099400509,0.0,-0.0501275621354579,0.3187463777264946,0.04361591767448709,-0.0400979705154895,0
1.0,1.0,-0.0108590545132756,0.007663991879417543,0.647346646657684,-0.0391458868980407,0.04617451335916027,0.12868744905799398,-0.0974825695157051,0.0,0.01701088912634958,-0.1248816326260566,0.20849001247144225,0.0,-0.1190941482782363,0.2575022027844733,0.03107324334199084,-0.101127840578556,0
1.0,1.0,-0.0001150037933257,0.0,0.6065441243472667,-0.0324755869805812,0.1319099798535663,0.10405970611046617,-0.0799808949232101,0.020748366173648416,0.013748496833681944,-0.106912113726139,0.2798285915515998,0.0,-0.1000729873776435,0.3437341326388521,0.0332124287692541,-0.0832019373774528,0
1.0,1.0,-0.0251946430653333,0.000764568895377948,0.6231292803258899,-0.0744644775986671,0.12949038092833565,0.09149178460534561,-0.1277484446763992,0.0,0.006775501881723157,-0.1586031168699264,0.3046304349859277,0.0,-0.1509390473365783,0.38332257792991503,0.028359428795349275,-0.1307902932167053,0
1.0,1.0,-0.0288317184895277,0.0,0.6039450773834639,-0.0497399494051933,0.1437244211844823,0.102023949830489,-0.08817770332098,0.12079269447182928,0.005821098937341461,-0.113994613289833,0.29845228443400457,0.0,-0.110525794327259,0.32427019967861437,0.027870819005307627,-0.0923456251621246,0
1.0,1.0,-0.0300099682062864,0.0,0.5988999665054906,-0.0584090575575828,0.22857008972501985,0.09985226137976766,-0.1101281493902206,0.15159311565178013,0.003795731654875828,-0.1373014152050018,0.45360562494002843,0.0,-0.1342249363660812,0.5090360975304956,0.035044764113901346,-0.1146677359938621,0
1.0,1.0,-0.0263149160891771,0.0,0.6175081854428699,-0.0525022968649864,0.06304404527986923,0.12128765034243758,-0.0980463176965713,0.06198160287954929,0.016563034119771905,-0.1240649297833442,0.316500026082874,0.0,-0.1167341247200965,0.357074544853849,0.031114290324953886,-0.100689060986042,0
1.0,1.0,0.0041766827926039,0.12264442765646201,0.6515597581231969,-0.0107354102656245,0.03832014463408292,0.1404800805689708,-0.0707227662205696,0.0,0.029247025680849765,-0.0975823923945427,0.13232367175358967,0.0,-0.0916345790028572,0.16910332044657128,0.04399404906817493,-0.0749034360051155,0
1.0,1.0,0.0243545286357402,0.011899562635698687,0.7578509933376198,0.027165675535798,0.042308582726925746,0.14674940709427833,-0.0260338392108678,0.0,0.01369816667282439,-0.0461025051772594,0.13617609700852829,0.0,-0.039983581751585,0.16206255748618767,0.05438003004692185,-0.0288177505135536,0
1.0,1.0,-0.0377404652535915,0.07100727550983338,0.9507951065495378,-0.0642165467143058,0.01752073945415455,0.1777373740674905,-0.1348461806774139,0.0,0.014902279589703471,-0.1563178598880767,0.10736053248472736,0.0,-0.1504782289266586,0.1253598280113212,0.057146511933109025,-0.1370214074850082,0
1.0,0.9161275206253099,-0.0397307947278022,0.08412877482869681,1.0,-0.0740276500582695,0.07468818468203947,0.21621499008568884,-0.1578734666109085,0.0,0.03495569541817248,-0.1791335046291351,0.1117603745161474,0.0,-0.1747732013463974,0.16405797884677403,0.06263720699667208,-0.1601874232292175,0
1.0,0.8183709034152472,-0.0231067892163991,0.08661955650066228,1.0,-0.0746775716543197,0.06556865589605428,0.22586875389027733,-0.1720868498086929,0.0,0.04514898961653499,-0.1946737915277481,0.11787828547228806,0.0,-0.1863763928413391,0.1579403231183716,0.06274677557023958,-0.1730695217847824,0
1.0,0.8101317417034394,-0.0211676489561796,0.12124035148984914,1.0,-0.0809326991438865,0.07766756469469155,0.2287888662951013,-0.1990247219800949,0.0,0.05206503725142467,-0.2241065800189972,0.12048719023780505,0.0,-0.2178743630647659,0.16692045719515397,0.06343746397433316,-0.20131915807724,0
1.0,0.99506822467047,-0.010556099936366,0.18833964771923525,1.0,-0.0785179063677787,0.0832280935683022,0.22591112826076548,-0.1948989331722259,0.0,0.04220776037241718,-0.2198948711156845,0.11614516890715287,0.0,-0.2136269211769104,0.14852910066477343,0.0650203575241513,-0.197879284620285,0
1.0,1.0,-0.0058621112257242,0.0878280444609507,0.8947293965278557,-0.0534469634294509,0.03341818478290301,0.16683578700722057,-0.138272613286972,0.0,0.01657295281592932,-0.1615472733974456,0.11977982407667556,0.0,-0.1536969989538192,0.14962994501263618,0.0489399130223839,-0.1404844671487808,0
1.0,1.0,0.0209715720266103,0.07243660515460953,0.7850173726841487,-0.0340511128306388,0.08373083400746947,0.13477930666242127,-0.1121229454874992,0.0,0.026589769185954223,-0.1368544101715088,0.15503839137572534,0.0,-0.1241647377610206,0.20786732500697058,0.034630840134824474,-0.1128664314746856,0
1.0,1.0,0.0363296717405319,0.04481172964359775,0.7264773728171915,0.0390603505074977,0.04653716285942552,0.13990510417344126,0.0065671536140143,0.0,0.030214071624309207,-0.0107407076284289,0.14851659525519392,0.0,-0.0055416505783796,0.1734679556505824,0.03681157570107981,0.0033827221486717,0
1.0,1.0,0.0029152540955692,0.0,0.7265769173794588,-0.0381434485316276,0.05522859307906333,0.14366446536674923,-0.0935503616929054,0.0014144986107602886,0.012300809887929575,-0.1200859770178794,0.1566557211417051,0.0,-0.1098714992403984,0.21008303864612524,0.039423550133150166,-0.0954929143190383,0
1.0,1.0,-0.0348172895610332,0.08757662001877713,0.6356654438565261,-0.072190836071968,0.15561912907554598,0.08277275815385836,-0.117729552090168,0.0,0.006660110437236242,-0.1458222419023513,0.3126367117416031,0.0,-0.1399198174476623,0.39811933798338073,0.025998249468145777,-0.1212259382009506,0
1.0,1.0,0.0053312806412577,0.1254737883487783,0.6156322639051536,-0.020930441096425,0.1534919669816709,0.09788889196335095,-0.0680120512843132,0.0,0.009927177457794019,-0.0948666408658027,0.287513010501149,0.0,-0.088452897965908,0.36621907107598134,0.028096153957387644,-0.0716828182339668,0
1.0,1.0,0.0423622988164424,0.0,0.7408519811885502,0.0401698723435401,0.13579774528188865,0.15515275067202192,-0.0102461939677596,0.1403722167482867,0.010547377595085094,-0.0312932357192039,0.2717776381448819,0.0,-0.0204856917262077,0.28841785877572373,0.06144586305808009,-0.0114295100793242,0
1.0,1.0,0.009828258305788,0.0,0.916764204887741,0.0045752762816846,0.03575813469919932,0.18057625428701224,-0.0428204275667667,0.03129278533149599,0.018952916875792085,-0.0617936253547668,0.17291971377076448,0.0,-0.0519615970551967,0.1892786015487943,0.05248786794475204,-0.0435246154665946,0
1.0,1.0,0.0197590105235576,0.0,0.8424250507985879,0.0139025561511516,0.05838385364696934,0.15099359956712413,-0.0365379452705383,0.033489301504013504,0.03409796086711392,-0.0554235428571701,0.16969614864565397,0.0,-0.0466626361012458,0.18863898665846668,0.04425696896083306,-0.0380364321172237,0
1.0,1.0,0.0427828058600425,0.06891356066613799,0.6962777926233662,0.0459157899022102,0.04252742532381708,0.12339981368376136,0.0045548579655587,0.0,0.013773753556994835,-0.0173815283924341,0.17833234205656887,0.0,-0.0112369740381836,0.23501354744911446,0.03058109242863495,0.0007972054299898,0
1.0,1.0,-0.0143409632146358,0.09862507480840334,0.6455171259538333,-0.0475141927599906,0.03564463054817271,0.12303929704646872,-0.1005337461829185,0.0,0.025477208474088638,-0.1276544332504272,0.21126086779684652,0.0,-0.1224737614393234,0.27633885253109414,0.030463567758939904,-0.104732722043991,0
1.0,1.0,-0.0220065843313932,0.0,0.6040510208557042,-0.0576459988951683,0.2939366842498229,0.10550403696807154,-0.0982874110341072,0.20369109439390087,0.011776889525126288,-0.1248732507228851,0.6489413193105654,0.0,-0.1180502921342849,0.7255223672444769,0.02890099768800399,-0.1012546271085739,0
1.0,1.0,-0.0156739875674247,0.0008648486044915725,0.6202665509016161,-0.0536912642419338,0.03829775233368115,0.1286354340299941,-0.112882949411869,0.0,0.02062189800795271,-0.1425816267728805,0.26156499995299737,0.0,-0.1376059204339981,0.31490829784633895,0.041818824158734606,-0.1170512586832046,0
1.0,1.0,-0.0208419989794492,0.0,0.5982246755894891,-0.0466359332203865,0.1611022417291791,0.12168354031058651,-0.0961352959275245,0.1535951665749433,0.017546571610636396,-0.12253138422966,0.37319500505185144,0.0,-0.1141440123319625,0.4133713173843469,0.03082723854354436,-0.0987569168210029,0
1.0,1.0,0.027364432811737,0.0,0.6829134306500749,0.0042351959273219,0.19440184364669144,0.1432919762509002,-0.0408794842660427,0.1832617731381797,0.012035248104940124,-0.0651275441050529,0.35069616867172565,0.0,-0.0521237105131149,0.3938490239921003,0.04586082451807567,-0.0412242747843265,0
1.0,1.0,0.0075419615022838,0.0,0.695963379532452,-0.0118449637666344,0.15773683870679336,0.1322240123604246,-0.0605028048157691,0.12359744497812039,0.00819303525179301,-0.0829252526164054,0.2769831966582062,0.0,-0.0724049434065818,0.3037850980236354,0.04443458080177519,-0.0619517304003238,0
1.0,1.0,-0.0130622191354632,0.0,0.8344102739671938,-0.0517809614539146,0.054277109927173266,0.15465672691495339,-0.1221595555543899,0.0469944361741939,0.017100826263539374,-0.1464686542749405,0.1700785877114177,0.0,-0.1352600753307342,0.18808517269345598,0.05085629555029189,-0.1229549795389175,0
1.0,1.0,-0.0178950261324644,0.07999486190255775,0.9892699935842004,-0.0968784838914871,0.07074517915792784,0.22494044464280732,-0.2199454307556152,0.0,0.03388546402968005,-0.2481500804424286,0.12501190399730694,0.0,-0.2388893514871597,0.1555481486238979,0.06345281597813099,-0.2221666425466537,0
1.0,1.0,0.0010906547540798,0.02792003219372398,0.8244978170548918,-0.0572627559304237,0.04880708963971361,0.1323762980925707,-0.1394197195768356,0.0,0.021094278026591567,-0.1645287722349167,0.13870380144194788,0.0,-0.150761991739273,0.18131284702590417,0.034743609239235876,-0.1401014328002929,0
1.0,1.0,0.0300727654248476,0.036215071118732976,0.7396675220805978,0.0131678665056824,0.05500521201116379,0.12230780065827145,-0.0280510764569044,0.0,0.03139541377002506,-0.0473796352744102,0.15572278825784325,0.0,-0.0408040136098861,0.18947510003698578,0.027466038344436488,-0.0308186206966638,0
1.0,1.0,-0.00478057237342,0.01009704446247488,0.7125278965767876,-0.0380124971270561,0.0430113155529964,0.12377333243622049,-0.0935735031962394,0.0,0.021300807306794588,-0.1193686351180076,0.1685613165708436,0.0,-0.1084596812725067,0.20034286910775512,0.030194733505364196,-0.0955137088894844,0
1.0,1.0,-0.0268687978386878,0.06273591556620892,0.6150207866725365,-0.0581069216132164,0.12129036135388087,0.11149487919032892,-0.1084679886698722,0.0,0.01973727800401426,-0.1355539709329605,0.2988421789872476,0.0,-0.1319147646427154,0.3868079135875809,0.023690793100804765,-0.1130715981125831,0
1.0,1.0,-0.025456229224801,0.0,0.572042467762218,-0.0560806803405284,0.3310190966619372,0.08362619223661409,-0.0974627956748008,0.3562839383182029,0.0032149369143678647,-0.1238761395215988,0.5900152941671695,0.0,-0.1188548058271408,0.5914941980384179,0.023577519950456212,-0.1008805409073829,0
1.0,1.0,-0.0191593952476978,0.0,0.5921752528485142,-0.0576667375862598,0.3054363143791564,0.09906016804076052,-0.0979617312550544,0.20786568306236947,0.0041505382079377404,-0.1254496574401855,0.5523852010293042,0.0,-0.1178943738341331,0.6113541891320924,0.027799684542586744,-0.1003969758749008,0
1.0,1.0,-0.0080214692279696,0.0,0.5818542115190309,-0.0365564003586769,0.2783915052529124,0.1207635406294849,-0.0752810686826706,0.29564146529301755,0.00021749831518768346,-0.1023699566721916,0.5389372847614774,0.0,-0.0915911644697189,0.5656595562272063,0.042685643607900434,-0.0766527578234672,0
1.0,1.0,0.0219837091863155,0.0,0.6419346404407386,0.0076256697066128,0.141488641066879,0.1248529486714938,-0.0443076752126216,0.13046840651275096,0.013767844264177842,-0.0691823214292526,0.2846170701213443,0.0,-0.0610665865242481,0.3083030557341739,0.04505251259666988,-0.0473290532827377,0
1.0,1.0,0.0103512983769178,0.0,0.7073223066572274,-0.0207280404865741,0.2526834661047178,0.1438710632527193,-0.0613496787846088,0.2475454791533326,0.01288741067647317,-0.0852939039468765,0.39445117647505257,0.0,-0.0693233460187912,0.4162123600081965,0.04688992758017159,-0.0603703707456588,0
1.0,1.0,0.0206709541380405,0.0,0.7537575054057912,0.0116561511531472,0.11997724504678799,0.15249059247648536,-0.0259549189358949,0.1050461865404953,0.02191995068415802,-0.0459147840738296,0.24612063132464904,0.0,-0.0337982587516307,0.267410797074936,0.05006395432413683,-0.0260877534747123,0
1.0,1.0,0.009145381860435,0.0,0.7825638827848321,-0.0043829157948493,0.1713411183766538,0.15234051750470726,-0.0480863824486732,0.159241323548167,0.01212120651129554,-0.0687979534268379,0.29857841031082805,0.0,-0.0568040534853935,0.3168618293077065,0.056119473720261624,-0.048139251768589,0
1.0,1.0,-0.0517083071172237,0.0,0.9040914995942525,-0.1129368096590042,0.07328971653166733,0.17754569190600522,-0.2064515799283981,0.0625825479651942,0.028087394680239092,-0.2333886474370956,0.20319338757840713,0.0,-0.2209008485078811,0.22199316929000895,0.05534238134998013,-0.2069443166255951,0
1.0,0.6627689758817229,-0.0346418395638465,0.00714011013957064,1.0,-0.1333842724561691,0.03196424470000045,0.20882330409200006,-0.2847828865051269,0.0,0.048998432187111605,-0.3152795732021332,0.13619089078449037,0.0,-0.3039241731166839,0.1645069625087461,0.06129062401871336,-0.2857159078121185,0
1.0,0.7562078923150376,-0.0189144015312194,0.0699887324797651,1.0,-0.1299831718206405,0.0538125145265127,0.21323008757706527,-0.2829823493957519,0.0,0.048462903720583726,-0.3145714998245239,0.1389782936022753,0.0,-0.3026775419712066,0.16537233343775684,0.06734260000322907,-0.2839975953102112,0
1.0,1.0,0.0220287330448627,0.04586654183094584,0.911556411015268,0.0029274953994899,0.02565562278283397,0.17200812926754785,-0.0547510348260402,0.0,0.021087417949436187,-0.0737225711345672,0.12727127304207161,0.0,-0.0658505707979202,0.14720578133674658,0.05904424219687047,-0.056230079382658,0
1.0,1.0,0.0105680376291275,0.049817756517757134,0.8193003307937167,-0.0179229993373155,0.08610555889032594,0.1362819748164822,-0.0656870305538177,0.0,0.01713770533383032,-0.0851472094655036,0.15814031201074277,0.0,-0.074447251856327,0.1918154421183586,0.0393522241856238,-0.0663389936089515,0
1.0,1.0,0.0258078668266534,0.05950615271778975,0.7674062520077837,-0.0298208016902208,0.09738679270909437,0.12291124233755532,-0.11641376465559,0.0,0.036003232385945695,-0.1406769603490829,0.16741640181457593,0.0,-0.1301465332508087,0.2023429223372173,0.031877932689442695,-0.1187586039304733,0
1.0,1.0,0.0150890741497278,0.0,0.7381765997638209,0.010424661450088,0.09129341732647518,0.12935997532967078,-0.0198616720736026,0.02202074784719126,0.024557938637520305,-0.0377117395401001,0.19661474888747615,0.0,-0.0277734287083148,0.22272438305496156,0.03929540237120307,-0.0212935004383325,0
1.0,1.0,0.0302265807986259,0.0,0.7095301884362386,0.0201640911400318,0.07449013637125648,0.14767753181705143,-0.0099333515390753,0.03252046021712514,0.020661769346383623,-0.0303362403064966,0.2032660862371196,0.0,-0.0189533662050962,0.23162128255103165,0.04328076538583362,-0.0111617399379611,0
1.0,1.0,0.0422521755099296,0.0026325849855732344,0.7036412815933756,0.0327977873384952,0.029898429594093175,0.14003437753628148,-0.0137249268591403,0.0,0.021085305884283388,-0.0369580127298831,0.1428807016228777,0.0,-0.0271264985203742,0.1698122259285634,0.03835501428595606,-0.0162918139249086,0
1.0,1.0,0.0350512489676475,0.0,0.7016779657057052,0.0298339631408453,0.03959131750731341,0.13771278031896095,-0.0116572342813014,0.042515073101931,0.014580687751452572,-0.0331227332353591,0.22119063433273883,0.0,-0.0251336432993412,0.23042185386689998,0.03922414572993613,-0.0145971057936549,0
1.0,1.0,0.0119218509644269,0.07102864437526224,0.66537897668374,-0.0046970164403319,0.0916982075802707,0.11668053916991791,-0.0541986860334873,0.0,0.012436679059436517,-0.0798040926456451,0.26963001948444604,0.0,-0.0744990929961204,0.34542339477279344,0.027429115529403147,-0.0582449436187744,0
1.0,1.0,-0.0023509494494646,0.12290416746123718,0.6292388292801847,-0.0271115247160196,0.14267797157148934,0.08915409954617733,-0.0689110085368156,0.0,0.006877341890823339,-0.0944445952773094,0.33661674318991947,0.0,-0.0880462899804115,0.4040134367986387,0.02747204377057238,-0.0722550675272941,0
1.0,1.0,-0.0049342992715537,0.0,0.5799003164671662,-0.0309406220912933,0.18825232704886002,0.10169529453256561,-0.0734859928488731,0.03734382240330389,0.006760187478666596,-0.100031092762947,0.3349690474207608,0.0,-0.0939171612262725,0.4183456225429589,0.0345570420957117,-0.0768687427043914,0
1.0,1.0,0.0060506672598421,0.0,0.9713592939687312,-0.0334266945719718,0.16145563856000625,0.1980150613946967,-0.115419752895832,0.2032932341749873,0.01373185596483059,-0.1399976462125778,0.30912148759868807,0.0,-0.1274249255657196,0.30657585222351974,0.07143941216371781,-0.1151854991912841,0
1.0,0.9487405204427553,-0.0292441565543413,0.0,1.0,-0.1041404083371162,0.14382996261435205,0.18801340725882904,-0.2148318588733673,0.1427949198602953,0.013049128957931958,-0.2437333613634109,0.2722302946710526,0.0,-0.2292339354753494,0.29040442773493136,0.054059914706104585,-0.2143651843070984,0
1.0,0.7488258232907389,-0.0372905693948268,0.0,1.0,-0.1412372440099716,0.13605722417796523,0.2106665952610135,-0.2895289361476898,0.09607713328227305,0.022961803143070152,-0.320736825466156,0.23891650015342905,0.0,-0.3068490028381347,0.27662661489655327,0.07277682961718583,-0.289352148771286,0
1.0,0.6529831810582578,-0.0556620024144649,0.042928186341406036,1.0,-0.1617193222045898,0.05730894722213187,0.23062389825112226,-0.3279292285442352,0.0,0.044364352057953194,-0.3598257601261139,0.13189709354881413,0.0,-0.3507436513900757,0.17709895756385852,0.0579278369129117,-0.3299433588981628,0
1.0,0.7051862749524296,-0.0399046391248703,0.01120446077125417,1.0,-0.1462730467319488,0.04917680108767708,0.22739913851087626,-0.3052245080471039,0.0,0.040347471305982686,-0.334223598241806,0.12810333419636982,0.0,-0.3244169652462005,0.16405316803063943,0.07083978079446955,-0.3065724074840545,0
1.0,0.8243710845570787,-0.0190813653171062,0.08964346067276863,1.0,-0.1043069437146186,0.08569921019919595,0.21647497657938936,-0.2427884638309478,0.0,0.04060547475950682,-0.2708462178707123,0.13488528517679843,0.0,-0.2631537020206451,0.18756521263776355,0.07197260469593587,-0.2452688068151474,0
1.0,0.9088363803610441,-0.0208940971642732,0.0212155709338442,1.0,-0.1081788837909698,0.07620511457701244,0.20887144992526158,-0.2501661479473114,0.0,0.039291709784983836,-0.2785953879356384,0.14475500283105813,0.0,-0.2713186144828796,0.18547434272190977,0.06505864091065834,-0.2528928220272064,0
1.0,1.0,0.0070067350752651,0.19093705332312982,0.8254411679806025,-0.0819910690188407,0.09693795204715062,0.1423607119084145,-0.215834304690361,0.0,0.020127464153174096,-0.241765484213829,0.10191809071074569,0.0,-0.2356857806444168,0.16150209992556983,0.044067207833380785,-0.2200919538736343,0
1.0,1.0,0.0190537050366401,0.0,0.7837229665109177,-0.038989569991827,0.07741879975401558,0.14673135506870624,-0.1258633285760879,0.06342279417987329,0.025141351151092572,-0.150449514389038,0.2242379278633771,0.0,-0.1392031461000442,0.23518874790546526,0.042391012594563834,-0.1278518587350845,0
1.0,1.0,0.0147658018395304,0.0,0.7463881274049619,-0.0241027064621448,0.1704712290167783,0.13176525265181047,-0.0782613083720207,0.12331799928591221,0.018785541160974712,-0.1013804227113723,0.2965435669374594,0.0,-0.088308110833168,0.3121859495644478,0.03717866030699124,-0.0790293589234352,0
1.0,1.0,0.015054864808917,0.0,0.7135174109220876,-0.0096667967736721,0.11299451041231577,0.14435479280842878,-0.0499506779015064,0.11832597410346679,0.016182321721373787,-0.0722031146287918,0.26853481711319294,0.0,-0.0623543970286846,0.2805865505101707,0.03927486263768394,-0.0519835315644741,0
1.0,1.0,0.0123003693297505,0.0,0.6962200148736396,-0.0015932751120999,0.14722224925313632,0.14281802466638074,-0.0453958772122859,0.17708870572741867,0.013162937506098097,-0.0680912584066391,0.353981167021854,0.0,-0.0588055290281772,0.36061617508247246,0.04068348309089253,-0.0477686189115047,0
1.0,1.0,-0.0369494371116161,0.02439964230890856,0.6215066146917786,-0.0682849958539009,0.08173492744609395,0.11385309773384622,-0.1191234663128852,0.0,0.017793664454655578,-0.145622506737709,0.28732353661831134,0.0,-0.1409888714551925,0.3746395340801287,0.025713600569933662,-0.1228240504860878,0
1.0,1.0,0.0363118983805179,0.07532420780155825,0.635889797770916,0.0176190938800573,0.10260223366961232,0.1017700144576839,-0.0303517859429121,0.0,0.007615304491061482,-0.0563509352505207,0.2793458416545955,0.0,-0.0509653501212596,0.3495487233112481,0.03032814735108204,-0.0344724580645561,0
1.0,1.0,-0.0244527086615562,0.01592992756936256,0.6242311615063303,-0.0599813647568225,0.1264795608708735,0.09883374363020349,-0.1109634712338447,0.0,0.014391495619477529,-0.1400182992219925,0.3521802718087339,0.0,-0.1338068693876266,0.4158785924553425,0.031396293096775954,-0.1145150884985923,0
1.0,1.0,-0.0570827089250087,0.34364988372281857,0.6350806076077731,-0.0850067809224128,0.0857178286253236,0.08605958087637397,-0.1381228864192962,0.0,0.007008031337430404,-0.1647357195615768,0.10111032508822067,0.0,-0.1674314141273498,0.1619993169732122,0.024010934605828527,-0.1449261605739593,0
1.0,1.0,-0.0576219633221626,0.14760850808418052,0.6038364507425635,-0.0906502157449722,0.09319878455940278,0.10410622425186865,-0.1373753696680069,0.0,0.006759497114875896,-0.1650342047214508,0.2684423103374973,0.0,-0.1620565056800842,0.3233947305898388,0.02728720552899975,-0.1416448205709457,0
1.0,1.0,-0.0402866825461387,0.09043414905927227,0.5959956271526257,-0.0827244371175766,0.10134359062272318,0.10684161747367195,-0.1341262012720108,0.0,0.014009045297543408,-0.1636123061180114,0.2800218574551065,0.0,-0.1570567190647125,0.3389684138344876,0.03528653439234,-0.1372184157371521,0
1.0,1.0,-0.000232673206483,0.09314290131079117,0.627607989672173,-0.0292191281914711,0.07217740643197858,0.13438610379924681,-0.084454633295536,0.0,0.020064300531103536,-0.1122198179364204,0.18831241057003298,0.0,-0.1068033054471015,0.256023738648639,0.04534505807492006,-0.0883814990520477,0
1.0,1.0,0.0377776287496089,0.0,0.6762842945700152,0.0171852204948663,0.16967206802228238,0.12812921227030366,-0.0276516191661357,0.1480414500086996,0.0,-0.051857616752386,0.29242479128100834,0.00045136488896387435,-0.0394258424639701,0.33980621293758256,0.039061204570976574,-0.028361527249217,0
1.0,1.0,-0.0040433383546769,0.0,0.8422119820351937,-0.0219116006046533,0.08983493201538935,0.15322197457180212,-0.0722165182232856,0.07411685003387355,0.01568836794266523,-0.0921925157308578,0.21941692478069683,0.0,-0.0791551619768142,0.22984023179014643,0.04940183145300906,-0.0720239803194999,0
1.0,1.0,-0.0056272903457283,0.0,0.8677012527993904,-0.0395189933478832,0.09580474583743516,0.17542352214919313,-0.106527604162693,0.04826997116827358,0.022922239006610584,-0.1288795620203018,0.20853153579667996,0.0,-0.116473913192749,0.22477349184520545,0.054748794599689905,-0.1072431802749633,0
1.0,0.9708314978427453,-0.0340118557214736,0.0,1.0,-0.1258270144462585,0.22154212073632576,0.20969865594770648,-0.2612601220607757,0.1894105286698681,0.007008292296189795,-0.292224258184433,0.32928883256535496,0.0,-0.2779609560966491,0.3607343698312927,0.07629565792377803,-0.2611593008041382,0
1.0,0.6956679134548448,-0.0374522358179092,0.0,1.0,-0.1490146815776825,0.13679562432966166,0.20921777463456348,-0.3122293353080749,0.11134793464333341,0.025572504316669884,-0.3443036675453186,0.24444869760175783,0.0,-0.3314317464828491,0.2728579932913348,0.06536295272552285,-0.3127455413341522,0
1.0,0.6564470788026677,-0.0422412492334842,0.0,1.0,-0.1527886390686035,0.11659597908304747,0.21207519305258027,-0.3214758634567261,0.07796101380776767,0.03302002894758226,-0.3540788292884826,0.23021663628174466,0.0,-0.3435002267360687,0.26617949718955264,0.061667300655619164,-0.3227584064006805,0
1.0,0.7200184781335354,-0.0224735736846923,0.0,1.0,-0.1324437409639358,0.13672267009328357,0.24145011221339993,-0.2870862782001495,0.1118649005281872,0.04333243501058027,-0.3177616894245147,0.24485976924662556,0.0,-0.3044177293777466,0.27588445790732025,0.07154794475488246,-0.2870899736881256,0
1.0,0.9678075236819694,-0.0134923523291945,0.06233565441129809,1.0,-0.0698113068938255,0.04345127178534433,0.20155311416671942,-0.1727440804243087,0.0,0.01742204146673863,-0.1965269446372985,0.13790433774280456,0.0,-0.1876820176839828,0.16184355511454432,0.07729046304250389,-0.1745111048221588,0
1.0,1.0,0.0253547690808773,0.0,0.7817110197715122,0.0072646415792405,0.12974503730043513,0.12534243441742254,-0.0358114764094352,0.0860305997135366,0.02947276964933262,-0.0557315535843372,0.2469697485460783,0.0,-0.0448747090995311,0.27127460401833925,0.03102786123811287,-0.0367456004023551,0
1.0,1.0,0.0144967567175626,0.0,0.7412351238980355,-0.0545662008225917,0.06761857540418385,0.14579485336520384,-0.1525196433067321,0.04789302777483212,0.020204993013410836,-0.180363118648529,0.15739883581293904,0.0,-0.1701457947492599,0.19113933845973066,0.03646716979660291,-0.1557010263204574,0
1.0,1.0,0.028737561777234,0.09796213992870918,0.6627468829797709,0.0064627593383193,0.044398686589733255,0.12935819296878007,-0.0418064035475254,0.0,0.02803114879378477,-0.0678056702017784,0.16674221730817804,0.0,-0.0610273219645023,0.213909235522298,0.02939396266789642,-0.0453338660299778,0
1.0,1.0,-0.0390927195549011,0.0,0.578473047042712,-0.0882942304015159,0.15357313053492638,0.09055291090685161,-0.1323112845420837,0.005932051943925947,0.010574033275565432,-0.1610580831766128,0.30242543981573755,0.0,-0.1535971313714981,0.40261506691552956,0.029967595653931613,-0.1349067986011505,0
1.0,1.0,-0.0515054650604724,0.02952649716682939,0.5991116183758225,-0.0925676375627517,0.11499418208080889,0.10245056873362086,-0.1410762965679168,0.0,0.0014981546135452869,-0.1675110012292862,0.24102903609784804,0.0,-0.161840334534645,0.31957763244125237,0.03528831640442893,-0.1443729400634765,0
1.0,1.0,-0.0157330464571714,0.17995113809210123,0.6439923857065676,-0.034852284938097,0.05842396790997583,0.1395373441442363,-0.0887884348630905,0.0,0.02419426964530438,-0.1152355894446373,0.19315428517586314,0.0,-0.1125396117568016,0.2558637654628429,0.03425971361729296,-0.0938472375273704,0
1.0,1.0,0.0212565846741199,0.0,0.7763632106719757,0.011077114380896,0.16891352010574723,0.15224382685950794,-0.0419910997152328,0.17030016264634915,0.006994488477588682,-0.0648920014500618,0.29128927068285404,0.0,-0.055189236998558,0.3236435055687322,0.05330523207914533,-0.0435475818812847,0
1.0,1.0,-0.0175771322101354,0.06729157786917153,0.8882271609571935,-0.0752244740724563,0.02434855182909823,0.2084608570143314,-0.1715875267982483,0.0,0.034971615919370994,-0.1961863785982132,0.14400368653722034,0.0,-0.1854540705680847,0.1540278543326845,0.05595428440680696,-0.173281192779541,0
1.0,0.8893360770521407,-0.0299944970756769,0.0,1.0,-0.131156712770462,0.1138058990887622,0.23095341774760997,-0.2527870237827301,0.07592984805027672,0.03918604644578371,-0.2814226150512695,0.2191896399489846,0.0,-0.263942539691925,0.24575920037395907,0.07094134508285234,-0.2515478134155273,0
1.0,0.7363082759366116,-0.025626216083765,0.0,1.0,-0.1309054046869278,0.11542032203239973,0.2228007128591571,-0.2840670347213745,0.08522732854574569,0.03006037742521459,-0.3137318193912506,0.213924855832048,0.0,-0.3014213740825653,0.2495198494955374,0.07139086532990886,-0.2844575941562652,0
1.0,0.6352749889086203,-0.0354035645723342,0.10323765004234436,1.0,-0.1413984298706054,0.06917324716001727,0.2500121915971948,-0.3063304126262665,0.0,0.05326479078624605,-0.3371153473854065,0.12363323665646173,0.0,-0.3292281329631805,0.1727811238804501,0.06478466071082413,-0.308832436800003,0
1.0,0.7746945828353246,-0.0231161396950483,0.1112572356779639,1.0,-0.1266679763793945,0.09589220026012157,0.2074058418644399,-0.281148612499237,0.0,0.03919901316601257,-0.3094296455383301,0.12232189207745595,0.0,-0.3008071780204773,0.17597838646474684,0.06093043766807343,-0.2829743921756744,0
1.0,1.0,0.0074305878952145,0.023769263568252364,0.8882242352157808,-0.0794876590371131,0.04770664555034404,0.15203255554331685,-0.2058234363794326,0.0,0.01656887049443484,-0.2349166572093963,0.1394225497959429,0.0,-0.2231450080871582,0.16454041542303668,0.04553716522705586,-0.2072008997201919,0
1.0,1.0,0.0507804527878761,0.09071214812871842,0.771771818546947,0.0049350415356457,0.0656182561730235,0.1566224712425638,-0.0872443914413452,0.0,0.031226364608354422,-0.1094022542238235,0.130564067101451,0.0,-0.1005832478404045,0.17502652820335507,0.03911634370295869,-0.08969197422266,0
1.0,1.0,0.0225110221654176,0.10394365576513558,0.7422065888694462,-0.0006654534372501,0.0485144703535668,0.15110502827311115,-0.0439161621034145,0.0,0.03309626064128119,-0.0668146610260009,0.1382489375187125,0.0,-0.0571685023605823,0.18299044900932288,0.029625545597012613,-0.0463593825697898,0
1.0,1.0,0.0020736856386065,0.1858379297092781,0.6394973954827655,-0.0374421291053295,0.0791839650982154,0.11336331437272167,-0.0887293890118599,0.0,0.01894965969010466,-0.1167716309428215,0.23072093186899198,0.0,-0.1098288968205452,0.3032291006980718,0.023654142623652775,-0.092121735215187,0
1.0,1.0,-0.0342297367751598,0.0,0.612908400602993,-0.0578741505742073,0.08624782981571737,0.099116435833008,-0.1023181155323982,0.020695191080804066,0.005988048160537712,-0.1278116106986999,0.21917815382684544,0.0,-0.1256226599216461,0.25754073671219696,0.02598685795733315,-0.1068727672100067,0
1.0,1.0,-0.0480903834104537,0.0301694090945935,0.5932464852611479,-0.0809186995029449,0.08716867958174597,0.09450360287081294,-0.1325216740369796,0.0,0.011098658384503765,-0.1599500328302383,0.2631480216306349,0.0,-0.1554646492004394,0.3246332171516576,0.030020473209319488,-0.1365306973457336,0
1.0,1.0,0.0092898188158869,0.0,0.6421930958143597,-0.0060028950683772,0.16184711608021682,0.13019989168300986,-0.0618118718266487,0.16473171834027692,0.010200399625046423,-0.0883197858929634,0.34117322324728566,0.0,-0.0813419669866561,0.37949050826327835,0.03776450092056248,-0.0650594532489776,0
1.0,1.0,-0.0040839007124304,0.0,0.6628464616951381,-0.0195248294621706,0.13960327173157303,0.13227075470452937,-0.0675820633769035,0.11669263977789321,0.012775465659662234,-0.0927333161234855,0.29561509316569673,0.0,-0.0843496397137641,0.33094292665604264,0.04325704385568215,-0.0700780823826789,0
1.0,1.0,0.0249083209782838,0.0,0.7087970238580668,-0.0073322928510606,0.12991865370074457,0.14525810544629272,-0.0559657588601112,0.1061254843525397,0.018518600152377763,-0.0822619721293449,0.274583228315271,0.0,-0.0676778852939605,0.30749011906971163,0.04751831435223655,-0.0562260672450065,0
1.0,1.0,0.0516052767634391,0.0,0.743083102375308,0.0472459457814693,0.09890865437083925,0.15166178432535662,0.0023352818097919,0.08754532115876654,0.007736503379848853,-0.0187421329319477,0.21975214328155504,0.0,-0.0075401929207146,0.24359562006621072,0.04931684336895722,0.0013592626200988,0
1.0,1.0,0.0038524700794368,0.0,0.9746997983772413,-0.0502270087599754,0.062167734021573925,0.2005115532325866,-0.1522848457098007,0.08165656764627427,0.023975166237049705,-0.1766534298658371,0.18991791701268962,0.0,-0.1639159470796585,0.2047485914720544,0.06139703844213853,-0.1523255556821823,0
1.0,0.8071745112968051,-0.0338712371885776,0.013251789678198383,1.0,-0.1237519457936286,0.07180729126473619,0.22820302957316455,-0.2525233030319214,0.0,0.04022154304626449,-0.2801340818405151,0.1457299662718847,0.0,-0.2672954201698303,0.19052639463255422,0.06823842901002143,-0.2524784803390503,0
1.0,0.7381930389269135,-0.0251056123524904,0.011667999634254892,1.0,-0.122283823788166,0.07589581787688926,0.24216495303786842,-0.2701327204704284,0.0,0.047282951037111186,-0.2991534173488617,0.13484925120401217,0.0,-0.2879768908023834,0.1875433310917882,0.06809420416175957,-0.2709376215934753,0
1.0,0.57533906416217,-0.0344901084899902,0.10106122240368848,1.0,-0.1443717926740646,0.07149660701549669,0.24602027421452977,-0.3054809868335724,0.0,0.0443650306839362,-0.3355861306190491,0.10704221425634282,0.0,-0.3250278234481811,0.16240675390930823,0.055826095717287014,-0.3065463900566101,0
1.0,0.5601458691163783,-0.0342536568641662,0.1325990849998727,1.0,-0.1516275554895401,0.06761442247456392,0.2458975077524395,-0.3269510865211487,0.0,0.05245168407452398,-0.3579626381397247,0.11483620113029427,0.0,-0.3483966588973999,0.16545712597946108,0.0539583278400419,-0.3285371363162994,0
1.0,0.5773277026238582,-0.0446646735072135,0.08582520172077478,1.0,-0.1637181639671325,0.04922634714447957,0.22145952622633497,-0.3354499042034149,0.0,0.04410744831993558,-0.3678523898124695,0.13434255702525738,0.0,-0.3568480312824249,0.1751893644026114,0.048397613296803546,-0.3366214036941528,0
1.0,1.0,0.0035155795048922,0.0,0.8115723228588517,-0.0736644938588142,0.1339762895843161,0.13198983259268188,-0.1729466766119003,0.06857177662238027,0.012478664826532813,-0.2010930329561233,0.2495256880115701,0.0,-0.185172826051712,0.2771031719290243,0.04469601868969281,-0.1728608310222625,0
1.0,1.0,0.0335124656558036,0.0,0.7218849491243873,0.0056357509456574,0.10278470464594203,0.1335997335244055,-0.0389399081468582,0.12769344618082545,0.01319125825832109,-0.0633647590875625,0.27188493038238387,0.0,-0.0514282323420047,0.2823959777870366,0.03965483342353463,-0.0402721762657165,0
1.0,1.0,0.0410888642072677,0.10459512916625097,0.7059210694275269,0.0397028438746929,0.06795539951826919,0.12928276186709164,0.0032102132681757,0.0,0.015932718728655915,-0.0181683637201786,0.16190399272811348,0.0,-0.0114634735509753,0.20325017855078523,0.03884959741540093,-0.0003196103789377,0
1.0,1.0,-0.0283708572387695,0.1637851754997018,0.6546028029414258,-0.0600559189915657,0.07785440563486817,0.12211916327895095,-0.1120794266462326,0.0,0.023026784427697032,-0.1379517167806625,0.16337626612403694,0.0,-0.1314331889152526,0.2184109426088418,0.030427021087745205,-0.1156513914465904,0
1.0,1.0,0.0251503214240074,0.0,0.6310914576647358,0.016641866415739,0.08398541436738649,0.1135033199787438,-0.0370160825550556,0.026469071791382356,0.012730438304922268,-0.0621829554438591,0.2650737874812865,0.0,-0.0580264590680599,0.3225901300572948,0.028169186064685534,-0.0415915139019489,0
1.0,1.0,-8.95467892405577e-05,0.0,0.5977990218014935,-0.0389800481498241,0.16702355460386067,0.09764327881434616,-0.0836777985095977,0.06790796092393853,0.006550515324668112,-0.1125768944621086,0.44045145268172775,0.0,-0.1055721119046211,0.5170387592970364,0.03213260276670237,-0.0870386511087417,0
1.0,1.0,-0.0425696447491645,0.10997738158302542,0.6209604690884664,-0.0824309736490249,0.09916933918613265,0.1056199294952902,-0.1259077489376068,0.0,0.019164336239513077,-0.1508470922708511,0.2878275988649028,0.0,-0.1450698524713516,0.3775890833716125,0.02738845081812214,-0.1293490380048751,0
1.0,1.0,0.0001745539921103,0.0,0.6189941330893601,-0.0207587648183107,0.19320481584890897,0.11102287485744297,-0.0668934732675552,0.20636481656026034,0.0007130832977846932,-0.0948096737265586,0.43429602888086644,0.0,-0.0873140171170234,0.46261137095196597,0.03898784909226317,-0.0698838233947753,0
1.0,1.0,0.0227332711219787,0.0,0.6354402475351977,0.0025793344248086,0.22269205685921734,0.1191262312858675,-0.0416157804429531,0.26048900375599404,0.007481439734342799,-0.0671721547842025,0.4634515283631854,0.0,-0.0567841716110706,0.4906809700365952,0.036323645628917614,-0.0433082431554794,0
1.0,1.0,0.0116302669048309,0.0,0.6428231992901263,-0.0071247117593884,0.15903000496255612,0.11494605814631373,-0.0552609004080295,0.14417195635910895,0.0033342905540672853,-0.0811453387141227,0.30785047144306554,0.0,-0.0724749192595481,0.3425824562443011,0.038847179794786926,-0.0579654723405838,0
1.0,1.0,0.0373681522905826,0.0,0.7014812280156845,0.0315173417329788,0.10056001248634083,0.13596303313319336,-0.0157362353056669,0.07802590916185194,0.0009703090065437155,-0.0375599823892116,0.22390135788980609,0.0,-0.0271841697394847,0.24871172155454785,0.05375769926428696,-0.0173189304769039,0
1.0,1.0,0.0060007278807461,0.0,0.7805520225000891,-0.0139817623421549,0.05243785276810376,0.15696611551001396,-0.0649170652031898,0.04283895760778191,0.008055963598581205,-0.0867872014641761,0.177249909931548,0.0,-0.0773984491825103,0.20037108202233697,0.059093636917344414,-0.0661889240145683,0
1.0,1.0,-0.0142830945551395,0.09020869768484012,0.9381992724069691,-0.0436475053429603,0.05089680064079299,0.20047557637905003,-0.1094440370798111,0.0,0.031051823783020533,-0.1303723454475402,0.11165428005571575,0.0,-0.1219826862215995,0.14672316862768556,0.05630827519388607,-0.1108182668685913,0
1.0,0.6732112101824507,-0.0184291694313287,0.041764573884147234,1.0,-0.1124209836125373,0.04402365818182664,0.25710772549396116,-0.2709719836711883,0.0,0.058810541592080816,-0.3016920387744903,0.13754253949909487,0.0,-0.2915698289871216,0.17771308117937454,0.0709439886158937,-0.2722338140010834,0
1.0,0.7261006145751024,-0.0288644768297672,0.1941516678793149,1.0,-0.137268453836441,0.07293632795695972,0.23978600935512048,-0.2948611080646515,0.0,0.05726618096676932,-0.3249211013317108,0.09858465264242441,0.0,-0.3163225054740906,0.15135772439761347,0.05770093946439837,-0.2972783744335174,0
1.0,0.7409318529564464,-0.0260212384164333,0.17258888188475874,1.0,-0.1307426840066909,0.09054539596108022,0.22459752396330543,-0.2881503999233246,0.0,0.05389485192038076,-0.3176880776882171,0.12778058303445528,0.0,-0.3095911741256714,0.18101510405459906,0.056687140207350856,-0.2904426455497741,0
1.0,0.8750951895684524,-0.0100528988987207,0.06676545593171654,1.0,-0.1136317625641822,0.056635024646333375,0.21108495328760332,-0.260797768831253,0.0,0.04645631406089726,-0.2893383800983429,0.14210133376836767,0.0,-0.2792716026306152,0.17647705245460643,0.057159982276156505,-0.2623047828674316,0
1.0,1.0,0.0127973472699522,0.35316097768508,0.9622213354631132,-0.0506480224430561,0.07165159462698545,0.2820003026406266,-0.1751220524311065,0.0,0.04944493488844655,-0.195953220129013,0.06798657265449386,0.0,-0.1988785862922668,0.11174166368338859,0.09316774178094128,-0.1816898137331009,0
1.0,1.0,0.0052807149477303,0.3028585068315059,0.8673843982783902,-0.0618917867541313,0.10774797441757691,0.1661574585234236,-0.1930183917284011,0.0,0.04430272186586912,-0.2170133888721466,0.12374979383059086,0.0,-0.2162810415029525,0.15263502431518478,0.04241961081475273,-0.1988545060157776,0
1.0,1.0,0.0072652106173336,0.16912938845352724,0.794310535236718,-0.0536412633955478,0.05854208616688128,0.13272910647617972,-0.1584899723529815,0.0,0.03533438062079936,-0.1844019591808319,0.10931198193831916,0.0,-0.1757802069187164,0.15017939029922892,0.03011337179970171,-0.1617530733346939,0
1.0,1.0,0.0204264111816883,0.15155846388230224,0.7356683302304742,0.0091194892302155,0.07890863966129638,0.13298147757990889,-0.0387753583490848,0.0,0.03134311334366663,-0.058777879923582,0.1288814427770468,0.0,-0.052881684154272,0.179275738730951,0.030342622445655155,-0.0425041355192661,0
1.0,1.0,0.008350308984518,0.23057822523919694,0.7223303681380457,-0.0255194064229726,0.08660969281822001,0.13364738142405863,-0.0842085257172584,0.0,0.028718477271510414,-0.1103545650839805,0.1253969464632267,0.0,-0.1017458289861679,0.17331987074951,0.029745523523967598,-0.0873038470745086,0
1.0,1.0,0.0148048559203743,0.19307779180230147,0.6839698790006962,-0.0088147707283496,0.04345091786797759,0.12540018308048628,-0.0586175322532653,0.0,0.025523039722600244,-0.0824599936604499,0.11255194608678964,0.0,-0.0781175419688224,0.15130686389571663,0.024098789448363862,-0.063107855618,0
1.0,1.0,0.0427089482545852,0.19989516044483652,0.6620664312573414,0.029332848265767,0.06549730239759699,0.11141317526255709,-0.0192524921149015,0.0,0.009567992750894337,-0.0443143099546432,0.16809006524245898,0.0,-0.0386793278157711,0.22469374753021953,0.02872220517065114,-0.0233524125069379,0
1.0,1.0,0.0233567021787166,0.14909028714096273,0.6112314239556722,-0.0176804922521114,0.13794627685213362,0.10052322892430364,-0.0633414983749389,0.0,0.008963822151326364,-0.0926763638854026,0.2759836249464124,0.0,-0.0847413539886474,0.3562062830272081,0.030997886847013784,-0.0665472298860549,0
1.0,1.0,-0.0383500009775161,0.26591883145281203,0.6048058211462575,-0.0671375319361686,0.1728966389160564,0.09510058734375426,-0.1263742744922638,0.0,0.010891039988795181,-0.1544995307922363,0.2274814532096125,0.0,-0.1546822339296341,0.3147110040313924,0.030765875900561054,-0.1319581568241119,0
1.0,1.0,-0.0152443880215287,0.11346332869361989,0.631093719219948,-0.0469432510435581,0.05296956550483239,0.12490015857648945,-0.0987801551818847,0.0,0.02486205467527694,-0.1227326765656471,0.2158896188942914,0.0,-0.1185248792171478,0.26068459299469143,0.030899877515376095,-0.1029790788888931,0
1.0,1.0,0.0277634914964437,0.0,0.6980153205064359,0.0026050982996821,0.07045810344779127,0.15538273363101235,-0.0520386844873428,0.03730680479941989,0.012659832907018064,-0.079055979847908,0.2037968706523175,0.0,-0.0683629140257835,0.2472350495934434,0.04929521997091058,-0.0536179579794406,0
1.0,1.0,0.0461454130709171,0.0,0.698145226275225,0.034624595195055,0.04432401093984586,0.1475147392047232,-0.0113628329709172,0.05809082086636738,0.011252923404177478,-0.0340186133980751,0.19274416142571066,0.0,-0.0234054364264011,0.21274844661785106,0.04678204269939339,-0.0127988802269101,0
1.0,1.0,0.0202961582690477,0.018143972161054494,0.7728050282177612,0.0114829549565911,0.02473016278703995,0.16040004543671832,-0.0402005687355995,0.0,0.018071422053372598,-0.0611362606287002,0.12323549072035231,0.0,-0.0528368614614009,0.15255018284051589,0.05506546701928595,-0.0418918989598751,0
1.0,1.0,-0.003273302456364,0.03884701201399662,0.8536938723825257,-0.0218892022967338,0.003071942544520934,0.16340139693299563,-0.0767771303653717,0.0,0.02155541932842044,-0.0987758114933967,0.13022161789734388,0.0,-0.0884640589356422,0.14639808177549515,0.05070686892451268,-0.0775463655591011,0
1.0,1.0,-0.0334966443479061,0.17637611724473218,0.918775260987373,-0.0760561451315879,0.05565655138598495,0.1836170547384781,-0.150347962975502,0.0,0.030181354872929268,-0.1743209213018417,0.11178887970115495,0.0,-0.1661077141761779,0.13604727020389742,0.05782222021207922,-0.1523221582174301,0
1.0,1.0,0.001596302492544,0.0654065984692686,0.9380419988637144,-0.0145844044163823,0.01532614148689711,0.19638074308083237,-0.0792080536484718,0.0,0.030802236359890368,-0.1014998629689216,0.1285993840306447,0.0,-0.0939132049679756,0.14317688243313337,0.057699011265043815,-0.0810640156269073,0
1.0,0.6472890828116191,-0.0264718476682901,0.14948635637443514,1.0,-0.1217720434069633,0.08484533253345845,0.2454161363891558,-0.2718858420848846,0.0,0.05375072776348791,-0.3007786870002746,0.09651692396712831,0.0,-0.291587233543396,0.1448774977503491,0.06358971487258475,-0.2736775577068329,0
1.0,0.5569338092281134,-0.033437255769968,0.10531922342712735,1.0,-0.1357233077287674,0.05204434082793059,0.2358065671837835,-0.2987791895866394,0.0,0.04885749484437549,-0.3295275866985321,0.12149648572422278,0.0,-0.3209485709667206,0.16354726623437058,0.04840100878435101,-0.3005163073539734,0
1.0,0.5263128568012175,-0.0388819985091686,0.17451187734919835,1.0,-0.1469673961400985,0.06521478933943095,0.2528524519852551,-0.3212353587150574,0.0,0.060015794581289486,-0.3529885113239288,0.11720763427010276,0.0,-0.3454763293266296,0.16418116951782344,0.04693345975423774,-0.3236485719680786,0
1.0,0.5302265816873452,-0.037336740642786,0.23059272409316048,1.0,-0.1606285274028778,0.10488328343181061,0.26923586206385675,-0.3564866781234741,0.0,0.07583475392510819,-0.3897944986820221,0.10056649267375013,0.0,-0.3843207061290741,0.16130362205558957,0.051140377925253874,-0.3606462180614471,0
1.0,0.45801455143370384,-0.0320053361356258,0.18033515027040856,1.0,-0.1455432027578354,0.08422936520908872,0.24011409257071897,-0.3294188380241394,0.0,0.0713267234804523,-0.3634362518787384,0.12808577269572344,0.0,-0.3557672798633575,0.17617301410199246,0.05882662342934098,-0.3322893381118774,0
1.0,0.33982496770862897,-0.0292193703353405,0.15004283312004907,1.0,-0.1426938623189926,0.07020930060389412,0.2336245842330062,-0.337893545627594,0.0,0.09677550005767102,-0.3740839958190918,0.16473565090478356,0.0,-0.3674359023571014,0.1963224329212188,0.057452372979203435,-0.3410948812961578,0
1.0,0.1747767237623999,-0.0494852513074874,0.0,1.0,-0.1599518805742263,0.0769316155460229,0.27761184336690214,-0.3720434904098511,0.12114804815342639,0.0727812833336703,-0.4125413298606872,0.24961149265595794,0.0,-0.4057995080947876,0.29605691901143677,0.05890344822938283,-0.3750391900539398,0
1.0,0.0,-0.0217425487935543,0.3346876064046677,0.7864105060156811,0.0085253762081265,0.034453043226042396,0.9444622295289553,-0.0739561468362808,0.0,1.0,-0.0940836295485496,0.052621180466524274,0.9227004133200846,-0.1111042946577072,0.15512907280286184,0.8842858186487599,-0.0834802240133285,0
1.0,0.0,-0.0374375022947788,0.440482918558652,0.8872165544119229,0.0127811934798955,0.1375986592091706,0.9142763176090056,-0.0639463365077972,0.0,1.0,-0.0825806185603141,0.23775261629606828,0.9306391972705653,-0.1008854806423187,0.13626761249586208,0.8723011628220819,-0.0735159218311309,0
1.0,0.0,-0.0095523996278643,0.6465432320375457,0.5561170966626129,0.0037780927959829,0.14824852127999885,0.9079516843056717,-0.1212290003895759,0.0,1.0,-0.1488996148109436,0.018548030489437525,0.9674991920215115,-0.1727933138608932,0.13697259716208662,0.9383726319742128,-0.1346867680549621,0
1.0,0.0,-0.0108748767524957,0.5068338938040325,0.5288333127345105,0.0055171265266835,0.13524037698269517,0.8917265756463919,-0.0863939672708511,0.0,1.0,-0.1110993176698684,0.060351869759117875,0.9813348143268084,-0.1311439871788025,0.22531210761037998,0.9488569244666806,-0.0970142558217048,0
1.0,0.0,-0.0302953347563743,0.5007607155972928,0.482035694586443,0.0286344494670629,0.1950883451743571,0.8927229461944114,-0.0393848046660423,0.0,1.0,-0.057120956480503,0.01430034874184547,0.9680998531652316,-0.0820904523134231,0.16521472612857888,0.9400466115823432,-0.0510503388941288,0
1.0,0.0,-0.0238829739391803,0.2696933542926079,0.4770978608628048,0.0030739631038159,0.16856374688020312,0.8712727410196754,-0.0991806089878082,0.0,1.0,-0.123603455722332,0.12290421101957122,0.9524818807379033,-0.1449743658304214,0.2869282587960824,0.92447791295029,-0.110037513077259,0
