RIGHT_LEG_1_x,RIGHT_LEG_1_y,RIGHT_LEG_1_z,RIGHT_LEG_2_x,RIGHT_LEG_2_y,RIGHT_LEG_2_z,RIGHT_LEG_3_x,RIGHT_LEG_3_y,RIGHT_LEG_3_z,RIGHT_LEG_4_x,RIGHT_LEG_4_y,RIGHT_LEG_4_z,RIGHT_LEG_5_x,RIGHT_LEG_5_y,RIGHT_LEG_5_z,label
1.0,0.07174196199527434,-0.0764671042561531,0.6193670053202952,1.0,-0.1072537526488304,0.2823138490733935,0.20901586792154297,-0.0326853021979332,0.27031368683429735,0.0,-0.0217927768826484,0.0,0.22304961640587564,0.0071511520072817,1
1.0,0.11642413009379769,-0.0712246969342231,0.6144840857917107,1.0,-0.0947947800159454,0.268297517714275,0.17852318495730193,-0.0369930416345596,0.252184105692535,0.0,-0.028438102453947,0.0,0.25804776018649955,-0.0091582275927066,1
1.0,0.11165856286526776,-0.0678820312023162,0.6088025894527275,1.0,-0.0895496234297752,0.2897567623152519,0.15577673364142175,-0.0229626130312681,0.2642447980722737,0.0,-0.0131077310070395,0.0,0.2035531702571167,0.0101023018360137,1
1.0,0.0,-0.0744888931512832,0.6649804446325309,1.0,-0.091974027454853,0.31257354993746456,0.15743673102177802,-0.0167965479195117,0.285473794218128,0.017159120306215418,-0.005872240755707,0.0,0.2639151382533657,0.0144135300070047,1
1.0,0.0,-0.0774966329336166,0.6790093081296905,1.0,-0.0991303175687789,0.3188575872817474,0.19955224540017383,-0.0085551729425787,0.303059122694453,0.04478249769026345,0.0042678448371589,0.0,0.30111809625316355,0.0332731306552886,1
1.0,0.0,-0.0730948969721794,0.7008865022970736,1.0,-0.097367063164711,0.2926434523233002,0.26032012294764256,-9.324307757196948e-05,0.2589603063491644,0.08919480543170773,0.0133460443466901,0.0,0.356613908224024,0.0465055480599403,1
1.0,0.0,-0.073276400566101,0.7377938974130591,1.0,-0.1052877977490425,0.31609908377828394,0.2725687943360106,-0.0084388004615902,0.27845088509929156,0.10831897531411527,0.0051273256540298,0.0,0.36688439622550545,0.0417754538357257,1
1.0,0.0,-0.0729986950755119,0.7086508180801613,1.0,-0.0922807306051254,0.29262953192737984,0.26683217761672423,-0.010522979311645,0.2665215699215763,0.11835481521348729,0.0012504446785897,0.0,0.3799122598819066,0.0278517100960016,1
1.0,0.066348168311272,-0.0700584575533866,0.6276818040320176,1.0,-0.0811002776026725,0.24567945308759737,0.19632935089194906,-0.0251088701188564,0.2439633904067564,0.0,-0.0165172796696424,0.0,0.2845049984527543,-0.0033807605504989,1
1.0,0.18374259425939526,-0.0714176222681999,0.5668151330809835,1.0,-0.0866352766752243,0.2215637242576713,0.1723350412826581,-0.0245451629161834,0.2364268455151533,0.0,-0.0152186416089534,0.0,0.18069204802633276,-0.0003242029924876,1
1.0,0.19331620837636254,-0.0724543780088424,0.5830098792646163,1.0,-0.0915074497461319,0.23605594391516818,0.23966152858586603,-0.0136041939258575,0.31747618256760224,0.0,-0.0020479136146605,0.0,0.14902239199147632,0.0187725722789764,1
1.0,0.4148903182992309,-0.0687645450234413,0.3701563919800669,1.0,-0.0967321097850799,0.16624910053858927,0.19773645142386675,-0.0357810705900192,0.27280836600100233,0.0037851129239152292,-0.0255380626767873,0.0,0.0,-0.0002243462076876,1
1.0,0.48270009089604365,-0.0666046813130378,0.3330945133000772,1.0,-0.0998113304376602,0.17762570157269283,0.1756124320273007,-0.0371634550392627,0.3176267597148051,0.012971662759731458,-0.0272242072969675,0.0,0.0,0.0005813488969579,1
1.0,0.561771949147067,-0.0627681389451026,0.3743145338128234,1.0,-0.0965329557657241,0.19050236821331462,0.2197290267712655,-0.042740412056446,0.23042803262871678,0.10204304258129272,-0.0338910222053527,0.0,0.0,-0.0132079115137457,1
1.0,0.6250301342532937,-0.0674296244978904,0.36704456993980195,1.0,-0.1052878275513649,0.20393525567550913,0.24966001788812367,-0.0578154809772968,0.33997417530277535,0.08960318230030183,-0.0501258373260498,0.0,0.0,-0.038574643433094,1
1.0,0.6070396474199402,-0.0691229924559593,0.3090399650114295,1.0,-0.1070775985717773,0.18943866727803643,0.22915200477650352,-0.0367977544665336,0.25487479990550393,0.13464144774619694,-0.0266347229480743,0.0,0.0,-0.006070121191442,1
1.0,0.5519355888041457,-0.0609964467585086,0.3563107493211821,1.0,-0.1007210090756416,0.20390000801121663,0.22313162928688934,-0.0106011442840099,0.2625774369509171,0.10264868018767438,0.0026211387012153,0.0,0.0,0.0314101204276084,1
1.0,0.49898948339851107,-0.0668105706572532,0.3611837047374059,1.0,-0.09695415943861,0.2355276294023771,0.14888829661997988,-0.0238721370697021,0.23520403236972315,0.042114372981458044,-0.0131828188896179,0.0,0.0,0.009746516123414,1
1.0,0.4112454966102774,-0.0724231153726577,0.4553491870065498,1.0,-0.111010618507862,0.19543357271170542,0.1921347403857263,-0.0161878410726785,0.2260061743999234,0.04762788419583987,-0.0035970930475741,0.0,0.0,0.0173888392746448,1
1.0,0.351814544241485,-0.0704383924603462,0.455237881897433,1.0,-0.1084440201520919,0.20217419233696027,0.19385803117404835,-0.0193201564252376,0.23810480705141088,0.056349448691314794,-0.0073353648185729,0.0,0.0,0.0143059203401207,1
1.0,0.3017487791728516,-0.0695268735289573,0.4896832956855849,1.0,-0.0910018607974052,0.2497294331276604,0.12437649729090283,-0.0233086422085762,0.22657796284411474,0.0,-0.0138152530416846,0.0,0.07563963418344316,0.0009330944740213,1
1.0,0.2348179282267794,-0.0703504234552383,0.5610475703651641,1.0,-0.0861305519938469,0.2130099677326603,0.17394338057901096,-0.0161604136228561,0.22877064630522986,0.0,-0.0064618149772286,0.0,0.17881860675512679,0.0089893797412514,1
1.0,0.22454093792197147,-0.0696985870599746,0.5801885646942591,1.0,-0.0796213969588279,0.2150294191802275,0.1826552640597492,-0.0103516578674316,0.22638148525546345,0.0,-0.0006131798145361,0.0,0.19513135583897578,0.0131514994427561,1
1.0,0.36918342491771905,-0.063834547996521,0.47882733839713415,1.0,-0.0876617506146431,0.20831701202196795,0.14631330559220543,-0.0409743152558803,0.21960844171048802,0.0,-0.032928641885519,0.0,0.111133302402459,-0.0267092976719141,1
1.0,0.42906687523392956,-0.0616230107843875,0.45201789700942446,1.0,-0.0877295508980751,0.20343554831050606,0.15863575835027063,-0.0434935018420219,0.21863539901548054,0.0,-0.0357272438704967,0.0,0.024128513421422665,-0.0234756115823984,1
1.0,0.4725018830329295,-0.0609216131269931,0.3870363065088356,1.0,-0.0941865220665931,0.1985397859368256,0.140087007450425,-0.0517685823142528,0.23574898109095113,0.0,-0.0441597178578376,0.0,0.018484620238432833,-0.0233940202742815,1
1.0,0.5826243049366338,-0.0678166896104812,0.42416351614215314,1.0,-0.1025881767272949,0.1876101607528424,0.19140587533529543,-0.0544731169939041,0.22890516698317948,0.0700744574114168,-0.0470089949667453,0.0,0.0,-0.033951062709093,1
1.0,0.5329010729510258,-0.0616075359284877,0.3409804372116598,1.0,-0.0945764780044555,0.18963506800985247,0.2245938151208813,-0.0366441458463668,0.3114093735646029,0.045235839405309106,-0.0280413329601287,0.0,0.0,-0.0087153576314449,1
1.0,0.4940008974851371,-0.0619343146681785,0.38823802371950905,1.0,-0.0884575694799423,0.22808431301465637,0.1930455321012612,-0.0361221805214881,0.26966368014915326,0.05598359951899392,-0.0268694497644901,0.0,0.0,-0.0014158189296722,1
1.0,0.2847294001472863,-0.0695011764764785,0.4970860532696757,1.0,-0.1009998172521591,0.24426000512328952,0.1043953788230814,-0.0259192008525133,0.20998147811552714,0.020114014414020324,-0.015913700684905,0.0,0.0,-0.0045848609879612,1
1.0,0.29478920885806087,-0.0747191831469535,0.533439072612217,1.0,-0.0891917794942855,0.2432464705921815,0.17238726061536433,-0.0153662962839007,0.2682315441033421,0.0,-0.0050889700651168,0.0,0.11135912670210657,0.0103985629975795,1
1.0,0.29352409434183013,-0.0711725056171417,0.507720973474546,1.0,-0.0950906053185463,0.21613042401289362,0.18346314925842264,-0.0148135712370276,0.24200321199666905,0.034153379743581,-0.0044132708571851,0.0,0.0,0.0083161583170294,1
1.0,0.3024324830926279,-0.0676596015691757,0.4809415771817834,1.0,-0.0935675278306007,0.23766423023950897,0.08982855726452171,-0.0269508603960275,0.1954567015081465,0.0,-0.0171845126897096,0.0,0.03462417349113419,-0.0059792879037559,1
1.0,0.38282723360216264,-0.0607619695365428,0.4591744444278057,1.0,-0.0866172388195991,0.19090559895962542,0.15915371811006915,-0.0422872900962829,0.19690980022260235,0.0,-0.034891165792942,0.0,0.06980009143300243,-0.0323015861213207,1
1.0,0.41749012773001914,-0.0619957819581031,0.45244834510628257,1.0,-0.0907784849405288,0.2455464496071102,0.09364410327776412,-0.0436590425670146,0.24526681409224904,0.0,-0.036139216274023,0.0,0.004300152576497591,-0.0236397553235292,1
1.0,0.4590706448243693,-0.0593948811292648,0.40559026580393875,1.0,-0.0895579382777214,0.20033317990787464,0.22098750509184453,-0.0499432347714901,0.22654522900759425,0.09803011649751109,-0.0428416989743709,0.0,0.0,-0.0249419789761304,1
1.0,0.5419599823839076,-0.0684765428304672,0.38759577114734634,1.0,-0.094703197479248,0.2181210233238045,0.12125537983670823,-0.0536177493631839,0.23977481910465334,0.0025498059348671056,-0.0469626560807228,0.0,0.0,-0.0414163842797279,1
1.0,0.5575746758226413,-0.0632241666316986,0.3255458519193681,1.0,-0.0984846055507659,0.2110599814841012,0.16454901824207163,-0.0484279058873653,0.31712416217348716,0.033300135892951985,-0.0403594151139259,0.0,0.0,-0.0227268375456333,1
1.0,0.5868363532739346,-0.067749947309494,0.32216867980726555,1.0,-0.1058866903185844,0.186619011156523,0.22454079420850462,-0.0329990573227405,0.23862685931601926,0.1167900006972591,-0.0221624951809644,0.0,0.0,0.0009908000938594,1
1.0,0.42745899915420577,-0.0622315816581249,0.3980214835048043,1.0,-0.0957307815551757,0.1939892266535763,0.13918925448804426,-0.0199823286384344,0.23289264329984297,0.005778027919892564,-0.0091490540653467,0.0,0.0,0.0147373126819729,1
1.0,0.3422647812901508,-0.0708939209580421,0.4685685359673674,1.0,-0.1004742830991745,0.23607238089896052,0.1396601142453671,-0.0138958534225821,0.27645487728115986,0.0,-0.0017630431102588,0.0,0.03993994015718866,0.0222760252654552,1
1.0,0.3057727253053111,-0.0663615465164184,0.48303630663757896,1.0,-0.0971868783235549,0.2740760306008032,0.10966593476568769,-0.0280593466013669,0.24497115454851465,0.0,-0.0179675426334142,0.0,0.1059850328328382,-0.0043953484855592,1
1.0,0.3277528126399501,-0.0666988715529441,0.5099968828895329,1.0,-0.0808552131056785,0.2767359655472865,0.11255116649715433,-0.0258638001978397,0.22848837617919757,0.0,-0.0175308175384998,0.0,0.09510179887191851,-0.0090840496122837,1
1.0,0.35973983933603954,-0.0677934661507606,0.4505299397421592,1.0,-0.0981663987040519,0.19298894871777592,0.1444834843683071,-0.0314457528293132,0.21575888391580653,0.0,-0.0213932693004608,0.0,0.05341744255033601,-0.0101582892239093,1
1.0,0.42364977589844055,-0.0637452155351638,0.41613212905011343,1.0,-0.09624645113945,0.1863131463100328,0.13377016832661795,-0.0388728938996791,0.2080525148973832,0.0,-0.029990954324603,0.0,0.004510602193602192,-0.0157956592738628,1
1.0,0.5097182292908646,-0.0609466545283794,0.35365809436305834,1.0,-0.0895735248923301,0.20782167546353397,0.15206548794439884,-0.0253725182265043,0.255975949841036,0.035572999418587534,-0.0154909575358033,0.0,0.0,0.0135216247290372,1
1.0,0.5634033486662676,-0.0652027502655983,0.30093376158436325,1.0,-0.094019241631031,0.19540280262395066,0.16123028282003093,-0.0375587083399295,0.2718890014626472,0.039312918959249196,-0.0289423298090696,0.0,0.0,-0.0129347769543528,1
1.0,0.6251245449381215,-0.0654674991965293,0.31612599169061756,1.0,-0.1001240313053131,0.19179953628250834,0.20674716191418988,-0.0387968756258487,0.36275044503124415,0.08829610983805626,-0.0292857456952333,0.0,0.0,-0.0060396706685423,1
1.0,0.6463955535534909,-0.069369189441204,0.26231522156303616,1.0,-0.1111392229795456,0.22099103983060736,0.175815204097257,-0.0465218760073185,0.35434432494090434,0.06311299542356047,-0.0364166088402271,0.0,0.0,-0.0108966240659356,1
1.0,0.6192210096631083,-0.0703156292438507,0.28411193383203875,1.0,-0.1089972630143165,0.2101890012847683,0.2431741832646517,-0.0348173268139362,0.2866056290438769,0.14849637450666436,-0.024391395971179,0.0,0.0,-0.0037881440948694,1
1.0,0.5031095772785507,-0.0659793317317962,0.3893776322768514,1.0,-0.091820016503334,0.22405703456778847,0.1659951195959607,-0.0030049534980207,0.27718468001700114,0.04150709565207849,0.0090543115511536,0.0,0.0,0.0324307009577751,1
1.0,0.5970800851909971,-0.0645399689674377,0.3333282654094091,1.0,-0.09659194201231,0.19779643231899255,0.24570361063311635,-0.0287355706095695,0.26523598315318997,0.14438412454582145,-0.0176862739026546,0.0,0.0,0.0135867604985833,1
1.0,0.7314737524424195,-0.0697814896702766,0.15599508715099436,1.0,-0.1028179302811622,0.23532114747157226,0.27129276857288087,-0.0294410195201635,0.44466343108238016,0.1988359743330271,-0.0174717474728822,0.0,0.0,0.0176882222294807,1
1.0,0.6092789008874524,-0.0691513121128082,0.19438771246452086,1.0,-0.1077297255396843,0.21015394722652558,0.21726771740713027,-0.0370371527969837,0.3792355345402834,0.1099559810652284,-0.0257372297346591,0.0,0.0,0.0097743971273303,1
1.0,0.6073590251014857,-0.0708337500691413,0.265217316805139,1.0,-0.1046975627541542,0.24133189196267066,0.21536370153915768,-0.0435667373239994,0.32116173043248536,0.11555345111617492,-0.0336581617593765,0.0,0.0,-0.0038966641295701,1
1.0,0.5838907860962168,-0.0705801770091056,0.22427733204304176,1.0,-0.1153614893555641,0.18700594717920604,0.19920791942570248,-0.0304062254726886,0.273914011062079,0.08991089956064531,-0.018008854240179,0.0,0.0,0.0107961632311344,1
1.0,0.5660532861762845,-0.0687727183103561,0.34286556781185873,1.0,-0.1029985025525093,0.2185342985924308,0.21627797546083052,-0.0008285636431537,0.28516689511255416,0.09763467402669204,0.0131109189242124,0.0,0.0,0.040787573903799,1
1.0,0.5507079323803855,-0.0623510554432868,0.3604242923838322,1.0,-0.0903576910495758,0.20760390871538983,0.22223628130854517,-0.0069631864316761,0.2674607846614509,0.10473667833427372,0.004713661968708,0.0,0.0,0.0285937003791332,1
1.0,0.4068300593758989,-0.0672084614634513,0.43252816685236134,1.0,-0.0926182940602302,0.1897387578920242,0.16209916908616906,2.677550401131157e-05,0.23957788565754867,0.03346080405953282,0.0123717607930302,0.0,0.0,0.0338912606239318,1
1.0,0.43075790734334385,-0.0621102526783943,0.40413428909319155,1.0,-0.0819857269525528,0.23087270134285054,0.21149934270139295,-0.0207479316741228,0.38695480715082664,0.06711907190321934,-0.0106150722131133,0.0,0.0,0.0147328497841954,1
1.0,0.4494103650202772,-0.0610995888710022,0.43565336496944107,1.0,-0.0733190849423408,0.20364272049197998,0.22473940048786928,-0.0164741892367601,0.2497047246209409,0.1175219735350263,-0.0074624181725084,0.0,0.0,0.0145370410755276,1
1.0,0.5215327850204058,-0.0660931095480918,0.4308506517628304,1.0,-0.0902734026312828,0.20529129122402234,0.22918438134312505,-0.0192700196057558,0.2532851814725005,0.12167583699065929,-0.0089215701445937,0.0,0.0,0.0120693175122141,1
1.0,0.5511893758579209,-0.0637734979391098,0.40115176173818057,1.0,-0.0892565324902534,0.21211353237401603,0.2242754975561271,-0.0185019578784704,0.274321988927641,0.11276941093533031,-0.007580563891679,0.0,0.0,0.0197889283299446,1
1.0,0.5901642292468335,-0.0645330175757408,0.37247128070411084,1.0,-0.0955852195620536,0.22836799015427672,0.24112037193350075,-0.0180151145905256,0.30721499098828947,0.13623300144046493,-0.0061293020844459,0.0,0.0,0.0266366116702556,1
1.0,0.6127652801257094,-0.0634220838546752,0.202117955693372,1.0,-0.1023373901844024,0.1841624530938249,0.195950271463469,-0.0316746495664119,0.26956746163361717,0.09453803872131154,-0.0206195581704378,0.0,0.0,0.0113419685512781,1
1.0,0.6477414709759943,-0.0641204044222831,0.2062737400189367,1.0,-0.0961899086833,0.20147529042372272,0.2276474449868816,-0.0318122431635856,0.3730279015209136,0.10097054658709786,-0.0214347504079341,0.0,0.0,0.0094105992466211,1
1.0,0.6981294388051317,-0.0650269240140914,0.2791812280234488,1.0,-0.0931050702929496,0.17331740663917158,0.2318968328238954,-0.0610342361032962,0.23628784271313388,0.13584036075108766,-0.054441325366497,0.0,0.0,-0.0357265546917915,1
1.0,0.652416092085019,-0.06279306858778,0.34058427126654106,1.0,-0.0942270383238792,0.2155669649509105,0.19581276322401173,-0.0547544918954372,0.2626838646843367,0.1470237231854703,-0.0477665998041629,0.0,0.0,-0.0331709384918212,1
1.0,0.7405346367366638,-0.0575254373252391,0.4504040528140916,1.0,-0.0861280038952827,0.15907051803544336,0.2493289886555634,-0.046381875872612,0.16699196764478336,0.144060262289806,-0.0414485409855842,0.0,0.0,-0.0509869866073131,1
1.0,0.6445758812990742,-0.0674455314874649,0.3244404946444892,1.0,-0.1046615317463874,0.20504419992263168,0.2466549431337996,-0.0502450130879879,0.2792632733790951,0.1482598783649694,-0.0413720980286598,0.0,0.0,-0.0173432882875204,1
1.0,0.5910892258144339,-0.0597612299025058,0.2992573181149414,1.0,-0.1032178923487663,0.25403555980998604,0.17772812030339627,-0.0106831658631563,0.27780431618600043,0.09184821895680365,0.0020532263442873,0.0,0.0,0.025794930756092,1
1.0,0.5256641277215672,-0.0680708810687065,0.3610279359543725,1.0,-0.1001900061964988,0.2268084352777702,0.17722100938048582,0.0065738125704228,0.29157789099891923,0.04977679309654923,0.0213976800441741,0.0,0.0,0.0542363487184047,1
1.0,0.4840857806110815,-0.0648212432861328,0.39378710306339026,1.0,-0.0941307470202446,0.26618075106935196,0.16305809127342388,0.0023460306692868,0.2708580343356727,0.052607430166036674,0.015617792494595,0.0,0.0,0.0424507148563861,1
1.0,0.47261641178683617,-0.0709736719727516,0.38022632333994644,1.0,-0.0943878591060638,0.21400137926128504,0.2333396036483064,0.0015429650666192,0.35969721460357107,0.10183552879091375,0.0148849748075008,0.0,0.0,0.0470951423048973,1
1.0,0.4082036945202882,-0.0665515065193176,0.4090257936517201,1.0,-0.0893563479185104,0.22463954211026912,0.21185722349125755,-0.0086437780410051,0.2726700101930707,0.09724381881320432,0.0031676366925239,0.0,0.0,0.0345649607479572,1
1.0,0.32056539698746955,-0.0683746859431266,0.4660161555614914,1.0,-0.0853701531887054,0.2374676346630059,0.08477757033532426,-0.0083615528419613,0.2383615777282426,0.0,0.0023164087906479,0.0,0.02520890603625314,0.0176721382886171,1
1.0,0.4248466593722315,-0.0629244595766067,0.3964454091657967,1.0,-0.0900365561246872,0.1960334155234197,0.18284372060029838,-0.0146564980968832,0.24177365163176756,0.060746374122374006,-0.0033881410490721,0.0,0.0,0.0244180187582969,1
1.0,0.5363390594881614,-0.0613902695477008,0.41367965742959945,1.0,-0.09251119941473,0.19443407071061083,0.21925387751517916,-0.0174155514687299,0.2403919459361751,0.10996720531556317,-0.0064498800784349,0.0,0.0,0.0170163717120885,1
1.0,0.550589250443059,-0.0620851404964923,0.4282484627855894,1.0,-0.089362658560276,0.22837556781674462,0.17702522310073854,0.0043849716894328,0.2964176180087563,0.059391835668490406,0.0170068796724081,0.0,0.0,0.0397318378090858,1
1.0,0.6352318632342138,-0.0670821145176887,0.31854240809442147,1.0,-0.0982538983225822,0.14428873150630936,0.21022174566501073,-0.0315987206995487,0.20571853017524439,0.10707806206105716,-0.021209068596363,0.0,0.0,0.0014043413102626,1
1.0,0.6266630332312043,-0.0678460374474525,0.3193544733714408,1.0,-0.0995094403624534,0.2102900495847973,0.24158378505774217,-0.0317367501556873,0.2910069137531747,0.14186660381805327,-0.0214348677545785,0.0,0.0,0.0060549778863787,1
1.0,0.6374218626160431,-0.065908133983612,0.1955638997007788,1.0,-0.1038010045886039,0.22648428258482228,0.20033494834490032,-0.0189789962023496,0.2650051473375268,0.10135727384877953,-0.006149296183139,0.0,0.0,0.0263851042836904,1
1.0,0.6129635919946302,-0.0635911598801612,0.20562616121204758,1.0,-0.1052825003862381,0.16013145491751876,0.22949410632080908,-0.0396358482539653,0.33547621609177203,0.08668709733719426,-0.0298125632107257,0.0,0.0,-0.0028649596497416,1
1.0,0.6073404663746217,-0.067180298268795,0.3695248924704603,1.0,-0.0971014201641082,0.2145911405547041,0.22606863820768847,-0.0138263497501611,0.40617268996885353,0.10198076175224476,-0.0018850351916626,0.0,0.0,0.0239242129027843,1
1.0,0.5617225799399641,-0.0661620274186134,0.3008788753611291,1.0,-0.1022022292017936,0.1451477257460338,0.20949707433852757,-0.0166415683925151,0.3433633167918299,0.0909431806909502,-0.0041764234192669,0.0,0.0,0.0236402042210102,1
1.0,0.5401547653107157,-0.0778234675526619,0.39931659183994767,1.0,-0.1102954074740409,0.21892042859600835,0.2051234525244945,-0.0105652194470167,0.2949015148450329,0.08959680549518893,0.0029629117343574,0.0,0.0,0.0257291067391634,1
1.0,0.5077181531468239,-0.0729142129421234,0.4334472490100694,1.0,-0.0935157686471939,0.22308961936861155,0.2305629713615939,0.0053887199610471,0.2886479249952951,0.1133480939152027,0.0185283552855253,0.0,0.0,0.0432755090296268,1
1.0,0.3830484396885929,-0.0651536211371421,0.4252208823766067,1.0,-0.0786769464612007,0.2659710838338239,0.16208769089297606,-0.0015882884617894,0.2659691623342857,0.1077945323498991,0.0094879893586039,0.0,0.0,0.0352778695523738,1
1.0,0.35985288006256544,-0.0639306902885437,0.4534369321386052,1.0,-0.0803599432110786,0.2200731968261262,0.19716264017460688,-0.0106423497200012,0.2568867445050163,0.07706813786604105,-0.0006583420326933,0.0,0.0,0.0224539656192064,1
1.0,0.32983505872135893,-0.0662433430552482,0.4836111373040917,1.0,-0.0854140371084213,0.2162375525473831,0.13704480124884158,-0.0207627303898334,0.25353265338792197,0.0,-0.0111012514680624,0.0,0.07842787175119109,0.0081805223599076,1
1.0,0.3264343188225128,-0.0579247288405895,0.46974378084196017,1.0,-0.0752398669719696,0.2749813303441849,0.12525711492966526,-0.0233962889760732,0.24744511743691117,0.0,-0.0153204053640365,0.0,0.03529876329843748,-0.0014547331957146,1
1.0,0.438405557498602,-0.0669567584991455,0.44479185407409955,1.0,-0.0924391895532608,0.2667833166303922,0.10372674783140069,-0.0188994519412517,0.2594755904321916,0.06517874477455016,-0.0075108068995177,0.0,0.0,0.0171649549156427,1
1.0,0.6574707380998174,-0.0661881193518638,0.3904216906979764,1.0,-0.1008350700139999,0.14464347301742622,0.22581012104315173,-0.0402451232075691,0.19408340746094047,0.12215436974273139,-0.0317178778350353,0.0,0.0,-0.0233392715454101,1
1.0,0.6982856583371829,-0.0691001713275909,0.2734895550127013,1.0,-0.1187121719121933,0.20064449304884888,0.21864878178630545,-0.0901875272393226,0.27311394734492817,0.11994241672301587,-0.0839901491999626,0.0,0.0,-0.0658295676112175,1
1.0,0.7088680279038911,-0.0670250207185745,0.24598638311038853,1.0,-0.1091220900416374,0.19156143681662796,0.26051807459519855,-0.0544171296060085,0.3616466204085067,0.15137318806870287,-0.0451199188828468,0.0,0.0,-0.0222452916204929,1
1.0,0.6968554513812598,-0.0672721937298774,0.18719421632011182,1.0,-0.1054568737745285,0.2139729490651756,0.25871025707093487,-0.042170975357294,0.38220612004193605,0.1494990228942039,-0.0319348312914371,0.0,0.0,-0.0030395123176276,1
1.0,0.6848299384903075,-0.0693533048033714,0.29728910894260363,1.0,-0.1115262508392334,0.225969809678157,0.21690980591546616,-0.0418757796287536,0.3849023187114413,0.13857941162799742,-0.031040409579873,0.0,0.0,-0.0039030716288834,1
1.0,0.6190029020638349,-0.0674582198262214,0.2976483610706751,1.0,-0.115868255496025,0.2853849116288533,0.17628601132092228,-0.0394957028329372,0.29251782076776445,0.09735725424534586,-0.0279462020844221,0.0,0.0,-0.0062728528864681,1
1.0,0.592013787806525,-0.0661693289875984,0.34785981321947756,1.0,-0.0910442695021629,0.23698310441174206,0.22093411460107665,0.0057742786593735,0.3832837846816613,0.11189864165949204,0.0192002225667238,0.0,0.0,0.0468666665256023,1
1.0,0.5559292672737555,-0.0655152648687362,0.3454196728848472,1.0,-0.094208113849163,0.22351262340125908,0.22248511184772263,-0.0033777435310184,0.368273341707906,0.12338823682050515,0.0096953306347131,0.0,0.0,0.0409565716981887,1
1.0,0.4544333280362874,-0.0590935200452804,0.3825354144020564,1.0,-0.0887869074940681,0.22001478621413934,0.16689317631914713,-0.013681667856872,0.26941023229080324,0.054277541700936745,-0.0026516357902437,0.0,0.0,0.0232839025557041,1
1.0,0.4336193442829277,-0.0599872544407844,0.38709385613035835,1.0,-0.0850293934345245,0.23273755142890967,0.218841797243723,-0.0129654593765735,0.35124194369836775,0.07760367503618405,-0.0016452531563118,0.0,0.0,0.0292033981531858,1
1.0,0.44015619617801,-0.0654028803110122,0.3877492827729166,1.0,-0.0848503410816192,0.22955599407208724,0.22155409710134766,-0.0119048086926341,0.36234264615111006,0.08527994293535417,-0.0005469486350193,0.0,0.0,0.0291248187422752,1
1.0,0.5620910241239959,-0.0592952519655227,0.36937190547551757,1.0,-0.0855385065078735,0.21250181319210468,0.23638120318913058,-0.0119000319391489,0.2766499809181694,0.14046542461121928,-0.0010001696646213,0.0,0.0,0.0285690035670995,1
1.0,0.6208993997498776,-0.0589347295463085,0.2777889577930885,1.0,-0.0934363156557083,0.16459718699046344,0.21463873581297102,-0.0310480017215013,0.2534059328222301,0.09917231488496271,-0.0207238588482141,0.0,0.0,0.0081224767491221,1
1.0,0.6603532690007198,-0.0623711012303829,0.22072245394240683,1.0,-0.0891436859965324,0.24958664148404502,0.21714820928199274,-0.0400028079748153,0.3452684191895095,0.13551649672635835,-0.0311434790492057,0.0,0.0,-0.0004766650381498,1
1.0,0.6149872642679924,-0.0616832859814167,0.2836904604656181,1.0,-0.092608518898487,0.2738281655687835,0.2196881895252161,-0.0230792108923196,0.3695703685479407,0.10831436841002295,-0.0129024647176265,0.0,0.0,0.0102496528998017,1
1.0,0.6002891447380383,-0.0597290955483913,0.43271399048626424,1.0,-0.0822401344776153,0.2533210426710964,0.1817531284607506,-0.008117763325572,0.4173386582269726,0.06602016936659641,0.0020382951479405,0.0,0.0,0.0239196550101041,1
1.0,0.5339982513620396,-0.0618659146130085,0.376322540953775,1.0,-0.0892095491290092,0.23727688431237842,0.23652693120260865,-0.0097696697339415,0.3142804011171613,0.1372182966026018,0.001773836906068,0.0,0.0,0.0316050387918949,1
1.0,0.5013881750961515,-0.0622059777379035,0.3378958566067878,1.0,-0.0861742123961448,0.23749655143286266,0.23671070568377472,-0.0086470302194356,0.31039919896917173,0.1383151313583322,0.002796490676701,0.0,0.0,0.0330097787082195,1
1.0,0.4706177170780604,-0.062584675848484,0.42577171783747947,1.0,-0.0843909010291099,0.23753209752816415,0.22507877752214703,-0.0121517572551965,0.3016655439981367,0.11608087825607094,-0.0009457654086872,0.0,0.0,0.0298612155020236,1
1.0,0.33748303469591234,-0.0641847625374794,0.43747051608642323,1.0,-0.0865905061364173,0.2285930600186107,0.1278282633330438,-0.0244912337511777,0.27689094790666524,0.0,-0.0141219776123762,0.0,0.017047300961392384,0.0121335173025727,1
1.0,0.3155429351062279,-0.0639394074678421,0.5034357859947103,1.0,-0.0605905391275882,0.2731363472291987,0.13953499918409884,-0.0021826799493283,0.2961513533904489,0.0,0.0070527293719351,0.0,0.05676719739414719,0.0337496884167194,1
1.0,0.2767650108917615,-0.0673574432730674,0.532156576055152,1.0,-0.0868673995137214,0.24362408294200769,0.15904621968626081,-0.0239315815269947,0.2692537574399452,0.0,-0.0144056985154747,0.0,0.09354902772658014,0.0058168908581137,1
1.0,0.4254638681146572,-0.0663139745593071,0.39976309841887386,1.0,-0.0901817604899406,0.2128779681751412,0.19501056135604408,-0.0091891726478934,0.26114306011261146,0.0836697733073348,0.0029453772585839,0.0,0.0,0.0274393986910581,1
1.0,0.5596223674655048,-0.0619425289332866,0.35352603633562574,1.0,-0.0887085348367691,0.19843873402280005,0.17671641078618894,-0.0245059169828891,0.2604834959090076,0.06306286033801453,-0.0143722929060459,0.0,0.0,0.0124920178204774,1
1.0,0.6489023904538032,-0.0645597353577613,0.2620155055799425,1.0,-0.0906797125935554,0.18506104195562864,0.2505501714160763,-0.0205939896404743,0.33657483629457524,0.13338497942226138,-0.0096573717892169,0.0,0.0,0.0220002494752407,1
1.0,0.6328567027826089,-0.0685339644551277,0.236964427484826,1.0,-0.1053919270634651,0.18709300213961264,0.21692427018435986,-0.0367328561842441,0.3626349480928578,0.08596399341530406,-0.0258510075509548,0.0,0.0,0.0068627879954874,1
1.0,0.6198938502649131,-0.0641298219561576,0.1766550012144549,1.0,-0.101435974240303,0.19412894614282436,0.2297634386118124,-0.0464614629745483,0.3965869360305374,0.132232065707055,-0.0373654328286647,0.0,0.0,-0.0111055467277765,1
1.0,0.6489519746167376,-0.0655212327837944,0.36774382378690296,1.0,-0.1041619554162025,0.22142986650365976,0.1960932329289321,-0.0468062423169612,0.2572625220810301,0.13600220711674435,-0.0386807285249233,0.0,0.0,-0.0268141515552997,1
1.0,0.6352742433287307,-0.0580099485814571,0.2705292462439489,1.0,-0.0906817689538002,0.30761545684347935,0.2024162120778025,-0.0237298551946878,0.4276825612882106,0.10677448399812065,-0.0140578607097268,0.0,0.0,0.0108187021687626,1
1.0,0.5270738617775756,-0.0602051690220832,0.33748206164151706,1.0,-0.0892547592520713,0.26019277179974454,0.19243194193576943,-0.0083472114056348,0.2787727376374686,0.07932545669999592,0.0032553509809076,0.0,0.0,0.0304567608982324,1
1.0,0.23357648377829163,-0.0666597709059715,0.5504379211425755,1.0,-0.0881944000720977,0.25496426852810766,0.18422535211267604,-0.02066639252007,0.40147954584928897,0.0,-0.0094509664922952,0.0,0.14076799103076168,0.0146651528775691,1
1.0,0.16933514236892766,-0.0706549882888794,0.5940078370754083,1.0,-0.093158833682537,0.2807154857014063,0.17279192188048806,-0.0085162427276372,0.3136257487593996,0.0,0.0040937610901892,0.0,0.14653262414395615,0.0330539532005786,1
1.0,0.20378338245204686,-0.0759638473391532,0.6204232941652749,1.0,-0.0934687703847885,0.25525409018604905,0.18371832682322414,0.0013687649043276,0.27566481409421595,0.0,0.0142230223864316,0.0,0.1905424881242528,0.044234249740839,1
1.0,0.22523848007989922,-0.0764949768781662,0.6044383252678001,1.0,-0.0936134159564971,0.29241482158534676,0.21398342020842964,0.0006802954012528,0.23323098385937385,0.0,0.0133256828412413,0.0,0.15370927840145118,0.0397594310343265,1
1.0,0.13849050013302258,-0.0722773522138595,0.6573419107089592,1.0,-0.0968544483184814,0.27644085919376793,0.2027954934570957,-0.0094368988648056,0.292045760140294,0.0,0.0027180528268218,0.0,0.26105194469803167,0.0347081795334816,1
1.0,0.0,0.0346307978034019,0.16643694144243046,0.2584506539222317,-0.1574760377407074,0.41872097940198255,0.8125273844468135,-0.0830834582448005,0.5757676481829365,0.8944676574801795,-0.079819232225418,0.0,1.0,-0.1585346162319183,0
1.0,0.0,0.0394870452582836,0.1854490628204695,0.2727938917802012,-0.1209713742136955,0.41868791761222796,0.8171217997591188,-0.0698446556925773,0.5905001981669292,0.9014397630965396,-0.0690103024244308,0.0,1.0,-0.1440933048725128,0
1.0,0.0,0.0463899038732051,0.1493764985258509,0.2690979147939526,-0.1205496415495872,0.40022777071498583,0.8140069252740586,-0.0644818022847175,0.568926192485027,0.8975357300526037,-0.0632319077849388,0.0,1.0,-0.140304610133171,0
1.0,0.0,0.0368598438799381,0.1807225503725614,0.271599554646268,-0.1567636132240295,0.4307059401443619,0.8217510654635302,-0.0925836637616157,0.5960501421944453,0.9010860621535604,-0.0902629047632217,0.0,1.0,-0.1730025112628936,0
1.0,0.0,0.0339124277234077,0.1875975381399294,0.2655178932867619,-0.1588167250156402,0.40973713374460674,0.8188110539251006,-0.1102123111486435,0.5792910842781166,0.8975334071037272,-0.1098231449723243,0.0,1.0,-0.1952576637268066,0
1.0,0.0,0.0261120796203613,0.2257996111268775,0.27456141150633656,-0.1629354655742645,0.4173739564727963,0.8290162537861491,-0.1164402291178703,0.5763150315392349,0.9064879720470369,-0.1159507483243942,0.0,1.0,-0.197903499007225,0
1.0,0.0,0.0361197851598262,0.23207486687976622,0.2895028389419749,-0.1041240021586418,0.42099355576479197,0.8245856256124876,-0.0095350909978151,0.5861380109390214,0.9008606356019293,-0.0049353330396115,0.0,1.0,-0.0746583268046379,0
1.0,0.0,0.0315452441573143,0.24243760218935798,0.2820260369001089,-0.1371142566204071,0.4178040451313425,0.8277745289470819,-0.0677001848816871,0.5755931478792405,0.9040224929214032,-0.0654230862855911,0.0,1.0,-0.1426710486412048,0
1.0,0.0,0.0217473544180393,0.25193692024200776,0.27459486547316175,-0.1632873862981796,0.40088846200024136,0.8266328916329528,-0.0689132064580917,0.574784801140072,0.9012163202732261,-0.0646713823080062,0.0,1.0,-0.1465450376272201,0
1.0,0.0,0.0296062119305133,0.2366016579937178,0.295614451908188,-0.1349112540483474,0.43472331129104563,0.8216298687079295,-0.0598504580557346,0.6028373329531489,0.8982423705796356,-0.0574659667909145,0.0,1.0,-0.1390846222639084,0
1.0,0.0,0.0447751395404338,0.23987328255143447,0.30960061730973426,-0.0887767001986503,0.434154725462478,0.8302802735684588,-0.006824601907283,0.6160807086413977,0.9151537668424651,-0.0033952996600419,0.0,1.0,-0.074694700539112,0
1.0,0.0,0.042212139815092,0.25152575781208864,0.28755979344245886,-0.1028383821249008,0.4473204980582167,0.8103431491629804,-0.0225332044064998,0.6191710488013996,0.8948459302948671,-0.0189286358654499,0.0,1.0,-0.0867417603731155,0
1.0,0.0,0.0399748459458351,0.2660092764224951,0.2545949268290467,-0.1496054530143737,0.4522690410777552,0.796911607488761,-0.0898172482848167,0.6192529211214458,0.8860669007803921,-0.0875510945916175,0.0,1.0,-0.1567326188087463,0
1.0,0.0,0.0478717312216758,0.19006740518434048,0.2945120358003552,-0.100892074406147,0.4511668672071796,0.821023424350661,-0.0465701706707477,0.6363527270116821,0.9031242636093825,-0.0450724959373474,0.0,1.0,-0.1172706931829452,0
1.0,0.0,0.0374663025140762,0.19605283920325287,0.2855494581505926,-0.1283423602581024,0.4487131390545478,0.8165328455995859,-0.054467212408781,0.6188490199500283,0.8953329889109637,-0.0513047128915786,0.0,1.0,-0.12677663564682,0
1.0,0.0,0.0337203554809093,0.21220694898189812,0.2725624436715186,-0.141321524977684,0.40298136390720996,0.8052447866180987,-0.057193849235773,0.5985802050586616,0.8832283783718083,-0.0530436709523201,0.0,1.0,-0.1304458677768707,0
1.0,0.0,0.0332714766263961,0.17687239522992632,0.2645777786056282,-0.1532488614320755,0.40349141796123716,0.8119484077777718,-0.0734137520194053,0.5840088028370259,0.8917617511872263,-0.0695570632815361,0.0,1.0,-0.148692175745964,0
1.0,0.0,0.0416422821581363,0.15962837225347926,0.2581860920237685,-0.1485396325588226,0.4038033000195795,0.8090917340417976,-0.0942953005433082,0.5888256824277631,0.8923239910130049,-0.0930700823664665,0.0,1.0,-0.1780586838722229,0
1.0,0.0,0.0347928926348686,0.1922462618289775,0.26188190803799316,-0.1617609858512878,0.4159460522431127,0.8114120649831041,-0.1161900237202644,0.590794287663644,0.8947465559726793,-0.1159707382321357,0.0,1.0,-0.2000661343336105,0
1.0,0.0,0.0371288396418094,0.1954851042669026,0.2698894096877957,-0.15367092192173,0.42481309024840214,0.8094308863194066,-0.1148627027869224,0.5850399006305311,0.8952930239659146,-0.1153096854686737,0.0,1.0,-0.1986797899007797,0
1.0,0.0,0.0318148732185363,0.1756389426497131,0.24311119077633267,-0.172746792435646,0.4306588919712912,0.8274750047859336,-0.1321879178285598,0.6052944142935103,0.9075515706891386,-0.1325736343860626,0.0,1.0,-0.2197934687137603,0
1.0,0.0,0.0404849201440811,0.21172390361791202,0.2632665102234091,-0.1352861523628235,0.44013108063599193,0.8298210959180445,-0.0861500948667526,0.6091259801695856,0.9069974141339845,-0.0856312662363052,0.0,1.0,-0.1668551862239837,0
1.0,0.0,0.0256369654089212,0.2141606045548565,0.2813189112748236,-0.171216994524002,0.4098195971574453,0.818658730936682,-0.1110104471445083,0.607483425077903,0.9053910905864903,-0.1092109158635139,0.0,1.0,-0.191163033246994,0
1.0,0.0,0.0337468422949314,0.22471766785106606,0.2694122192071206,-0.163616269826889,0.4008324400616389,0.8099956269575349,-0.0712054818868637,0.5760491398873757,0.8908836139017978,-0.0665615275502204,0.0,1.0,-0.1465092152357101,0
1.0,0.0,0.0344311036169528,0.22773085397077275,0.2754809182366855,-0.1515754610300064,0.41955091312771975,0.8125517517563379,-0.0799868628382682,0.6021137501102717,0.8905456548790325,-0.0775166973471641,0.0,1.0,-0.1579926162958145,0
1.0,0.0,0.0451116375625133,0.15760738540836425,0.26093134280123215,-0.1464603990316391,0.4111886536410651,0.8066200215163792,-0.0851932615041732,0.5935983020888052,0.8900159623817688,-0.0826206058263778,0.0,1.0,-0.1613171994686126,0
1.0,0.0,0.045295488089323,0.2148407539844926,0.25370023460419716,-0.1247400939464569,0.45116311587155095,0.8235407077601614,-0.0898938998579979,0.613801938218016,0.9028919963010467,-0.090459443628788,0.0,1.0,-0.1716640889644622,0
1.0,0.0,0.0453977100551128,0.1467347069226353,0.2688419723776686,-0.1424541771411895,0.43807022777150467,0.8043373323176616,-0.0656287595629692,0.6227473206485845,0.8799898701967558,-0.0619673766195774,0.0,1.0,-0.1406956762075424,0
1.0,0.0,0.0483732111752033,0.24098968421232264,0.28379513568773723,-0.0991531834006309,0.4444566506540158,0.8098509323661413,-0.0417060032486915,0.6389186341180385,0.8925042640440488,-0.0400059446692466,0.0,1.0,-0.1102375760674476,0
1.0,0.0,0.0335351638495922,0.2600672396834337,0.2748093586886482,-0.1404913365840912,0.4537244859769753,0.8101678771917011,-0.0794145092368125,0.6424763348574187,0.8991348590561484,-0.0782531350851059,0.0,1.0,-0.1529211401939392,0
1.0,0.0,0.0394549705088138,0.267625476901569,0.2771543450093752,-0.1324450969696045,0.42474527614638063,0.8008516109194259,-0.0643791928887367,0.5917644032618795,0.8923487594043188,-0.0619483776390552,0.0,1.0,-0.1345113813877105,0
1.0,0.0,0.0321685336530208,0.2296399897819483,0.2937535902746771,-0.1143223717808723,0.39573621370217504,0.8263956775174206,-0.018716862425208,0.5712263915491607,0.8981919694401077,-0.0141206914559006,0.0,1.0,-0.0879856124520301,0
1.0,0.0,0.0379649475216865,0.26035948649353396,0.25996927648803686,-0.1475615352392196,0.4278844280792263,0.799353437334551,-0.0747360214591026,0.5978368475154339,0.8850479210635104,-0.0716705545783042,0.0,1.0,-0.1455519795417785,0
1.0,0.0,0.0295937117189168,0.20348918785077502,0.28354900591920895,-0.1404537260532379,0.406740054473423,0.8180170792584953,-0.0735564082860946,0.5886616870254205,0.8949343150179709,-0.0711307078599929,0.0,1.0,-0.1473768353462219,0
1.0,0.0,0.0430992804467678,0.19020836482819264,0.2609310260125092,-0.1384377777576446,0.4299940044077379,0.8069492103856951,-0.0872110351920127,0.596565543752912,0.8899403094758457,-0.0857966244220733,0.0,1.0,-0.1642593890428543,0
1.0,0.0,0.0346514210104942,0.18110692158441508,0.27373589854734187,-0.1346980184316635,0.43341078315063286,0.8161023862714367,-0.0885372832417488,0.6072477532048828,0.89838462649906,-0.0880615338683128,0.0,1.0,-0.1628221720457077,0
1.0,0.0,0.036402154713869,0.18237595824930253,0.24730365871831264,-0.151118978857994,0.4174050133387723,0.8109890578456674,-0.1053821593523025,0.5739681693087675,0.8966641430859177,-0.1054477170109748,0.0,1.0,-0.187236338853836,0
1.0,0.0,0.0342459194362163,0.18916054715015418,0.267766393338389,-0.1534312665462494,0.44395422700067066,0.8133894807426196,-0.110712245106697,0.6133748518451344,0.895127661931911,-0.1107742488384246,0.0,1.0,-0.195705845952034,0
1.0,0.0,0.038877073675394,0.2084370542480769,0.28813628913212797,-0.1141384020447731,0.44199139904722173,0.8107702217283583,-0.0604331493377685,0.6247403877018722,0.8897775547423455,-0.0596267990767955,0.0,1.0,-0.1355726718902588,0
1.0,0.0,0.0300130732357502,0.206371582874007,0.2714404300681796,-0.1659936606884002,0.45127108735593785,0.8238235563184635,-0.0950162857770919,0.6498858638160481,0.9024032028885122,-0.0923573598265647,0.0,1.0,-0.1742595583200454,0
1.0,0.0,0.036450732499361,0.2759583742423056,0.27322680271885863,-0.1259693503379821,0.4118183260148919,0.8031171193944635,-0.0512695647776126,0.5908871876110565,0.8828399712731474,-0.0483747608959674,0.0,1.0,-0.1197110638022422,0
1.0,0.0,0.0328216105699539,0.19686122032729547,0.2897618608886048,-0.1284053474664688,0.3883886753028802,0.8147711284780562,-0.0578558295965194,0.5647196761523778,0.8930333741613106,-0.0557375736534595,0.0,1.0,-0.1338188648223877,0
1.0,0.0,0.0289518181234598,0.21593168461523987,0.2881585742678934,-0.1419654339551925,0.4117958817589393,0.821779791579361,-0.0813464298844337,0.5949288224607002,0.8992793699040323,-0.080464169383049,0.0,1.0,-0.1624276340007782,0
1.0,0.0,0.0328601039946079,0.22427131286772853,0.2939616639804868,-0.126679241657257,0.41238521946776296,0.8176097523496421,-0.0515200942754745,0.5937641039527994,0.8988633905383737,-0.0486929602921009,0.0,1.0,-0.122802048921585,0
1.0,0.0,0.0453991740942001,0.2330155595126093,0.24925797527830876,-0.1438646614551544,0.44782489522017427,0.8047138260823244,-0.0784264281392097,0.6209118372044202,0.891608292544167,-0.0756598562002182,0.0,1.0,-0.151441752910614,0
1.0,0.0,0.030222151428461,0.21672473941108564,0.26481416933418006,-0.166163295507431,0.42347531354534834,0.8183331656071031,-0.1151787340641021,0.6094367945954894,0.8984769791861742,-0.1138026863336563,0.0,1.0,-0.1917781680822372,0
1.0,0.0,0.037012692540884,0.20480641364043561,0.26431492705846277,-0.1341749876737594,0.4245210058375219,0.8134913102027245,-0.0951297506690025,0.5923828980301887,0.9037540672849916,-0.0951016917824745,0.0,1.0,-0.1716166883707046,0
1.0,0.0,0.0367467142641544,0.18607142558231016,0.26757680121657557,-0.1425638347864151,0.4163622249562692,0.8073930389245024,-0.0875374600291252,0.6029682543668031,0.8928354135318464,-0.0859507098793983,0.0,1.0,-0.1630261242389679,0
1.0,0.0,0.0304211881011724,0.19425342930870568,0.28308269127493274,-0.1310426741838455,0.41708434062202693,0.8178170903190675,-0.0500334054231643,0.5874192584544343,0.8998071566033387,-0.0463764145970344,0.0,1.0,-0.121625930070877,0
1.0,0.0,0.0310753062367439,0.1630893905138481,0.24482254406112447,-0.1799978613853454,0.39303057375101647,0.8138015722800919,-0.1069923788309097,0.580843215861066,0.8974609366269023,-0.1036968901753425,0.0,1.0,-0.1905141472816467,0
1.0,0.0,0.0297089871019125,0.19046239475118307,0.22616628309908385,-0.1939622908830642,0.39971718250882377,0.8041810865423522,-0.1492614299058914,0.5733160727786549,0.887000812443669,-0.1489205807447433,0.0,1.0,-0.2389771044254303,0
1.0,0.0,0.0472116880118846,0.20954707399767808,0.24443851989551382,-0.1370790302753448,0.40573594773891697,0.7998633623292634,-0.0933203920722007,0.5772346021883564,0.8842591017784982,-0.0929199308156967,0.0,1.0,-0.1748942583799362,0
1.0,0.0,0.0337247066199779,0.20111112800782857,0.2510599428996162,-0.1628832072019577,0.41829508761791795,0.8105186703786899,-0.1242613494396209,0.5908453595705531,0.8916597581617672,-0.1245835572481155,0.0,1.0,-0.2098598033189773,0
1.0,0.0,0.0351559780538082,0.21976084674251115,0.24386505653746077,-0.1698605418205261,0.43206383582808927,0.8151855799740952,-0.1372230499982834,0.6093544006532357,0.8967583450452239,-0.1383024603128433,0.0,1.0,-0.2278373688459396,0
1.0,0.0,0.0391194410622119,0.19557319751783042,0.27488294826272935,-0.129592016339302,0.4201758298843059,0.8260963838598834,-0.0897292867302894,0.6120054431601936,0.9060766656433128,-0.0898706018924713,0.0,1.0,-0.1709558665752411,0
1.0,0.0,0.0344888679683208,0.2004782410885275,0.28563869534747494,-0.131850928068161,0.40082422523885813,0.8107452543558488,-0.0827014446258544,0.5660152571603906,0.8904014093417721,-0.082034908235073,0.0,1.0,-0.1599356085062027,0
1.0,0.0,0.0351643413305282,0.1972764665514216,0.2677211160626084,-0.1576949805021286,0.4291948626180321,0.8160807975639052,-0.1029048040509224,0.6149775880191457,0.8959951113235675,-0.1013829484581947,0.0,1.0,-0.1808239072561264,0
1.0,0.0,0.0409636609256267,0.2514197579199413,0.27624048691896663,-0.1238328069448471,0.44438010772850894,0.8229547128203955,-0.0735978409647941,0.6168147555914559,0.9033674253796141,-0.0727419853210449,0.0,1.0,-0.1478625684976577,0
1.0,0.0,0.0431417934596538,0.24735777182452215,0.30368833774747905,-0.0970815196633338,0.3968845085532664,0.8194110644660795,-0.0170382820069789,0.5718865894524615,0.8980558863459431,-0.0136074088513851,0.0,1.0,-0.0826486572623252,0
1.0,0.0,0.0344745144248008,0.2512133586281487,0.2979187576958779,-0.1284488588571548,0.41232782659805634,0.8298517310832674,-0.0680968463420867,0.5846376188010627,0.9098262800369554,-0.0670694634318351,0.0,1.0,-0.1455138176679611,0
1.0,0.0,0.0320276245474815,0.2034187461316035,0.3067702144855509,-0.1079120486974716,0.4047052268778545,0.8174535646063087,-0.0401598215103149,0.5884769697534594,0.8982348217416816,-0.0385701470077037,0.0,1.0,-0.1129267364740371,0
1.0,0.0,0.0370639190077781,0.20813563824575146,0.2587225414349275,-0.150705948472023,0.42379875057430405,0.8079682289731832,-0.0881449952721595,0.6125735164430797,0.8872139143041354,-0.0856381505727768,0.0,1.0,-0.1639618575572967,0
1.0,0.0,0.03787761926651,0.18206672486529024,0.2544138059308791,-0.143864557147026,0.42997028429884276,0.8055191686893645,-0.0912062898278236,0.617542584620942,0.8825317227649551,-0.0899152234196662,0.0,1.0,-0.1677019447088241,0
1.0,0.0,0.0345281101763248,0.1529690672609793,0.25676215612875214,-0.1796597689390182,0.4030417413594901,0.8107049246493424,-0.115516148507595,0.5798743398769385,0.889948130154843,-0.1133883744478225,0.0,1.0,-0.2005737423896789,0
1.0,0.0,0.0379927940666675,0.1648243208825348,0.26726349706025593,-0.1677917838096618,0.41319732690243943,0.8042696871095932,-0.0948406681418418,0.5734638267580429,0.8848353937421914,-0.0918329879641532,0.0,1.0,-0.1783086210489273,0
1.0,0.0,0.0392472147941589,0.18209927980789373,0.2602559881757267,-0.1484021544456482,0.4172816757175461,0.808279677007907,-0.0813935026526451,0.5870252219220989,0.8902085160639973,-0.0790402889251709,0.0,1.0,-0.1614613384008407,0
1.0,0.0,0.0371536463499069,0.16860930130003976,0.2587484105934294,-0.1612986624240875,0.40517766892490736,0.8066122858275339,-0.1147177070379257,0.5675959031737844,0.893699026271763,-0.1145420148968696,0.0,1.0,-0.2021984159946441,0
1.0,0.0,0.0403779633343219,0.20428742296506505,0.26815874043862953,-0.1266818940639495,0.4312619322527886,0.8126714137727883,-0.0834937021136283,0.5979310173275485,0.8997810097654947,-0.0835804939270019,0.0,1.0,-0.1637587398290634,0
1.0,0.0,0.0369610749185085,0.19525255543292255,0.2590375890936526,-0.147306427359581,0.40094330993859645,0.8069930873101359,-0.0854439213871955,0.5663751979202871,0.8927557693057983,-0.0839552581310272,0.0,1.0,-0.1671754270792007,0
1.0,0.0,0.0386764518916606,0.15686257584111843,0.26113836393830886,-0.1469748616218567,0.41790276583370534,0.8200562353486516,-0.1074099019169807,0.6061387200533468,0.904302166701807,-0.1077871993184089,0.0,1.0,-0.1933416277170181,0
1.0,0.0,0.0317881777882576,0.2021003888330262,0.2386895109327519,-0.1759630888700485,0.4206139764110841,0.817937081363329,-0.1246988847851753,0.6001266620346195,0.8992450676177359,-0.1235276833176612,0.0,1.0,-0.2077386826276779,0
1.0,0.0,0.0341067314147949,0.2042824832019014,0.2860631263240893,-0.1379407048225402,0.4387536664153592,0.8203662804555536,-0.0805630311369896,0.6331669574118005,0.9007186266372716,-0.0795131996273994,0.0,1.0,-0.1618398874998092,0
1.0,0.0,0.0392906554043293,0.22814331779512304,0.28320164209657356,-0.1106401979923248,0.4301224320749209,0.8283636485333244,-0.0380130745470523,0.6029483858152908,0.9126618809368433,-0.0349914878606796,0.0,1.0,-0.1098568513989448,0
1.0,0.0,0.037122469395399,0.2733058383564549,0.29531282341766624,-0.1126874834299087,0.43088922857042206,0.808441890862286,-0.0575286485254764,0.6128730755385505,0.8943161374307069,-0.0568015836179256,0.0,1.0,-0.1296684294939041,0
1.0,0.0,0.0457993149757385,0.2790650078203607,0.30534902656273216,-0.1075116321444511,0.3944000393275386,0.8314776663754018,-0.0527568534016609,0.5731667798671086,0.9098206298935215,-0.0520588494837284,0.0,1.0,-0.1263832449913025,0
1.0,0.0,0.031810026615858,0.2355916143424622,0.29644315709380376,-0.1003201082348823,0.4231519013110956,0.8232813288368077,-0.0050379382446408,0.6019178850185612,0.8996585103057068,-0.0004492065345402,0.0,1.0,-0.0725702494382858,0
1.0,0.0,0.0294683203101158,0.24000076483682733,0.2948871909846303,-0.1130217090249061,0.40290295830834133,0.8069125670343422,-0.0227526798844337,0.5669453624722742,0.8898726800589145,-0.0190781690180301,0.0,1.0,-0.0926322415471077,0
1.0,0.0,0.0250216294080019,0.22530186498366267,0.3064019069713329,-0.1318477690219879,0.402430318083103,0.8196974840550316,-0.0538191013038158,0.5719786504765432,0.9006940597721428,-0.0513257719576358,0.0,1.0,-0.1295454204082489,0
1.0,0.0,0.0218679402023553,0.2320706976083738,0.2803409034592129,-0.1534232050180435,0.4108756145710274,0.8230819368336091,-0.0493912361562252,0.5819220961580556,0.8998369865341312,-0.0441969446837902,0.0,1.0,-0.1255680471658706,0
1.0,0.0,0.0433238856494426,0.24639660847550776,0.3002343392713107,-0.1067377254366874,0.4316904345958614,0.813397613821542,-0.0299721155315637,0.6067295659823333,0.8941825576052207,-0.027133259922266,0.0,1.0,-0.1028826534748077,0
1.0,0.0,0.0318474993109703,0.23211400075418326,0.2816036021662633,-0.1455186456441879,0.44671360987416003,0.8213770042811176,-0.0948029905557632,0.6348990470340835,0.9000296930535978,-0.0938274934887886,0.0,1.0,-0.169200599193573,0
1.0,0.0,0.0423949807882308,0.2124614236939773,0.292804783215418,-0.0971898511052131,0.4377222877413244,0.8139126647735114,-0.0269533712416887,0.6177594943369829,0.8996549571410016,-0.0239327028393745,0.0,1.0,-0.0930368676781654,0
1.0,0.0,0.0430560819804668,0.18968152377568243,0.259691250849584,-0.1317927092313766,0.43747274357152144,0.8147782557990355,-0.0748099833726883,0.6217918174182715,0.8948198349176701,-0.0731071457266807,0.0,1.0,-0.1518308371305465,0
1.0,0.0,0.0384300127625465,0.1689109041384773,0.2578207596339303,-0.1590096801519394,0.41064713118355217,0.8107939411681913,-0.0980953201651573,0.6028644231614098,0.892590104279793,-0.0962599515914917,0.0,1.0,-0.1815070509910583,0
1.0,0.0,0.0357211902737617,0.18312909332116808,0.24682984253374513,-0.2054614275693893,0.4210207281326852,0.8025622711470589,-0.1225036531686782,0.6170292647883927,0.8873894727095968,-0.1184514909982681,0.0,1.0,-0.2119183838367462,0
1.0,0.0,0.0371247380971908,0.15778743158257924,0.2587597295342419,-0.172493115067482,0.41593505115296747,0.8089678147187209,-0.0920345857739448,0.588125820094203,0.890427586715655,-0.0882976949214935,0.0,1.0,-0.1771266907453537,0
1.0,0.0,0.0348005481064319,0.19444581831690733,0.24451114875611868,-0.1973559111356735,0.40565507887676583,0.8082585661655037,-0.1217194274067878,0.5770286326012242,0.8876272307694001,-0.1180536299943924,0.0,1.0,-0.2076375633478164,0
1.0,0.0,0.0452926307916641,0.20325747595803095,0.2794437074317032,-0.1090989485383033,0.40914241600445395,0.8155264130451834,-0.0426902994513511,0.5708592604397458,0.8912404534574998,-0.0403397604823112,0.0,1.0,-0.1156467050313949,0
1.0,0.0,0.0371363945305347,0.19988773630552786,0.2570612049637199,-0.1464583128690719,0.44214493688615797,0.8278494678649764,-0.1103964000940322,0.6212936003327573,0.9086107538331972,-0.1111497953534126,0.0,1.0,-0.196341723203659,0
1.0,0.0,0.0333446003496646,0.1913767720770025,0.28059812268351847,-0.1305256634950637,0.4145674052072174,0.81410800850074,-0.0560853146016597,0.6196142546445306,0.897338008256567,-0.0536048524081707,0.0,1.0,-0.1331323683261871,0
1.0,0.0,0.0381062887609005,0.25525887295561084,0.2703140846197271,-0.1415463984012603,0.4459308281145644,0.8197000259684882,-0.1015306189656257,0.616644072097122,0.8981664280634882,-0.1021684259176254,0.0,1.0,-0.1812663376331329,0
1.0,0.0,0.0220490582287311,0.2555314569146666,0.27425390320432325,-0.1582307964563369,0.41841427303703266,0.8191592094818456,-0.0813863202929496,0.5842018908846749,0.9000152500770221,-0.0787161141633987,0.0,1.0,-0.159923642873764,0
1.0,0.0,0.0321076922118663,0.2583468188399625,0.29714023319937904,-0.1151039376854896,0.4105485052380547,0.8289476334957835,-0.0444755665957927,0.5924718933651307,0.9101025327498677,-0.0423982851207256,0.0,1.0,-0.1159838065505027,0
1.0,0.0,0.0435084961354732,0.24809696803711945,0.29884275881672906,-0.0988660305738449,0.41417829295012387,0.8026783663152439,-0.0234719924628734,0.5928468149890446,0.8874583332512097,-0.0205359924584627,0.0,1.0,-0.0941778421401977,0
1.0,0.0,0.0396573208272457,0.20531214251729982,0.2991912353129346,-0.1258573085069656,0.4349282125778604,0.812720299250474,-0.0552442334592342,0.6257377175712416,0.887347663263515,-0.052312858402729,0.0,1.0,-0.1267095059156417,0
1.0,0.0,0.0385867618024349,0.1849046928876773,0.2941891266387526,-0.1123290807008743,0.4038332138615208,0.8200892292142923,-0.0331830233335495,0.5688246589821001,0.9008033018880441,-0.0298149324953556,0.0,1.0,-0.102280706167221,0
1.0,0.0,0.0291861873120069,0.18203453412037293,0.27137524297336924,-0.1676725447177887,0.4004534672036189,0.8103988764845639,-0.0805205479264259,0.5815435538147493,0.888875903510109,-0.0761475563049316,0.0,1.0,-0.1577090620994568,0
1.0,0.0,0.0360624603927135,0.18032733877522894,0.2579398708747819,-0.1734605282545089,0.4147328093623512,0.8064651278783012,-0.1023189350962638,0.6009406055956894,0.8859326664634657,-0.099387414753437,0.0,1.0,-0.1849266737699508,0
1.0,0.0,0.0355914011597633,0.17530700549080414,0.265096004891288,-0.1702641099691391,0.41400020476013455,0.8022667867957494,-0.0927705094218254,0.5825986216409916,0.8817718223054761,-0.0892171561717987,0.0,1.0,-0.1720649152994156,0
1.0,0.0,0.0390350222587585,0.1883710070243781,0.27407607104383613,-0.1402433514595031,0.4217973352639528,0.8098431621688811,-0.0804311335086822,0.5755363976084547,0.8878291854266225,-0.0787719041109085,0.0,1.0,-0.1592272371053695,0
1.0,0.0,0.0359565280377864,0.1807255387373111,0.25522875882170587,-0.1640022546052932,0.3969764143350019,0.8194669093653734,-0.1291569769382476,0.5705122627184639,0.9026153710806053,-0.1299660503864288,0.0,1.0,-0.2164668142795562,0
1.0,0.0,0.0438209064304828,0.17594067118159643,0.27578593363214854,-0.1301500052213668,0.4063115303892492,0.8142615349839846,-0.1015278473496437,0.565785317091112,0.8982385339309634,-0.1029506400227546,0.0,1.0,-0.1867239028215408,0
1.0,0.0,0.036055464297533,0.18704471986965598,0.2763473888876261,-0.1319983303546905,0.4172861998781929,0.8143744940297698,-0.0678482726216316,0.5908863289729162,0.8934815735040332,-0.0658661797642707,0.0,1.0,-0.1440372914075851,0
1.0,0.0,0.0347218848764896,0.2856484252243258,0.27331851598105716,-0.1510375440120697,0.43108016943668676,0.8213771383871186,-0.0992410331964492,0.6144617551458048,0.909788183917092,-0.0988993272185325,0.0,1.0,-0.1761488765478134,0
1.0,0.0,0.0347472764551639,0.21487905932772505,0.29220257973324937,-0.1190031319856643,0.40791236511693013,0.8098232046277208,-0.0509123019874095,0.5593446758301744,0.8920955214303619,-0.0491603016853332,0.0,1.0,-0.1250666379928589,0
1.0,0.0,0.0417677499353885,0.2750357535006232,0.2892033206489868,-0.1070690304040908,0.42302454989840127,0.8103519911655599,-0.0347080007195472,0.6070687765509374,0.8972165846128092,-0.0320967696607112,0.0,1.0,-0.10657849162817,0
1.0,0.0,0.0505368299782276,0.2364669565548104,0.2740976661588558,-0.1167089194059372,0.43043318416348675,0.8081296421276489,-0.0584381930530071,0.6103307513849977,0.8928542338352367,-0.0562153831124305,0.0,1.0,-0.1309704184532165,0
1.0,0.0,0.0384144559502601,0.24601463561474193,0.2877708790345671,-0.1200791597366333,0.42454518088890497,0.8223254124669805,-0.0413861721754074,0.6184575367904257,0.8987743806449959,-0.0376813821494579,0.0,1.0,-0.1092014983296394,0
1.0,0.0,0.0296030305325984,0.25284260490467625,0.2626430463525622,-0.1705575883388519,0.4495175187620152,0.8077220902218317,-0.1043706014752388,0.6318003301620755,0.8849869842576631,-0.101441279053688,0.0,1.0,-0.1768052875995636,0
1.0,0.0,0.0417719855904579,0.2021264890283806,0.2963049732741401,-0.134780079126358,0.44729125293639443,0.823496879162781,-0.0897352620959281,0.642936576017229,0.8980412971905587,-0.0889177024364471,0.0,1.0,-0.1653443425893783,0
1.0,0.0,0.0452708378434181,0.1902948132382938,0.2778010645390516,-0.1025850102305412,0.4240520919739911,0.8164694997316044,-0.0411863587796688,0.5948062400042813,0.8961012255761502,-0.0389128550887107,0.0,1.0,-0.1090804859995842,0
1.0,0.0,0.0373323038220405,0.16727318714336487,0.2665154614945897,-0.1552786082029342,0.4334502765864199,0.8070389041129773,-0.0819268152117729,0.6213000979009086,0.8883669797238102,-0.0785803124308586,0.0,1.0,-0.1584876030683517,0
1.0,0.0,0.0385999009013175,0.203040234095626,0.26538675772600395,-0.169590875506401,0.43896200743105285,0.8190804968500424,-0.1041287705302238,0.622926369773407,0.8987628822123666,-0.1019020155072212,0.0,1.0,-0.188113734126091,0
1.0,0.0,0.030712816864252,0.14316180163540332,0.2535126649871173,-0.2020094692707061,0.4106376716128517,0.7975373809934481,-0.1082797870039939,0.594357388037899,0.8776930357093381,-0.103054791688919,0.0,1.0,-0.1937656551599502,0
1.0,0.0,0.0351650118827819,0.18806095509826803,0.24414727227996105,-0.1994350254535675,0.40573527456595554,0.7976895442705512,-0.1156108453869819,0.5895101264727566,0.8793114351224219,-0.1116644814610481,0.0,1.0,-0.2063140422105789,0
1.0,0.0,0.0345819145441055,0.17256126499266583,0.24950060565439558,-0.187816709280014,0.41067822935542625,0.8091250441495166,-0.1007459089159965,0.5975634222107162,0.8917843187609613,-0.0963135734200477,0.0,1.0,-0.1899771839380264,0
1.0,0.0,0.0306123383343219,0.18559012183513657,0.2651761674837096,-0.1634152084589004,0.41955157200914817,0.8121236174216946,-0.1263418495655059,0.5837505218209705,0.894793954848594,-0.1271215677261352,0.0,1.0,-0.2145338505506515,0
1.0,0.0,0.0322155505418777,0.20758760504268567,0.2826477663833672,-0.1493861079216003,0.41182149035566545,0.820648661937206,-0.101620577275753,0.5988641106323948,0.90309514820538,-0.1010739132761955,0.0,1.0,-0.1833235174417495,0
1.0,0.0,0.0386094935238361,0.23123453163208504,0.2890458052565642,-0.1158163771033287,0.410773275732706,0.8349016796102543,-0.0577147752046585,0.5996929046820915,0.9158339253382117,-0.0564055927097797,0.0,1.0,-0.132228821516037,0
1.0,0.0,0.0304516237229108,0.2855722186322484,0.28553983277099015,-0.1338154375553131,0.4404923253803747,0.8063836565444896,-0.0661552399396896,0.6234065408403902,0.8939026616094686,-0.0645208656787872,0.0,1.0,-0.137740820646286,0
1.0,0.0,0.0518655851483345,0.31426655332389763,0.28677582654398837,-0.0750516280531883,0.43018292560677895,0.8164194157730834,-0.0182377621531486,0.5983706308567682,0.899765492479053,-0.016879865899682,0.0,1.0,-0.0885329991579055,0
1.0,0.0,0.0317724235355854,0.26227037972502115,0.290927792734182,-0.1489247977733612,0.4291048915648376,0.821123202763451,-0.0714237466454505,0.6030287526859716,0.8971594149174162,-0.0686720460653305,0.0,1.0,-0.1467293351888656,0
1.0,0.0,0.0356307663023471,0.3112637281792601,0.2930651610816486,-0.0971371680498123,0.4351098406551981,0.8113099861931292,-0.0420762822031974,0.6154881970383765,0.8970548180243714,-0.0414900965988636,0.0,1.0,-0.1093407347798347,0
1.0,0.0,0.0441972576081752,0.25783939333962036,0.2955149990723138,-0.1017489582300186,0.38319012857381257,0.8339677520778501,-0.0380225330591201,0.5487992533171888,0.9146046668718312,-0.0362933613359928,0.0,1.0,-0.1116090565919876,0
1.0,0.0,0.0449068211019039,0.25280540941514473,0.26615534310195804,-0.135401576757431,0.45297510787326456,0.8166974917926014,-0.084378607571125,0.6218361453689746,0.8979449053112036,-0.0831459760665893,0.0,1.0,-0.159986525774002,0
1.0,0.0,0.0371251255273819,0.2704254321589428,0.28287684205367886,-0.1284397393465042,0.464548048686393,0.8156047922644238,-0.0616469196975231,0.6518160129136767,0.8924190763452033,-0.0591612681746482,0.0,1.0,-0.1298931241035461,0
1.0,0.0,0.0438748113811016,0.21523242098193285,0.29051308463362013,-0.1252384334802627,0.43820006399378225,0.8218912792743437,-0.0739990025758743,0.6151428719268992,0.9013331471953573,-0.072664089500904,0.0,1.0,-0.1470167338848114,0
1.0,0.0,0.0344131328165531,0.20062125759507363,0.2841841892891936,-0.1446128934621811,0.4289460253585673,0.8171172056550715,-0.0905531868338584,0.6091831869800538,0.8991107561363558,-0.089546799659729,0.0,1.0,-0.1696239858865738,0
1.0,0.0,0.0395070351660251,0.17978656837782092,0.26589914956273464,-0.1251176595687866,0.42049314372829233,0.8015822978205543,-0.0463747791945934,0.5876533706014112,0.8799994460264932,-0.0426039919257164,0.0,1.0,-0.1149563938379287,0
1.0,0.0,0.0375380180776119,0.18607807488635625,0.25708552518281924,-0.186832383275032,0.4321825444514394,0.8083841238786282,-0.0705704391002655,0.6217126552230924,0.8892351858197173,-0.0625989139080047,0.0,1.0,-0.1513150781393051,0
1.0,0.0,0.0320795103907585,0.1823040199806611,0.25388756894404546,-0.1800995767116546,0.41856839950915564,0.8045149918108911,-0.1114110052585601,0.6010924755987044,0.8883041242113313,-0.1090289801359176,0.0,1.0,-0.1958413571119308,0
1.0,0.0,0.0329490564763546,0.18782580526445114,0.2751458139114174,-0.1669242084026336,0.42283862536760697,0.8102228840239649,-0.0913645550608635,0.5824370646977222,0.892336191210713,-0.0881193652749061,0.0,1.0,-0.17164908349514,0
1.0,0.0,0.0328861288726329,0.17804718348911946,0.26411470098267725,-0.1683852225542068,0.41067519203229974,0.8114957273404241,-0.1248093023896217,0.5911777610002383,0.8948257478459027,-0.1246538162231445,0.0,1.0,-0.2088643163442611,0
1.0,0.0,0.0321829430758953,0.17507507668260094,0.2555871524782283,-0.1724452674388885,0.40864947620296665,0.8115194747100357,-0.0947985351085662,0.5977195959509446,0.8967621586023505,-0.0920044183731079,0.0,1.0,-0.1852968335151672,0
1.0,0.0,0.0418585203588008,0.20834526014480553,0.2822335682904977,-0.1269698739051818,0.4196918673177303,0.8124476203840636,-0.0625111982226371,0.5924166526351238,0.8913748772141928,-0.0607190504670143,0.0,1.0,-0.1434467732906341,0
1.0,0.0,0.0374773889780044,0.23499523420770438,0.2951306630527181,-0.1191489025950431,0.41591154860466945,0.8166512649981187,-0.0627027973532676,0.5774334391923346,0.8977715338842518,-0.0616713277995586,0.0,1.0,-0.1401434987783432,0
1.0,0.0,0.0423486232757568,0.19521857122292186,0.2672795170311478,-0.1297317147254943,0.4291108397890797,0.8214516820846419,-0.0794401615858078,0.5999989336688722,0.9007600313180316,-0.0787705406546592,0.0,1.0,-0.1608345210552215,0
1.0,0.0,0.0316197425127029,0.2285428255756599,0.2593117506037821,-0.15646693110466,0.43198316090300515,0.827079294050325,-0.0964263677597045,0.600178402018467,0.9037736159217207,-0.0947841927409172,0.0,1.0,-0.1748198419809341,0
1.0,0.0,0.0324115715920925,0.2979155305746543,0.2638533480272757,-0.1467909514904022,0.44136584381400856,0.8049961635955349,-0.1040991842746734,0.6320961917480005,0.8967815266970455,-0.1044686362147331,0.0,1.0,-0.1803738623857498,0
1.0,0.0,0.0416666343808174,0.2775758297430124,0.29430091041750306,-0.1387973576784134,0.42528848860117996,0.8239302583348692,-0.0998538210988044,0.5969397475589426,0.9011585652977355,-0.0997969955205917,0.0,1.0,-0.174762412905693,0
1.0,0.0,0.0288367867469787,0.28739144691608753,0.2639582199175102,-0.1706485003232956,0.4008916954907498,0.8155018394783285,-0.1092324256896972,0.5803350998000825,0.8997278899010817,-0.1075873598456382,0.0,1.0,-0.1897514015436172,0
1.0,0.0,0.0459145791828632,0.2611186838185904,0.28928421065611604,-0.0875808745622634,0.43727676469096627,0.8044859373513672,-0.0080123106017708,0.5962580820108675,0.8794988408840285,-0.0047304024919867,0.0,1.0,-0.0785635486245155,0
1.0,0.0,0.0412030890583992,0.32122467308483876,0.27744103676825876,-0.0834452807903289,0.41672154575464015,0.8022468478488791,-0.0496019050478935,0.5651605770756482,0.8887689516533412,-0.0504492372274398,0.0,1.0,-0.119808554649353,0
1.0,0.0,0.0297719370573759,0.26706154446631214,0.2934227721760825,-0.1456301063299179,0.39991238778577715,0.8292575512564477,-0.0884741395711898,0.5716084522949413,0.904119115875769,-0.0870056226849556,0.0,1.0,-0.1634033471345901,0
1.0,0.0,0.0386072173714637,0.20388249023288932,0.2813747138478465,-0.1335160583257675,0.4091328834542601,0.8093096295062457,-0.1011738404631614,0.5807722360343015,0.8872999400573565,-0.101722814142704,0.0,1.0,-0.1753915846347808,0
1.0,0.0,0.0311255790293216,0.2385137263962696,0.29129933205758546,-0.1296027600765228,0.41617446281165327,0.8202055329223438,-0.0581486746668815,0.6053718834674117,0.9066006538244508,-0.0555539987981319,0.0,1.0,-0.1310207098722458,0
1.0,0.0,0.0348371379077434,0.19919917132609924,0.2850128125140488,-0.1205306127667427,0.4109832705887581,0.8093353172536377,-0.0447423495352268,0.6070014033993419,0.8873823326560665,-0.0413108095526695,0.0,1.0,-0.1119696050882339,0
1.0,0.0,0.0249062106013298,0.20572827510806743,0.28798186090431954,-0.1454887837171554,0.41134317904002676,0.8128849067791031,-0.0644643828272819,0.6062506805076784,0.889799503700288,-0.0609082393348217,0.0,1.0,-0.1367613822221756,0
1.0,0.0,0.0386925972998142,0.1974596046123459,0.2835994280618609,-0.1272760033607483,0.4284924113632721,0.8101793385243562,-0.0368002094328403,0.6233469615762728,0.8867922104983913,-0.0320383310317993,0.0,1.0,-0.1070970147848129,0
1.0,0.0,0.0308641772717237,0.21086068082698908,0.2751628768071906,-0.1652141213417053,0.40303302808844016,0.8081622125807317,-0.0694635361433029,0.5816540642323066,0.8859619447702766,-0.0639305114746093,0.0,1.0,-0.1439682096242904,0
1.0,0.0,0.034235656261444,0.18520700585956473,0.2564322961691544,-0.1866221129894256,0.40297140661522207,0.8045635462755343,-0.0861933603882789,0.5929610536539549,0.8811728408886286,-0.0801959037780761,0.0,1.0,-0.168482020497322,0
1.0,0.0,0.0354463718831539,0.1823608989372554,0.24486835145135372,-0.1939792782068252,0.39638352694605034,0.8058874982617481,-0.0991359427571296,0.5728960674426811,0.8832437405438497,-0.0939055904746055,0.0,1.0,-0.1873836070299148,0
1.0,0.0,0.0335730649530887,0.20077665017016313,0.2453449110788274,-0.2127497941255569,0.3926259466282958,0.805051602269345,-0.1162410974502563,0.5719152049411275,0.8885017793119997,-0.1116772815585136,0.0,1.0,-0.2151390165090561,0
1.0,0.0,0.0336553864181041,0.18002406296981113,0.23631807457790546,-0.2035793513059616,0.3964374276382865,0.8015141525683658,-0.1222162693738937,0.5781765712212044,0.8821184464150634,-0.1186124458909034,0.0,1.0,-0.2110891044139862,0
1.0,0.0,0.0382192470133304,0.2073715861492334,0.22803024472790184,-0.1956687718629837,0.38209703094474384,0.7975034987082817,-0.1164538338780403,0.5594464275664686,0.8797927112670255,-0.1126588657498359,0.0,1.0,-0.2054947912693023,0
1.0,0.0,0.0318162776529789,0.22079906440267905,0.22791228007638678,-0.240510806441307,0.3883479643779356,0.8136493123850158,-0.1324009597301483,0.564147842987144,0.8964423749105161,-0.1271110028028488,0.0,1.0,-0.2378790527582168,0
1.0,0.0,0.02942905575037,0.23771301518016474,0.24900975144123833,-0.2329850494861602,0.4128033806035008,0.8066600744099292,-0.1379120647907257,0.5709835627572638,0.8880645183851091,-0.134969875216484,0.0,1.0,-0.2540296614170074,0
1.0,0.0,0.0337997674942016,0.2276733162952453,0.22732085385638326,-0.2636176943778991,0.42743631977298463,0.8110522694172063,-0.1619451195001602,0.6047965500109659,0.8997522950812554,-0.158523604273796,0.0,1.0,-0.2896468341350555,0
1.0,0.0,0.0257034059613943,0.2079083994177416,0.25278666334514227,-0.2043821215629577,0.40041441103854575,0.8105877995709939,-0.1065328866243362,0.5900002549880672,0.8940851882797219,-0.1031768694519996,0.0,1.0,-0.2079940438270568,0
1.0,0.0,0.0213261749595403,0.20146147564739889,0.21495572439135768,-0.2158665359020233,0.3880161641719168,0.8054980756825713,-0.1388100832700729,0.5719150267951896,0.8920028937240438,-0.136430561542511,0.0,1.0,-0.2360013872385025,0
1.0,0.0,0.0303065571933984,0.1934896146882362,0.2403390693993503,-0.220522254705429,0.4062811655902351,0.8032254553208722,-0.113804668188095,0.5859857924664178,0.8847415647531275,-0.1090121790766716,0.0,1.0,-0.2160172909498214,0
1.0,0.0,0.0308625940233469,0.18151566929397714,0.20205208547766904,-0.2230042666196823,0.37964250860008997,0.793879932595104,-0.1245608106255531,0.5732723356472242,0.8778550097232536,-0.1196939572691917,0.0,1.0,-0.2264616191387176,0
