LEFT_LEG_1_x,LEFT_LEG_1_y,LEFT_LEG_1_z,LEFT_LEG_2_x,LEFT_LEG_2_y,LEFT_LEG_2_z,LEFT_LEG_3_x,LEFT_LEG_3_y,LEFT_LEG_3_z,LEFT_LEG_4_x,LEFT_LEG_4_y,LEFT_LEG_4_z,LEFT_LEG_5_x,LEFT_LEG_5_y,LEFT_LEG_5_z,label
1.0,0.14921112729686262,0.0763838142156601,0.6509688935255338,1.0,0.0932940393686294,0.28735654481822603,0.21493351032666896,0.1527225524187088,0.30664843622206367,0.0,0.1603498309850692,0.0,0.14887057135535206,0.1725002229213714,1
1.0,0.16451956675039023,0.0711873024702072,0.6360404223581494,1.0,0.0874204188585281,0.17998558652723487,0.16852799721097544,0.1446074098348617,0.1702068624196629,0.0,0.1516313850879669,0.0,0.1527933824053752,0.160113587975502,1
1.0,0.10538844623112996,0.0678471848368644,0.6382817742970219,1.0,0.0857969373464584,0.2661422791526627,0.1917262421754466,0.1399770677089691,0.17896611455732517,0.0,0.1468516886234283,0.0,0.13075011358546362,0.1535722613334655,1
1.0,0.06297724451925113,0.0744742304086685,0.698994373399573,1.0,0.0955882221460342,0.21796413701332878,0.21825468216144683,0.1570845395326614,0.3047716332672151,0.0,0.1645722836256027,0.0,0.1767546482636168,0.1681658178567886,1
1.0,0.032320263977106085,0.0774994641542434,0.7180300864804632,1.0,0.105013370513916,0.3167423269785131,0.21531057937887588,0.1704170405864715,0.3156440008720719,0.0,0.1785755306482315,0.0,0.20446822073291826,0.1876600533723831,1
1.0,0.0020544653957183727,0.0731085836887359,0.7570128978052549,1.0,0.1099549382925033,0.29120052033230504,0.22448404581113734,0.1829324662685394,0.30669237531014815,0.0,0.1919638961553573,0.0,0.22183408906623636,0.2093851119279861,1
1.0,0.0,0.0732713267207145,0.7876523982561497,1.0,0.1111667975783348,0.3070979819855521,0.26610794640726315,0.1817286312580108,0.31520253292562045,0.0451945100953355,0.1904392540454864,0.0,0.2826807389402278,0.2091023623943328,1
1.0,0.0,0.0729972347617149,0.7489640550979525,1.0,0.1000860035419464,0.3280212159925237,0.22747770506056922,0.1663189530372619,0.31561920574243546,0.01690577181418337,0.1745504587888717,0.0,0.27232607597316366,0.1836109757423401,1
1.0,0.0790166938565714,0.0700823217630386,0.6691580959972001,1.0,0.1029653251171112,0.2795510387787781,0.1925139115471428,0.1572369188070297,0.24135526111694292,0.0,0.1638923287391662,0.0,0.20176101191141305,0.1674514263868332,1
1.0,0.07296600735058636,0.0714010074734687,0.6013483126592971,1.0,0.105105847120285,0.26870720529235864,0.12294592794798673,0.1495184451341629,0.14628879916659218,0.0,0.155225858092308,0.0,0.08609742831144933,0.155570849776268,1
1.0,0.0,0.0724696367979049,0.6310589187283682,1.0,0.0929797068238258,0.18476486276688173,0.20702124281404688,0.1493277549743652,0.16587795012035494,0.031334736075212116,0.1566107869148254,0.0,0.11679709496066638,0.1597939580678939,1
1.0,0.26982496489070595,0.0688119977712631,0.5143662928262009,1.0,0.0785640627145767,0.15949891075910494,0.1631101720916658,0.131711721420288,0.15624983752373284,0.0,0.1387318223714828,0.0,0.005415936002554311,0.1484765410423278,1
1.0,0.3936009464756901,0.0666366666555404,0.45704998850093465,1.0,0.0638499483466148,0.17068033188071635,0.1425444017846483,0.1087971627712249,0.19061629093224985,0.0,0.1147553399205207,0.0,0.014220259086788872,0.1246290951967239,1
1.0,0.37050491921555406,0.0628842264413833,0.4857526176723594,1.0,0.0633282139897346,0.22404863657394739,0.11806842443251934,0.1042577549815177,0.164452865787685,0.0026833732825572577,0.1091911271214485,0.0,0.0,0.114135518670082,1
1.0,0.5128888557919108,0.0675861611962318,0.47168298916440854,1.0,0.0585745684802532,0.18203506899066163,0.19325083818561994,0.092390589416027,0.20341901729212664,0.06018704069226978,0.0960530564188957,0.0,0.0,0.0925627052783966,1
1.0,0.5709109479408754,0.069238469004631,0.45983001067875395,1.0,0.0742518380284309,0.17738007899952327,0.2160420826262617,0.1215567588806152,0.20947069454085548,0.08553319913767525,0.1271838396787643,0.0,0.0,0.1335552781820297,1
1.0,0.43001711060057674,0.061027705669403,0.47041291887593184,1.0,0.0542839951813221,0.22076698544587706,0.18495306578253012,0.1292995363473892,0.22671367479386637,0.0,0.1388051956892013,0.0,0.0022503193801094155,0.1520535498857498,1
1.0,0.3494577252775664,0.066850796341896,0.5040311670381142,1.0,0.081336110830307,0.2572122772162013,0.11616264548542111,0.120752714574337,0.15719440660945594,0.008791931284056032,0.1253473311662674,0.0,0.0,0.1256480813026428,1
1.0,0.18407844940904586,0.0724365711212158,0.5500675872482067,1.0,0.0998744443058967,0.259287521914206,0.08413948959051976,0.1448304951190948,0.14675032653769896,0.0,0.149976447224617,0.0,0.02393286147853515,0.1478166133165359,1
1.0,0.10852080258121057,0.0704762786626815,0.5753226799470884,1.0,0.0923718139529228,0.2491948013857465,0.08777784108497307,0.1333762556314468,0.14667130492533345,0.0,0.1381081938743591,0.0,0.034993541687102815,0.1359461396932602,1
1.0,0.16557653550435356,0.0695186778903007,0.5710804819990871,1.0,0.107794739305973,0.26052720459944606,0.13585628332487892,0.1546608507633209,0.14979624765291394,0.0,0.1601960659027099,0.0,0.04347554398910285,0.1610284000635147,1
1.0,0.06894059045375309,0.0703631117939949,0.6241756702923712,1.0,0.1115856617689132,0.23428731075110593,0.14989981572850847,0.1578433960676193,0.1374545261509955,0.0,0.1634118258953094,0.0,0.09672688321837696,0.1639237701892852,1
1.0,0.13177544892003654,0.0696707814931869,0.6410222527679331,1.0,0.1186315715312957,0.27332872351012166,0.23133341145344347,0.174159824848175,0.26690666646157846,0.0,0.1804840415716171,0.0,0.19007422822272513,0.1830854266881942,1
1.0,0.25210922011053094,0.0638302937150001,0.5140278093609952,1.0,0.0693557113409042,0.16253229254540802,0.14862081423975482,0.1194959208369255,0.15663614138044232,0.0,0.1255704760551452,0.0,0.020085476292493045,0.1273195892572403,1
1.0,0.31877033485732476,0.061662171036005,0.5341818989763237,1.0,0.0725171193480491,0.16543583462941186,0.1612276006771857,0.1066276282072067,0.1547833155404783,0.0,0.1105959415435791,0.0,0.04081816198184603,0.1100131645798683,1
1.0,0.36945470973118566,0.0610380321741104,0.47410759564270644,1.0,0.0569351091980934,0.24228517007261843,0.1383586220545261,0.0930914208292961,0.18365330626194568,0.011411760727126062,0.0976953580975532,0.0,0.0,0.1055044904351234,1
1.0,0.5094515885610481,0.0679423883557319,0.40487188975798144,1.0,0.0589697323739528,0.21609284515941726,0.1613552025611759,0.0864676758646965,0.14362422371464123,0.05580339797861888,0.0893289223313331,0.0,0.0,0.0859832242131233,1
1.0,0.38028580765354164,0.061753012239933,0.44557308812534174,1.0,0.0592918545007705,0.19604224555765104,0.13180941621304643,0.0950228497385978,0.16168890166013844,0.014857847482854425,0.0993760675191879,0.0,0.0,0.1023720204830169,1
1.0,0.3249137977239026,0.0619798339903354,0.5063217610928251,1.0,0.08588857203722,0.24046381531541483,0.13274818726375728,0.1002965718507766,0.16606212465957038,0.003129570124371189,0.1023008823394775,0.0,0.0,0.1034049093723297,1
1.0,0.0628343520999308,0.0695240199565887,0.5851526879458173,1.0,0.0930518209934234,0.21279641901951524,0.11110082240635923,0.143462523818016,0.12326057124020513,0.0,0.1489430516958236,0.0,0.06575203161872993,0.1463838964700698,1
1.0,0.10226576711810564,0.0746578648686409,0.6303418681197858,1.0,0.1214687526226043,0.26376508925543113,0.06822042192600825,0.1636113822460174,0.16637908078017444,0.0,0.168445199728012,0.0,0.012883604975491646,0.1659055203199386,1
1.0,0.13480924745876696,0.0711933895945549,0.584778140306103,1.0,0.0943999364972114,0.23729721274699334,0.0792589051901856,0.1511912494897842,0.14931519902625262,0.0,0.1576133519411087,0.0,0.04297491659555418,0.1537234187126159,1
1.0,0.2131709378206719,0.0676196739077568,0.5573858802016649,1.0,0.0889777466654777,0.2452611752724575,0.1184527043189963,0.1303226351737976,0.13855800469510302,0.0,0.1350762546062469,0.0,0.07955736938942953,0.1302283555269241,1
1.0,0.24708641400669543,0.0608367510139942,0.563842621348655,1.0,0.0697480663657188,0.16936864712183206,0.16398534064084827,0.1130259558558464,0.15536604107708787,0.0,0.1180030852556228,0.0,0.032263888924409165,0.1138274520635604,1
1.0,0.36581602189099194,0.0620989650487899,0.519846011935612,1.0,0.0639720857143402,0.2659413291189739,0.12073883929389097,0.1033238396048545,0.17597128003256604,0.0,0.1077604368329048,0.0,0.0034035254167750347,0.1053567603230476,1
1.0,0.3517403017118059,0.0594823360443115,0.4937818049523636,1.0,0.0562586821615695,0.1626030605516269,0.17581636366549402,0.0854309797286987,0.1650358125468974,0.029347206613764484,0.088835634291172,0.0,0.0,0.0902401432394981,1
1.0,0.5580117479678948,0.0686236694455146,0.4756487813033231,1.0,0.0635602474212646,0.22590977483231903,0.18321886142657598,0.095914602279663,0.15741816751196164,0.04722140393884957,0.0989191904664039,0.0,0.0,0.089599609375,1
1.0,0.5098868453432922,0.0633956640958786,0.45406704190940567,1.0,0.059448767453432,0.2108117230744768,0.18274450035220086,0.0910083949565887,0.1649294670286745,0.028715628890198006,0.0946195870637893,0.0,0.0,0.095612809062004,1
1.0,0.45423332586418025,0.0678936392068862,0.4692603232560072,1.0,0.0718570798635482,0.20109853806746747,0.1338039648180438,0.1133488938212394,0.15056493122933712,0.009579525599511796,0.1185176074504852,0.0,0.0,0.1216234341263771,1
1.0,0.26741063944424354,0.0622693933546543,0.4998248957518895,1.0,0.0757529288530349,0.24428285701548633,0.10830218754174305,0.1156487017869949,0.13182456483272292,0.008850664259274027,0.1202315464615821,0.0,0.0,0.1191280335187912,1
1.0,0.2161483683749756,0.070862166583538,0.5322986225034503,1.0,0.085591934621334,0.1775069656016457,0.15354581113474647,0.1410773396492004,0.16837830377835064,0.0,0.1476044356822967,0.0,0.05827978400925199,0.148614689707756,1
1.0,0.12196706187043822,0.0663692057132721,0.5688913914264405,1.0,0.0795216485857963,0.24157209934208454,0.11054121506801011,0.1364773213863372,0.1657923347070543,0.0,0.1427956968545913,0.0,0.01825270493761657,0.141697272658348,1
1.0,0.11533460278984224,0.0666799172759056,0.5790552687765673,1.0,0.0981576666235923,0.23910001924941413,0.137259226623683,0.1446170508861541,0.1496807511156713,0.0,0.149763748049736,0.0,0.07656193204356987,0.1458652019500732,1
1.0,0.258226486147225,0.0678201094269752,0.5126452649938759,1.0,0.0773108154535293,0.15976126356399456,0.16135017139231253,0.1322793662548065,0.15031902519626178,0.0,0.1385692656040191,0.0,0.046056203278475316,0.138208195567131,1
1.0,0.3137871853546911,0.0638088062405586,0.507216189318408,1.0,0.0685820057988166,0.1413224479703239,0.20915581746684145,0.1121139526367187,0.13571499512390464,0.059065654321536216,0.1170078068971633,0.0,0.0,0.1162255331873893,1
1.0,0.4324732616649851,0.0610003918409347,0.43764999070561744,1.0,0.0623644813895225,0.201677207253605,0.16094701416205023,0.1100327298045158,0.17043208912223481,0.025089928674890696,0.1159575507044792,0.0,0.0,0.1251126229763031,1
1.0,0.5379479301170742,0.0653494074940681,0.4363547206194363,1.0,0.0641670003533363,0.21017605624358238,0.17338808480880574,0.1028000265359878,0.15716630427705894,0.05574950144587579,0.1074347198009491,0.0,0.0,0.106837585568428,1
1.0,0.6139848729014264,0.0655833631753921,0.4235382419730316,1.0,0.0624588318169117,0.23950837432594277,0.20422617464734827,0.0960515066981315,0.2334622619759288,0.06646260441417512,0.0995793864130973,0.0,0.0,0.1018833890557289,1
1.0,0.6140665200519662,0.069484919309616,0.4129994243735595,1.0,0.0720283240079879,0.21590427213164534,0.20239281984223353,0.1020355895161628,0.18273845597775765,0.10542842343910537,0.1059479042887687,0.0,0.0,0.1110825389623642,1
1.0,0.5394732054537654,0.0704151913523674,0.44699707950463513,1.0,0.0677716061472892,0.2034458283725616,0.1993558071703155,0.112041026353836,0.2375718675906422,0.07024604222919659,0.1171850636601448,0.0,0.0,0.119716428220272,1
1.0,0.46701840668789585,0.0659787207841873,0.460290912047594,1.0,0.0777798444032669,0.22467001403262585,0.15984922753679817,0.1394887715578079,0.15228368195638192,0.008154441166217047,0.1464494615793228,0.0,0.0,0.1468110680580139,1
1.0,0.5408455992557873,0.0646420791745185,0.4436648148156933,1.0,0.0717718079686164,0.26405171583614845,0.18109996355977206,0.1102922409772872,0.18970569469079654,0.04500833077631858,0.1153445318341255,0.0,0.0,0.1241441294550895,1
1.0,0.6825761870838063,0.0699038878083229,0.3269025976311209,1.0,0.0694346204400062,0.2691343252479902,0.24594158162090002,0.1142580211162567,0.2896812740061479,0.09189093073188413,0.1194077432155609,0.0,0.0,0.1301454156637191,1
1.0,0.5918252830938773,0.0692571178078651,0.3894905916385409,1.0,0.0708687156438827,0.24173134415843592,0.18849514801911277,0.1033415123820304,0.19556441848375875,0.09910095471817797,0.1079709753394126,0.0,0.0,0.1186544224619865,1
1.0,0.5608068602220523,0.0709492489695549,0.4367420029475349,1.0,0.0690805092453956,0.280098529277432,0.18340395460387934,0.1038154885172844,0.23703992118808626,0.10715665883204624,0.10835912078619,0.0,0.0,0.1166757866740226,1
1.0,0.49077682855225824,0.0706890821456909,0.45347563238604754,1.0,0.0587578490376472,0.2445139626068669,0.1730946768568807,0.124858446419239,0.2527958919260079,0.06418779472030367,0.1330924779176712,0.0,0.0,0.1443905681371688,1
1.0,0.4616341311243431,0.0688027292490005,0.4470635469377654,1.0,0.072441354393959,0.25140585182269604,0.17133527308621557,0.1535152941942215,0.21361270460957038,0.03716684580276334,0.1630850434303283,0.0,0.0,0.1707842648029327,1
1.0,0.46470126181967397,0.0623880662024021,0.44431458271315194,1.0,0.080623559653759,0.21808235590126004,0.17149849607276949,0.1427501291036605,0.17130176174718487,0.0451418761865342,0.1501372903585434,0.0,0.0,0.155077189207077,1
1.0,0.320156659741852,0.0672024711966514,0.4911354663375977,1.0,0.0886662006378173,0.2388076887607893,0.1707772820670004,0.1628774106502533,0.14385321512256785,0.036503990282555146,0.1713982373476028,0.0,0.0,0.1750161051750183,1
1.0,0.3401052204557633,0.062050100415945,0.44311222652760734,1.0,0.0587313212454319,0.24158649610600133,0.16591574664687514,0.1239146515727043,0.2017785377318741,0.0,0.1323251575231552,0.0,0.015757687535771094,0.1453783214092254,1
1.0,0.4117537689152375,0.0611396804451942,0.4390342828608996,1.0,0.0725399032235145,0.16044610825735947,0.1810523461431109,0.1292342394590377,0.1815832275086545,0.0336141839110511,0.1362591534852981,0.0,0.0,0.144227921962738,1
1.0,0.39422846794060606,0.0661584213376045,0.468757358080729,1.0,0.0732717737555503,0.15619484136132045,0.15351637673151305,0.1258577108383178,0.16493245050746871,0.006073976102830975,0.1323100924491882,0.0,0.0,0.1345297545194625,1
1.0,0.42412186648800915,0.0638738274574279,0.4717226534518477,1.0,0.0721806287765502,0.22888228393354373,0.13438199767020964,0.1219236552715301,0.19058363832866407,0.046457847780706545,0.1282110512256622,0.0,0.0,0.134587213397026,1
1.0,0.490979499742507,0.0646050050854682,0.41852566014049397,1.0,0.0603290684521198,0.24876963843870722,0.1718223654067264,0.1216050162911415,0.21869975071994563,0.028887418805206202,0.1294459849596023,0.0,0.0,0.1409977525472641,1
1.0,0.545774436066102,0.0636014863848686,0.38717582043510057,1.0,0.0676964819431305,0.24958915131447149,0.18393312762235364,0.108039803802967,0.18896134954903013,0.054863792006788904,0.1131338998675346,0.0,0.0,0.1229313537478447,1
1.0,0.6220323221708874,0.0642643421888351,0.355774331985524,1.0,0.0640622600913047,0.2317736942654711,0.22890642898331415,0.1010308340191841,0.23843819529578075,0.10003454922280634,0.1057854816317558,0.0,0.0,0.1145495101809501,1
1.0,0.6365357669787597,0.0651449263095855,0.32764396495548775,1.0,0.0629342347383499,0.17184994658290642,0.21113467016804774,0.0932755917310714,0.2175374146126702,0.0870015867566138,0.0969851836562156,0.0,0.0,0.1033252999186515,1
1.0,0.7081635967644881,0.0629476159811019,0.36423462373571525,1.0,0.0561169013381004,0.18651989071723485,0.17283309636777056,0.0800229385495185,0.20425264199130796,0.0832947265843411,0.0822965204715728,0.0,0.0,0.0802867338061332,1
1.0,0.8185535574667709,0.0576221384108066,0.5012748150360171,1.0,0.0577465146780014,0.14683336339275244,0.23520899741384496,0.0833790004253387,0.12956250240228964,0.11401996752270403,0.0854028984904289,0.0,0.0,0.0680866166949272,1
1.0,0.5930097586072897,0.0675448849797248,0.41792685873458574,1.0,0.0669327825307846,0.1721187863560876,0.20607976257720564,0.0947970449924469,0.2025746486580483,0.08702970554638381,0.0984167158603668,0.0,0.0,0.1039832308888435,1
1.0,0.5287723540498842,0.0598101504147052,0.41891810505178584,1.0,0.0600866861641407,0.24399776840981355,0.17903105650745577,0.1262559741735458,0.3204691395415525,0.060147201901900677,0.1337831616401672,0.0,0.0,0.1394719630479812,1
1.0,0.4513573244295559,0.0680599063634872,0.43106211389787724,1.0,0.0710092559456825,0.24860368631219706,0.1873402574966568,0.1649425476789474,0.21434238196660596,0.04806539007248389,0.1762728840112686,0.0,0.0,0.1904524713754654,1
1.0,0.4431633403335893,0.0648091733455658,0.43288438266194906,1.0,0.0787099078297615,0.20717595130734104,0.20098928727349943,0.1554663032293319,0.16203310554335987,0.054437232727011606,0.1645120531320572,0.0,0.0,0.1713297367095947,1
1.0,0.4063961285752373,0.0709245353937149,0.4557587879658028,1.0,0.0984887182712555,0.1586431259229554,0.18993779772919908,0.1684362292289734,0.17257509408678676,0.04332519490442814,0.1769876927137375,0.0,0.0,0.1891551315784454,1
1.0,0.2679229805925594,0.0665081068873405,0.49346244628398805,1.0,0.0872946828603744,0.16773947625569133,0.15390080468690395,0.1422569751739502,0.17167469794249515,0.0,0.149154394865036,0.0,0.0035109987807479667,0.1574108302593231,1
1.0,0.18982764400838528,0.0684053972363472,0.5221601469250703,1.0,0.0939078480005264,0.20639538521528938,0.12361816029128427,0.1569162011146545,0.15503242893390726,0.0,0.1641805619001388,0.0,0.003112189470646645,0.1645933240652084,1
1.0,0.3269479759248391,0.0629296749830246,0.4802474052752923,1.0,0.0707383155822753,0.2322183125329958,0.12725299282332828,0.124645859003067,0.1573239500791899,0.002241368703721103,0.1316501796245575,0.0,0.0,0.1394704282283783,1
1.0,0.42308895926582274,0.0614067763090133,0.47148941882162687,1.0,0.0638643428683281,0.21335258830356438,0.13229264088152773,0.1175049543380737,0.16952234372496014,0.026475695220587576,0.1243670880794525,0.0,0.0,0.1295207291841507,1
1.0,0.43822654498730634,0.0621146969497203,0.444710046413377,1.0,0.0530140660703182,0.2183236843345982,0.14755889765184454,0.1387991905212402,0.20855544014453326,0.022725061671929957,0.1489448994398117,0.0,0.0,0.1540891528129577,1
1.0,0.4640804662249011,0.0671527907252311,0.4444495464770479,1.0,0.0721009001135826,0.15821233944865143,0.17068922915652726,0.1186308041214943,0.1709221301864651,0.030896135175271112,0.1244245022535324,0.0,0.0,0.1287734061479568,1
1.0,0.52843885304707,0.0679724887013435,0.428946674409897,1.0,0.0685016810894012,0.269110801005766,0.15889372550839748,0.1087501719594001,0.20942975408686798,0.04493981116187164,0.1137627214193344,0.0,0.0,0.1186349242925643,1
1.0,0.587513799288819,0.0659442543983459,0.38796148161270144,1.0,0.0703852921724319,0.2195744598402356,0.20397179443371,0.1320749670267105,0.2237152695124584,0.07355806184562162,0.1400234699249267,0.0,0.0,0.1540940254926681,1
1.0,0.5483618044771027,0.0637041553854942,0.4331727816638921,1.0,0.0854797139763832,0.23194321595165168,0.20612182198485732,0.12842857837677,0.21835181544411786,0.12687692806248912,0.1335877031087875,0.0,0.0,0.1452351957559585,1
1.0,0.5088446509120744,0.0672331377863884,0.40649124663811137,1.0,0.0812315195798873,0.2091725084669788,0.17954466738730387,0.1383319050073623,0.1900247887405784,0.08487660217497679,0.1453608125448227,0.0,0.0,0.1526439487934112,1
1.0,0.48394468345331493,0.0662205815315246,0.4213823641332549,1.0,0.0699511244893074,0.23153536711325481,0.16434984406424943,0.1380316466093063,0.21106281721184686,0.046118441847395095,0.1465217620134353,0.0,0.0,0.1578803360462188,1
1.0,0.45459587447672295,0.0778646394610405,0.4617597554086325,1.0,0.0955299213528633,0.2503747408359821,0.15261604200662632,0.1700017750263214,0.2123055197191879,0.051235133404794186,0.1788759082555771,0.0,0.0,0.1863920390605926,1
1.0,0.42223774576841355,0.0728673860430717,0.4884304738224217,1.0,0.0959316343069076,0.2560941770042649,0.19401331157117746,0.1625068634748459,0.1706455477253259,0.03722632908114319,0.1701428443193435,0.0,0.0,0.1722030788660049,1
1.0,0.2731029992374635,0.0651944577693939,0.4904484650368255,1.0,0.0826898962259292,0.21523454475545134,0.1905152693021152,0.1470444053411483,0.18257192409792963,0.03578546723387148,0.1550635248422622,0.0,0.0,0.1607747972011566,1
1.0,0.2180190586196939,0.0639538243412971,0.5103906891116903,1.0,0.0800305530428886,0.24687046010434255,0.14058401493788725,0.1360162049531936,0.1718968178694038,0.015245688690641444,0.1427980810403823,0.0,0.0,0.1455595791339874,1
1.0,0.274455688160408,0.0662727653980255,0.5520765463781869,1.0,0.0840550363063812,0.16418056507326206,0.1611632951424693,0.1468618214130401,0.17336074432808568,0.0,0.1545428186655044,0.0,0.07558264509945516,0.1608033776283264,1
1.0,0.2392324104062355,0.0579398423433303,0.5193331069731129,1.0,0.0743232443928718,0.2497470388235206,0.17345247133672279,0.1195857524871826,0.16186054548618278,0.005761486934542978,0.1249159574508667,0.0,0.0,0.1250250041484832,1
1.0,0.34023168353755723,0.0670024082064628,0.5026719415260764,1.0,0.070503368973732,0.18559571944432335,0.1570905383959226,0.1323008984327316,0.1904039881134022,0.0,0.1404057890176773,0.0,0.007012783216005298,0.1497710049152374,1
1.0,0.6111440255226782,0.066272921860218,0.4421713403337602,1.0,0.0630155354738235,0.17364251615655146,0.218568844353327,0.0955792739987373,0.10848165601745446,0.15719601372611372,0.0994175225496292,0.0,0.0,0.089877113699913,1
1.0,0.6870050742480424,0.0692300871014595,0.3804787905101633,1.0,0.0642359629273414,0.15271554515063138,0.2387909451883561,0.0704518780112266,0.18199905623076235,0.11249762324492267,0.0703519061207771,0.0,0.0,0.0695175603032112,1
1.0,0.6965972176290325,0.067150704562664,0.39947471672166707,1.0,0.0649742111563682,0.23018528073153685,0.20364838944374644,0.0912710130214691,0.2187283894731375,0.05319311241925176,0.0942389294505119,0.0,0.0,0.0965230539441108,1
1.0,0.6546289462767818,0.0674095600843429,0.3558376291372841,1.0,0.0642935261130333,0.22192536572315597,0.18069725014661825,0.0952393189072609,0.27334997738059597,0.056281355747421234,0.0985631868243217,0.0,0.0,0.1048477068543434,1
1.0,0.6263941534754661,0.0694585591554641,0.42755187503978437,1.0,0.0737025812268257,0.20516798145084209,0.11105234363303339,0.1024661734700203,0.19293469952599604,0.07254985091250496,0.1061138436198234,0.0,0.0,0.1100691705942154,1
1.0,0.6264331963254004,0.0675306990742683,0.40428880602348566,1.0,0.0537064261734485,0.22549716062636885,0.2032291960058139,0.117888830602169,0.24226710383380934,0.051492977570028596,0.125663548707962,0.0,0.0,0.1346185803413391,1
1.0,0.4584578788904183,0.0661428496241569,0.43200836420771205,1.0,0.066896878182888,0.26965048758651244,0.17005523123528135,0.1521090120077133,0.23654890202932188,0.02122582200067676,0.1619993895292282,0.0,0.0,0.1685033291578292,1
1.0,0.4250420158370239,0.0654815137386322,0.4312570314101018,1.0,0.0694306194782257,0.22453113477026196,0.17307887273095934,0.1443701684474945,0.2066810536113508,0.0034181397967249488,0.1534796208143234,0.0,0.0,0.1633927673101425,1
1.0,0.41869362560724405,0.0590973496437072,0.4839963844480462,1.0,0.07508085668087,0.2552120561675949,0.1855151936970822,0.1253984570503235,0.18705659684173118,0.05205484588362943,0.1313912570476532,0.0,0.0,0.1348169147968292,1
1.0,0.3235918260593626,0.0599755123257637,0.4708225342219833,1.0,0.0693569853901863,0.23535179433652417,0.17573076165101126,0.1242286264896392,0.18919184715325288,0.01189346680085359,0.1312886923551559,0.0,0.0,0.1398487091064453,1
1.0,0.35090011449074393,0.0653516873717308,0.463292737098647,1.0,0.0744986683130264,0.22866737573482518,0.17930021365181675,0.1350234299898147,0.21701895887527187,0.0,0.1427726149559021,0.0,0.03929914495474243,0.1523490399122238,1
1.0,0.4860634005286139,0.0593508705496788,0.40763167310458637,1.0,0.0637270212173461,0.16314519586540557,0.1748904244653791,0.1246637850999832,0.1895585739425417,0.039414879073351394,0.1320399045944214,0.0,0.0,0.1420006901025772,1
1.0,0.5378443870917416,0.0590495280921459,0.4092770034330958,1.0,0.05534677952528,0.21080078517805875,0.1933073675109217,0.0969992876052856,0.23193743509284884,0.04649307000208033,0.1017498299479484,0.0,0.0,0.110354870557785,1
1.0,0.628658512244136,0.0624626465141773,0.3953892659520631,1.0,0.0725215524435043,0.24759591855435437,0.20035480204476175,0.0893245488405227,0.2024525535588215,0.04681386623243482,0.0912760719656944,0.0,0.0,0.099302664399147,1
1.0,0.5400487298419612,0.061793029308319,0.44960141376850893,1.0,0.0641504451632499,0.24745689949354202,0.21302133300841514,0.1105752438306808,0.2230415716504403,0.07209516632932746,0.1162173822522163,0.0,0.0,0.1209973096847534,1
1.0,0.5443895438007809,0.0597794763743877,0.4325168693652721,1.0,0.0624461993575096,0.2701570858729203,0.19447951357683996,0.1205080226063728,0.22820071771526157,0.07071732098687127,0.127031072974205,0.0,0.0,0.1279748082160949,1
1.0,0.43444504949015705,0.0619187727570533,0.4382881559798247,1.0,0.0693849846720695,0.2181375721851928,0.18769693961237982,0.1306896358728408,0.2062455725307514,0.07360726962423346,0.1382348090410232,0.0,0.0,0.1455125957727432,1
1.0,0.40425900232276335,0.0622449144721031,0.4433357674203581,1.0,0.0711171552538871,0.20622241951752543,0.1809882208252915,0.1320053786039352,0.21079552618307137,0.04518795263526414,0.1395669281482696,0.0,0.0,0.1470325738191604,1
1.0,0.39040878789302275,0.0625693723559379,0.45836202010473853,1.0,0.073691688477993,0.21585461137719322,0.19049708275773686,0.1291621923446655,0.19881407903464524,0.013700298223202668,0.1362184137105941,0.0,0.0,0.1453080475330352,1
1.0,0.29316767149135925,0.0641770139336586,0.5341004478963878,1.0,0.0788971409201622,0.259166097836811,0.21198636966810103,0.1262583434581756,0.23175306867472023,0.0,0.1321901828050613,0.0,0.07281287632985864,0.1376040875911712,1
1.0,0.143288757531296,0.0638254880905151,0.5490401540943305,1.0,0.1085426360368728,0.218794607856023,0.19639672380153067,0.1477822363376617,0.15917590305774607,0.0,0.1529546082019806,0.0,0.050042490991056565,0.1597481518983841,1
1.0,0.14103615973331207,0.0673629567027092,0.6001460234784608,1.0,0.0914694592356681,0.1779366902442053,0.17753805300114672,0.1408146172761917,0.16975503663802885,0.0,0.1465606987476349,0.0,0.03033887294270506,0.1482366770505905,1
1.0,0.36431622828749965,0.0662929564714431,0.46491054227582723,1.0,0.0670289546251297,0.17063419245827566,0.1551063086684835,0.1409152150154113,0.18541552590513463,0.004486160431634872,0.1502130627632141,0.0,0.0,0.1606836467981338,1
1.0,0.5168632798810759,0.0620611868798732,0.4197405261848609,1.0,0.0675902813673019,0.21411760970989321,0.17613313089448637,0.1108041703701019,0.1753758560728624,0.03684021309575031,0.1161992251873016,0.0,0.0,0.1222440004348754,1
1.0,0.5862067032239562,0.0646815598011016,0.3917968448994667,1.0,0.0661179721355438,0.2730541022418379,0.20591960702710746,0.1113517209887504,0.21636693606147003,0.07508878763636206,0.1171561032533645,0.0,0.0,0.1269351691007614,1
1.0,0.5646950894809337,0.0686631053686142,0.4153581870675504,1.0,0.0649919733405113,0.2810160294475331,0.20824806529061535,0.101852960884571,0.2638025134613369,0.09044993920713616,0.1066668704152107,0.0,0.0,0.1160334125161171,1
1.0,0.6520629325473101,0.0642601624131202,0.3807182217899973,1.0,0.0645432844758033,0.24704639266452555,0.21301529331750532,0.0848309695720672,0.2223636239310302,0.11101799380814369,0.0873749107122421,0.0,0.0,0.0908724814653396,1
1.0,0.6157790401225288,0.0656403228640556,0.4429760671707376,1.0,0.0624716207385063,0.21242514840422,0.14639827838579267,0.0851494222879409,0.17918276057435012,0.06640622728021786,0.0875940024852752,0.0,0.0,0.080737218260765,1
1.0,0.6162528243144627,0.0581080392003059,0.40200875163356686,1.0,0.070776991546154,0.25633984617691796,0.21349299031211807,0.1164541691541671,0.2565910405553056,0.0989902941581834,0.1217624247074127,0.0,0.0,0.1287376135587692,1
1.0,0.41685969736597894,0.0602453723549842,0.46174677388579327,1.0,0.0745971277356147,0.19436383714400735,0.15988488557891076,0.1402908414602279,0.18355391501061422,0.014377355994973877,0.148182526230812,0.0,0.0,0.1562487334012985,1
1.0,0.09741187142744244,0.0666107833385467,0.6212845429555476,1.0,0.0686252191662788,0.2986941800825991,0.19012467731738786,0.1437608450651168,0.26719370289710326,0.0,0.1530070453882217,0.0,0.04492449885414743,0.1635845154523849,1
1.0,0.05454671119470951,0.0706000998616218,0.6607887347911172,1.0,0.0858838930726051,0.30730777123237624,0.17806241954168214,0.1632701307535171,0.25447970730877223,0.0,0.1726458668708801,0.0,0.08507550149171199,0.1849544942378997,1
1.0,0.0740206518260454,0.0759349167346954,0.6296449737841759,1.0,0.1122940853238105,0.2873615183052124,0.1978567245023584,0.1802233308553695,0.3066568486477796,0.0,0.1884968280792236,0.0,0.1417983295609236,0.1989911645650863,1
1.0,0.04993339860166112,0.076471708714962,0.6306909139836693,1.0,0.1089850738644599,0.27470040325986395,0.2377810675080355,0.1848946064710617,0.19621573125961253,0.0,0.1940138489007949,0.0,0.14287597394211923,0.2046470642089843,1
1.0,0.08338641778172479,0.07228734344244,0.7122760596171918,1.0,0.1080609560012817,0.28928893178143744,0.24264958286724353,0.177137479186058,0.31622686707459446,0.0,0.1858211904764175,0.0,0.17581056964024983,0.2033614367246627,1
1.0,0.0,-0.0346874557435512,0.0,0.3043858019352455,-0.1972644031047821,0.9557417411420814,0.8067556341442059,-0.1333208233118057,0.9228677584298706,0.8512995957382742,-0.1311662048101425,0.7857954654084978,1.0,-0.2242263108491897,0
1.0,0.0,-0.0395131781697273,0.0,0.29308719244086623,-0.1974326521158218,0.9775351961531963,0.811288793087192,-0.1505604535341262,0.9853963933932152,0.8579712379803814,-0.149589404463768,0.7770621087096494,1.0,-0.2412562370300293,0
1.0,0.0,-0.0464135929942131,0.0,0.3037028763034215,-0.2073772549629211,0.8773779311536231,0.8125071008674227,-0.1606294065713882,0.9180983954491796,0.8600134464365883,-0.1593744307756424,0.5171437267862464,1.0,-0.2535386085510254,0
1.0,0.0,-0.0368596650660038,0.0,0.2688894589065295,-0.18553426861763,0.5623946187593767,0.8495492212921413,-0.1317653954029083,0.7040353355124501,0.933114806085299,-0.1302371174097061,0.29149774928872935,1.0,-0.2197947204113006,0
0.9400075837852341,0.0,-0.0339412242174148,0.0,0.31333320611095233,-0.1973364949226379,1.0,0.8229861343682245,-0.1557136178016662,0.8693251470007649,0.8687358618012637,-0.1558038592338562,0.623052109954496,1.0,-0.25626140832901,0
1.0,0.0,-0.0261310543864965,0.0,0.29996382738028426,-0.1897285878658294,0.9657488517979078,0.7946452260915586,-0.1434404402971267,0.9089548560546575,0.8427252126119192,-0.1431031227111816,0.4814741794555799,1.0,-0.2411778271198272,0
1.0,0.0,-0.03609124943614,0.0,0.418579255715983,-0.1181082725524902,0.980272120144865,0.8048769861460185,-0.0369493514299392,0.7498837093398095,0.8408613611898291,-0.0340038649737834,0.6491469249426853,1.0,-0.1251665204763412,0
1.0,0.0,-0.0315456315875053,0.0,0.37679456496826164,-0.1409897953271865,0.9950802358670461,0.7850773452364463,-0.0838654264807701,0.8973420952269188,0.8380395451431564,-0.0829858928918838,0.7357086279226669,1.0,-0.1751973628997802,0
1.0,0.0,-0.0217334143817424,0.0,0.4139417104449689,-0.1410360336303711,0.9778414763760299,0.8046270372301986,-0.0523294769227504,0.4347214617754426,0.8576741553403942,-0.0494045130908489,0.36190108108687646,1.0,-0.1499020755290985,0
0.84902670781793,0.0,-0.0296009015291929,0.0,0.3904572286063089,-0.149251714348793,1.0,0.821695170129838,-0.0786141231656074,0.8339254902913801,0.8710396497327492,-0.07709252089262,0.7479501324454932,1.0,-0.1763094216585159,0
1.0,0.0,-0.0447412207722663,0.0,0.31219945571110935,-0.0990554764866828,0.479518509528147,0.8685342740450187,-0.0457884408533573,0.6127142901776809,0.8710725254344331,-0.0453578643500804,0.22438431755202926,1.0,-0.1304890066385269,0
0.9770388430068546,0.0,-0.0422156378626823,0.0,0.40979938435222685,-0.1279851049184799,0.9726324657586654,0.8110563024378517,-0.0624053962528705,1.0,0.8549770899156753,-0.0603140965104103,0.788596009752237,1.0,-0.1444731652736663,0
1.0,0.0,-0.0399284772574901,0.0,0.37756560452863525,-0.1768696308135986,0.3751614937294192,0.8633175753628308,-0.1239570379257202,0.7264933791074056,0.88561550381019,-0.1226654276251792,0.2537966790443495,1.0,-0.2112827152013778,0
1.0,0.0,-0.0478279329836368,0.0,0.27850183064522843,-0.1536865085363388,0.4952593670790765,0.8576262854861243,-0.119483545422554,0.7278118804426967,0.8897502998557942,-0.1196161359548568,0.24451426707154916,1.0,-0.2025176882743835,0
1.0,0.0,-0.0374702326953411,0.0,0.3260406829281092,-0.1939692944288253,0.8857106005727763,0.8241883599053417,-0.1294760853052139,0.7389366787398922,0.8715325534614299,-0.1270850151777267,0.49197692048517,1.0,-0.2203654944896698,0
1.0,0.0,-0.0337344035506248,0.0,0.34065284219784336,-0.189599335193634,0.8474204291895886,0.8155692875053036,-0.1151022166013717,0.7742156499946874,0.8520746845017053,-0.1124578639864921,0.7865446831273682,1.0,-0.2117546498775482,0
1.0,0.0,-0.0332639664411544,0.0,0.32203894415332496,-0.2025076299905777,0.9490670180402879,0.8070837967830768,-0.1306774765253067,0.9384863407554991,0.8484197986980561,-0.1278449892997741,0.8536982275468051,1.0,-0.2254855781793594,0
1.0,0.0,-0.0416267476975917,0.0,0.26373546513128326,-0.2395861595869064,0.9899324275292722,0.8007430819692167,-0.1834523677825927,0.9220419435942795,0.8375468219888017,-0.1817116439342498,0.6977529912450336,1.0,-0.280784547328949,0
1.0,0.0,-0.0348004177212715,0.0,0.2863322854756478,-0.2331514954566955,0.9105510469633474,0.8225685684648633,-0.1885086447000503,0.9099722111762414,0.8686161557308023,-0.1880881190299987,0.6600610365866572,1.0,-0.2872327864170074,0
0.8782839703195137,0.0,-0.0371371954679489,0.0,0.2693143131644353,-0.228624477982521,1.0,0.808388302374982,-0.1914052516222,0.9664358827244719,0.847021228759262,-0.1915719360113144,0.7512861061959702,1.0,-0.2912422120571136,0
0.976048381703037,0.0,-0.0318288095295429,0.0,0.26120838825746995,-0.2307791262865066,1.0,0.8078326470499828,-0.1855634301900863,0.9555309176780487,0.8604760902888402,-0.1850758343935012,0.6675044116663443,1.0,-0.2865802645683288,0
0.8459749465577628,0.0,-0.0404364913702011,0.0,0.29468453962513613,-0.2097897380590438,0.9280659364635049,0.7946174495838709,-0.1562474817037582,1.0,0.8516630613807433,-0.1545203030109405,0.7081786932009405,1.0,-0.2487090528011322,0
0.8034341210940479,0.0,-0.0256400164216756,0.0,0.2779721516038901,-0.2162069678306579,0.8744924669452832,0.7882447494410277,-0.1491136997938156,1.0,0.8237805703349844,-0.1464518904685974,0.6504491574579473,1.0,-0.2422452121973037,0
0.9980135408965924,0.0,-0.0337436981499195,0.0,0.43278950667216654,-0.117484912276268,1.0,0.8111702317624766,-0.0097216395661234,0.7581146987336655,0.8697313723074281,-0.0034040834289044,0.8738345840668376,1.0,-0.0860790312290191,0
1.0,0.0,-0.0344186276197433,0.0,0.3698964297441118,-0.1792404353618621,0.9107139258291035,0.8063810497405756,-0.1063885986804962,0.9928253290070336,0.8622501859992937,-0.103618785738945,0.7073903141941595,1.0,-0.1976594179868698,0
1.0,0.0,-0.0450810939073562,0.0,0.26722013436095426,-0.2157709449529647,0.692878357322,0.8145065158143688,-0.1512696593999862,0.8849352729625037,0.8874296304586169,-0.1474543660879135,0.7186498065761541,1.0,-0.2318753451108932,0
0.9701577196104246,0.0,-0.045278862118721,0.0,0.2642269940976914,-0.2177894115447998,0.8511357557224104,0.7998737743746028,-0.1830044537782669,1.0,0.8628523457539234,-0.1827502846717834,0.7004048275783571,1.0,-0.2771008312702179,0
0.891858956644559,0.0,-0.0453621968626976,0.0,0.356168504204758,-0.1944364011287689,0.857164240972734,0.806458327375937,-0.127193421125412,1.0,0.8578965370403744,-0.1242025718092918,0.6900523520019651,1.0,-0.2171044647693634,0
1.0,0.0,-0.0482921972870826,0.0,0.28497024879109795,-0.1403178721666336,0.6060330412247374,0.8195003389238252,-0.0940418243408203,0.8709252797601404,0.877327931193487,-0.0925001874566078,0.4052990561813317,1.0,-0.165538027882576,0
0.8165989368843045,0.0,-0.0335023738443851,0.0,0.3925567446616605,-0.1396801024675369,1.0,0.8235396891138406,-0.1003654077649116,0.8524360044266296,0.8748023371004952,-0.1012855544686317,0.6835960886050688,1.0,-0.1925400793552398,0
1.0,0.0,-0.0394187495112419,0.0,0.28570933016264966,-0.105138398706913,0.5170460044260253,0.847679840066091,-0.0566982440650463,0.6386982581934154,0.8887776968878154,-0.0560375936329364,0.31568658234708463,1.0,-0.134416401386261,0
0.6154727588491129,0.0,-0.0320948027074337,0.0,0.44396569629385335,-0.0992356315255165,1.0,0.8179103427403456,-0.0222873296588659,0.7188423182282062,0.8640924192573461,-0.0207958705723285,0.5029273270907649,1.0,-0.1175552532076835,0
1.0,0.0,-0.0378943607211113,0.0,0.38956463978089273,-0.1501192301511764,0.18875833996883845,0.874623875694911,-0.0940618813037872,0.42252262656592854,0.9183130392710274,-0.0928428247570991,0.2739237818529572,1.0,-0.1800073236227035,0
1.0,0.0,-0.0295953322201967,0.0,0.3723424583097681,-0.1210421249270439,0.9988801879404777,0.8060906253385501,-0.0655300542712211,0.7294400939702371,0.8526320997511684,-0.0647709146142005,0.7206656225528448,1.0,-0.1561273634433746,0
1.0,0.0,-0.0430757440626621,0.017261449917761122,0.2549102879441637,-0.1469911038875579,0.5064639850584846,0.8660718054126484,-0.1066216304898262,0.6373802078125559,0.9510779873119047,-0.1059589833021164,0.0,1.0,-0.1882968097925186,0
1.0,0.0,-0.0346836261451244,0.0,0.2709699978928547,-0.1935248970985412,0.9359559952574488,0.8176729658460362,-0.1527534574270248,0.8502449027192017,0.866713737806956,-0.1526793092489242,0.6475757546308025,1.0,-0.2424761801958084,0
1.0,0.0,-0.0364417433738708,0.0,0.2500849518857225,-0.2211310863494873,0.8045649304718052,0.8054056408052124,-0.1861879825592041,0.6815849880890112,0.855012935926702,-0.1871715933084488,0.560854447446658,1.0,-0.2890367209911346,0
1.0,0.0,-0.0342976190149784,0.0,0.2526288654487558,-0.2047161906957626,0.7265966573480873,0.8027347234994578,-0.1625088006258011,0.9834342485523577,0.8621685716540625,-0.1620260328054428,0.7772674652559384,1.0,-0.2558039128780365,0
0.8505370875018619,0.0,-0.0388555414974689,0.0,0.3306052045857659,-0.1695457845926284,1.0,0.8161385119652796,-0.1270890682935714,0.931842149469912,0.8639294111488142,-0.1270172595977783,0.7920827422726641,1.0,-0.2192658483982086,0
0.69451405837973,0.0,-0.0300008989870548,0.0,0.3350370393423605,-0.1954763084650039,0.9290635816969515,0.802526576776346,-0.124819703400135,1.0,0.8529565339924257,-0.1224438324570655,0.6874537876160626,1.0,-0.2202863097190857,0
1.0,0.0,-0.0363880470395088,0.0,0.4350401627680243,-0.1148390099406242,0.44593989511459614,0.8796114950962322,-0.0639711022377014,0.8169223275735948,0.9150918443142281,-0.0634679198265075,0.6031544253035521,1.0,-0.1451593190431594,0
0.8835730280907952,0.0,-0.03284527733922,0.0,0.3889925282477699,-0.1350191980600357,1.0,0.8105129324314103,-0.0762369632720947,0.9278106905322027,0.8618099784209474,-0.0754224956035614,0.7866403135573308,1.0,-0.1679455339908599,0
0.9525268473180503,0.0,-0.0289830230176448,0.0,0.38099777797892437,-0.1500101089477539,1.0,0.7990895845316967,-0.0973056033253669,0.9434919597151123,0.8499412063317798,-0.097284622490406,0.7430343033607835,1.0,-0.1965173184871673,0
1.0,0.0,-0.0328831747174263,0.0,0.43674450016118915,-0.1070862859487533,0.9236582322408137,0.8249344280636125,-0.0554102137684822,0.6280853828717365,0.8723297659262103,-0.0555137060582637,0.3876747122278226,1.0,-0.1488285362720489,0
1.0,0.0,-0.0453749932348728,0.0,0.3188970577200912,-0.2016350179910659,0.5587265671801234,0.8193288431288821,-0.1338002532720565,0.8739235116129139,0.8571486064859212,-0.1306412667036056,0.6040468713632134,1.0,-0.2190450876951217,0
0.8857456976640468,0.0,-0.0302384104579687,0.0,0.2995130056321167,-0.1845283508300781,1.0,0.8022615460989159,-0.1377829015254974,0.8946384090485024,0.8597549706794939,-0.1373937427997589,0.6142299609726827,1.0,-0.2346878349781036,0
1.0,0.0,-0.0370140150189399,0.0,0.2936445014286825,-0.1919604688882827,0.8866956847250792,0.8303562783657839,-0.1593750864267349,0.7497943871096415,0.8789323502249728,-0.1597617268562317,0.43047005429272955,1.0,-0.2516582310199737,0
0.9436702735748965,0.0,-0.0367636419832706,0.0,0.3018999211728927,-0.1911690235137939,1.0,0.8189858888375525,-0.1496780663728714,0.8712698382237234,0.8598295182322915,-0.1494678407907486,0.6675265857556825,1.0,-0.2436978965997696,0
0.9823985963972788,0.0,-0.0304906908422708,0.0,0.329150371811414,-0.1702448725700378,1.0,0.799205878431368,-0.1014857366681099,0.8842168678943493,0.8446440363716917,-0.0993956103920936,0.8548342205671485,1.0,-0.1946184188127517,0
1.0,0.0,-0.0310764834284782,0.0,0.27482581548846596,-0.2226519286632537,0.9499767641768619,0.8048119117396223,-0.1583646237850189,0.8785115589190647,0.8502889722769238,-0.156295359134674,0.7898398052525,1.0,-0.2560083270072937,0
1.0,0.0,-0.0296695567667484,0.0,0.21764609003218355,-0.2522856891155243,0.9254855681997711,0.7923212311060497,-0.20803102850914,0.8937853972874248,0.836865735158815,-0.2078029066324234,0.8320534855107502,1.0,-0.3125477135181427,0
0.9654027648485121,0.0,-0.0472180657088756,0.0,0.27777281155800454,-0.232018232345581,0.6444416253178241,0.8300398467402502,-0.1895371377468109,1.0,0.8868982072829499,-0.1886784732341766,0.0984313942705424,1.0,-0.2853864431381225,0
1.0,0.0,-0.0337048135697841,0.0,0.2686641787575386,-0.2244008630514145,0.9956681943982095,0.8051635384660892,-0.1845197975635528,0.9658087627702141,0.8593459306625636,-0.1842237412929535,0.7097387648883996,1.0,-0.2822476029396057,0
1.0,0.0,-0.0351429656147956,0.0,0.24136242495973195,-0.2383160442113876,0.6263881394149133,0.8326749909299931,-0.1981695592403412,0.9630168126986473,0.907364150749876,-0.197779431939125,0.3029900823153314,1.0,-0.2952680587768554,0
1.0,0.0,-0.0390714630484581,0.0,0.2708697234604693,-0.1959622800350189,0.590883394772516,0.8265443634670178,-0.1517007499933242,0.865343208330385,0.895335635478565,-0.1502382308244705,0.3382149215827329,1.0,-0.2334720492362976,0
0.8686892550190651,0.0,-0.0344852544367313,0.0,0.2997761943967617,-0.181418091058731,1.0,0.7948029410477551,-0.1353654265403747,0.9362204277958638,0.8386775510137305,-0.1345480531454086,0.7586194676885132,1.0,-0.2260769307613372,0
0.8711826530839705,0.0,-0.0351114347577095,0.0,0.33652246427400695,-0.1803327947854995,0.9915433227079145,0.8245838539587883,-0.1282451003789901,1.0,0.883267657946676,-0.1269923150539398,0.5763413655513698,1.0,-0.2174599766731262,0
1.0,0.0,-0.0409397669136524,0.0,0.29431968379489515,-0.189977079629898,0.6464222188886259,0.8377288497386237,-0.135859414935112,0.9277876935228582,0.8913565829022634,-0.1338851004838943,0.631953735140413,1.0,-0.2199407219886779,0
0.8825807207735136,0.0,-0.0431068129837513,0.0,0.43093582404628256,-0.1008721813559532,1.0,0.8309724384703997,-0.0449731387197971,0.901306768239091,0.8846566993582201,-0.0439760535955429,0.5604781716964568,1.0,-0.1281990557909011,0
0.9993383621531985,0.0,-0.0345216318964958,0.0,0.3546662164996533,-0.1702422946691513,0.557314029514073,0.8013374371485769,-0.10822544246912,1.0,0.8479201796200315,-0.1062399670481681,0.7669946008118325,1.0,-0.1980351507663726,0
0.9707562122822508,0.0,-0.0320500582456588,0.0,0.3904203025254443,-0.1258479356765747,1.0,0.8273246127707312,-0.0756131634116172,0.7140971090868355,0.8688455701631401,-0.0759446993470192,0.7061720131950067,1.0,-0.1714016944169998,0
0.9171742436523923,0.0,-0.037091214209795,0.0,0.3039032877942974,-0.2069667130708694,0.9514964836301595,0.8007108999155822,-0.14858378469944,1.0,0.8432721445602173,-0.1464720070362091,0.719766038532104,1.0,-0.239745557308197,0
0.8968450565518211,0.0,-0.03793940320611,0.0,0.28307984923933555,-0.2073830664157867,0.933657754709302,0.8074857747247461,-0.1608251184225082,1.0,0.8528210784973902,-0.16032375395298,0.6988508750332879,1.0,-0.2563573122024536,0
1.0,0.0,-0.0345063768327236,0.0,0.24328699738711568,-0.2445549368858337,0.9173891175730944,0.8003787550334438,-0.1877085864543914,0.908710882868097,0.8453911018409793,-0.1865258812904358,0.6762978747810587,1.0,-0.2888686060905456,0
0.9986172790959099,0.0,-0.0379745550453662,0.0,0.261437609989726,-0.2449774742126464,0.9872370800011926,0.8088720834419619,-0.1790386289358139,1.0,0.856445368870891,-0.1769112795591354,0.6523087378557781,1.0,-0.277888149023056,0
1.0,0.0,-0.0392544046044349,0.0,0.2560724083549325,-0.2398479133844375,0.897874085142267,0.7904698713172329,-0.1821437776088714,0.9091831321685434,0.8421963722587248,-0.180543377995491,0.7145347989373608,1.0,-0.2762759625911712,0
0.9421095135448367,0.0,-0.0371479019522666,0.0,0.24649274262795107,-0.2390165328979492,1.0,0.7947732077677225,-0.1949602514505386,0.9761344558536751,0.8345985071903699,-0.1946281045675277,0.7754185306271703,1.0,-0.2955460548400879,0
1.0,0.0,-0.0403937175869941,0.0,0.2542825793165188,-0.22511987388134,0.9888315152979889,0.792955400838208,-0.1810710430145263,0.9337675858318729,0.8258328712893983,-0.1803440451622009,0.6993665149958854,1.0,-0.274916797876358,0
1.0,0.0,-0.0370294712483882,0.0,0.29997075448337845,-0.2250876724720001,0.6508665856802396,0.7975278876890641,-0.1644154042005539,0.9948556617858435,0.8447464556369972,-0.1624044477939605,0.6837333197325594,1.0,-0.2624782919883728,0
1.0,0.0,-0.0386852994561195,0.0,0.2632943958488703,-0.2023536115884781,0.4598313417848168,0.856546753611286,-0.1689495295286178,0.7818184404865058,0.9287287679851463,-0.1694096624851226,0.16977738680539298,1.0,-0.2617713212966919,0
1.0,0.0,-0.0317969843745231,0.0,0.28244710323114025,-0.2145173698663711,0.4459811589683269,0.8091637935832362,-0.1574076265096664,0.9265676964839981,0.8663693426206355,-0.1550826281309127,0.6783357437519187,1.0,-0.2462178021669387,0
0.8583744188105656,0.0,-0.0340979918837547,0.0,0.3318992814672195,-0.1828601211309433,1.0,0.8261507645446863,-0.1339684277772903,0.983660829397554,0.874645572500161,-0.1334837824106216,0.7810387013317991,1.0,-0.2299361824989318,0
0.958790737354076,0.0,-0.0392440296709537,0.0,0.2818147784691655,-0.1467712819576263,0.6730261964414417,0.8133806794897067,-0.0790805146098136,1.0,0.8541183845893128,-0.0759361535310745,0.8099103251143612,1.0,-0.1553405076265335,0
1.0,0.0,-0.0371061116456985,0.0,0.30333836386936996,-0.1571787446737289,0.5783328584373265,0.8532777015230464,-0.1134775429964065,0.7140779432636564,0.9272256707571066,-0.1137524619698524,0.26526205481875403,1.0,-0.2019097656011581,0
1.0,0.0,-0.0457468591630458,0.0,0.29233827985263733,-0.1355460733175277,0.563185237590894,0.8404043108082744,-0.0968287661671638,0.7620532742792315,0.8781295976628759,-0.096869520843029,0.3253232835308569,1.0,-0.1797264665365219,0
1.0,0.0,-0.0317989215254783,0.0,0.4360991936973776,-0.0928893983364105,0.30097798811830223,0.8497573961492372,-0.0117845628410577,0.9113019109373101,0.8617634507116056,-0.0087043549865484,0.8298279227046232,1.0,-0.0957164466381073,0
0.9134977056040324,0.0,-0.0295285005122423,0.0,0.40388371895512054,-0.1353985518217086,1.0,0.8061507382827189,-0.0602206625044345,0.8429872322214033,0.8526587075300383,-0.0580978579819202,0.6641099407974418,1.0,-0.1509803384542465,0
1.0,0.0,-0.0250792037695646,0.0,0.41070158042457344,-0.1388102918863296,0.9634625989545114,0.8186052500227825,-0.073033295571804,0.644306099289484,0.8581896476045319,-0.0721678584814071,0.3601875863074608,1.0,-0.1706588715314865,0
1.0,0.0,-0.0218679923564195,0.0,0.43675019216246974,-0.1149303168058395,0.6126261638663678,0.8040153628782164,-0.0176024921238422,0.09020622433477234,0.8495986618830194,-0.0142407631501555,0.4096057520193889,1.0,-0.1146131604909896,0
1.0,0.0,-0.0432569570839405,0.0,0.28112059363398606,-0.1150942519307136,0.5276997284125542,0.8453570953762554,-0.0593906790018081,0.6760492843050001,0.8790041749665124,-0.0583261251449584,0.3209531331675777,1.0,-0.142314150929451,0
0.961580552093026,0.0,-0.0318889878690242,0.0,0.34125632907546405,-0.1686371117830276,1.0,0.8131388909440623,-0.1203787103295326,0.7154619989817237,0.8635998550978339,-0.1200466528534889,0.4194713156246891,1.0,-0.2150269001722335,0
1.0,0.0,-0.0424249693751335,0.0,0.3284969293626021,-0.1690317839384079,0.9315670037963424,0.8322002735507033,-0.1063944771885871,0.8376041378000593,0.8842078493415542,-0.1037023514509201,0.6544727657488135,1.0,-0.187421828508377,0
0.9938098488707042,0.0,-0.0430826283991336,0.0,0.3057457668324418,-0.2059419900178909,0.9715980057949453,0.8067230340635526,-0.1520901620388031,1.0,0.8675825887564124,-0.1503017395734787,0.6352713923718925,1.0,-0.2437910735607147,0
1.0,0.0,-0.038470946252346,0.0,0.24160084419016464,-0.2355705946683883,0.5641373180103694,0.8550833624035579,-0.1788678765296936,0.8620580041589221,0.92147807539678,-0.1774587929248809,0.21055094679493688,1.0,-0.2772944867610931,0
0.9321722675981499,0.0,-0.0357095934450626,0.0,0.2376131393476455,-0.2740653455257416,0.930407800424638,0.8076406668977448,-0.1969281584024429,1.0,0.8477800355895265,-0.1935715228319168,0.7666710759662532,1.0,-0.2986311912536621,0
0.9975224993129981,0.0,-0.0371312461793422,0.0,0.2671354952412258,-0.2551613450050354,0.983898392415503,0.7981686562258087,-0.1735885739326477,1.0,0.8398392220643519,-0.1696894317865371,0.7890732344050564,1.0,-0.2704416513442993,0
0.8773747427860459,0.0,-0.0347929485142231,0.0,0.2388386088204139,-0.2666585147380829,0.57459404061189,0.7888313426178318,-0.1952382624149322,1.0,0.8243893239743524,-0.1918695122003555,0.691309358600122,1.0,-0.2902253568172455,0
0.9489331026528297,0.0,-0.0453662276268005,0.0,0.3098336388809795,-0.2024770230054855,0.977300626132806,0.8153006105957596,-0.1458586603403091,1.0,0.8632101901388861,-0.1440745443105697,0.6077895864228069,1.0,-0.2363116145133972,0
0.9206685212292791,0.0,-0.0371561869978904,0.0,0.26096626641028436,-0.2172477543354034,0.6969847048509514,0.8036934115038467,-0.1740539669990539,1.0,0.8823943379925513,-0.1731922328472137,0.6628596876266843,1.0,-0.2680775821208954,0
0.8707495725114209,0.0,-0.0333930067718029,0.0,0.3309352396210614,-0.190610334277153,0.9359121599587116,0.8185918488511201,-0.1199285015463829,1.0,0.8593494975090209,-0.1174454167485237,0.6328787633882561,1.0,-0.2145082950592041,0
0.9608368318703088,0.0,-0.0381136275827884,0.0,0.28535742590641083,-0.2244133651256561,0.7392681242389546,0.7868297175603766,-0.1694549173116684,1.0,0.832975892911575,-0.1674927324056625,0.7445136579248678,1.0,-0.2583577930927276,0
0.8197190001633708,0.0,-0.0220862459391355,0.0,0.3890163290884645,-0.1350811123847961,1.0,0.7940815003609791,-0.0704113095998764,0.8872471818330331,0.8493337791404932,-0.0690526589751243,0.8062800196046385,1.0,-0.1629886329174041,0
1.0,0.0,-0.0321842767298221,0.0,0.30325527023545046,-0.131963700056076,0.897487971209135,0.8180371071527451,-0.081038013100624,0.8411922520243548,0.8742984782790355,-0.0807685330510139,0.7627035766908772,1.0,-0.1697871834039688,0
1.0,0.0,-0.0434953309595584,0.0,0.2884985981206514,-0.1297644823789596,0.5676441985880115,0.8301894480963237,-0.068368025124073,0.7663848158392166,0.8646327943952147,-0.0666099563241005,0.2990218365980879,1.0,-0.1500557363033294,0
0.7853786536805509,0.0,-0.0396834388375282,0.0,0.35190156034873504,-0.1622105091810226,0.9253675849970191,0.8136502886930442,-0.1100374460220336,1.0,0.849432063434625,-0.1089823171496391,0.7675661930780129,1.0,-0.1993042081594467,0
0.9827330450489846,0.0,-0.0386948399245739,0.0,0.32616215913906316,-0.1740664541721344,1.0,0.8122738976400815,-0.1065557524561882,0.9651458755268433,0.8596333748486198,-0.1042536422610282,0.6967075373583667,1.0,-0.1959892064332962,0
0.9627625524243668,0.0,-0.029291121289134,0.0,0.2932077131522866,-0.2042431831359863,1.0,0.7931582400203546,-0.1287180781364441,0.9852077885170184,0.8369407145583213,-0.1260060966014862,0.8001974974092818,1.0,-0.2278338372707367,0
0.946945634460856,0.0,-0.0360830537974834,0.0,0.21645481288338447,-0.241812601685524,0.9987824816502618,0.7853018603018609,-0.1834896355867386,1.0,0.832889986461416,-0.1818592548370361,0.8423808772019042,1.0,-0.2784841358661651,0
0.9145992171197053,0.0,-0.0355838537216186,0.0,0.26296352683556273,-0.245039165019989,1.0,0.7996323765166123,-0.1746342182159423,0.99263947044195,0.8425333668163331,-0.1719405800104141,0.6791463786103648,1.0,-0.2709106802940368,0
0.9301001234180857,0.0,-0.039054051041603,0.0,0.28655285555804466,-0.2207968086004257,0.5620364380984885,0.8131530782561457,-0.173122301697731,1.0,0.8468034496566477,-0.1724178791046142,0.699601966752517,1.0,-0.2672829627990722,0
0.9543055960736533,0.0,-0.0359677895903587,0.0,0.24438427435437268,-0.2395355254411697,0.7016821684141884,0.7882920108172029,-0.2039122730493545,1.0,0.8263031226991288,-0.2042439728975296,0.6998695793935442,1.0,-0.3043120801448822,0
0.9707362689393939,0.0,-0.0438563413918018,0.0,0.2661906105787003,-0.2247963100671768,0.6442850378787879,0.8383379066340021,-0.1973695307970047,1.0,0.9006211385862473,-0.1976828277111053,0.3489713541666667,1.0,-0.2897999584674835,0
0.9038970345709655,0.0,-0.0360603705048561,0.0,0.3503634048645653,-0.1722832769155502,0.953218025594232,0.8270550239198434,-0.1114798486232757,1.0,0.8773169089544959,-0.1095940843224525,0.6722058359415599,1.0,-0.2020895034074783,0
1.0,0.0,-0.0346886999905109,0.0,0.37214536086470473,-0.1602033525705337,0.4595822468345923,0.8359038359488373,-0.1222593933343887,0.7302929290213894,0.889078820677312,-0.1228703558444976,0.6670183786302499,1.0,-0.211322084069252,0
0.8877902279672626,0.0,-0.0347796231508255,0.0,0.3983536197825819,-0.1524574160575866,1.0,0.8222073435592834,-0.1017236039042472,0.8503869706230227,0.8690187844040308,-0.1018585935235023,0.5831137962930439,1.0,-0.1992919445037841,0
1.0,0.0,-0.0417266935110092,0.0,0.2835888219268592,-0.1081160232424736,0.49834857039713476,0.8549744776118388,-0.0617292001843452,0.6715602605553743,0.890885295714594,-0.0613790117204189,0.3051888350903193,1.0,-0.1407116800546646,0
1.0,0.0,-0.0504921190440654,0.11098664716445208,0.2835005029266496,-0.1387834846973419,0.5358138568716115,0.8678905461943072,-0.0878318399190902,0.67437313089487,0.937712635743132,-0.0861203521490097,0.0,1.0,-0.1618005484342575,0
1.0,0.0,-0.0383791774511337,0.0,0.3817260446342729,-0.1349935233592987,0.40903057022430406,0.8443524840386178,-0.0724893808364868,0.8406739014582586,0.8656277553045851,-0.0705582797527313,0.6167191512039115,1.0,-0.1547109484672546,0
1.0,0.0,-0.0296234358102083,0.0,0.3371810562698262,-0.1729704886674881,0.9039379800686209,0.8001702537442349,-0.1107001304626464,0.7828798447821851,0.8596685922806174,-0.1087346524000167,0.6437297630996497,1.0,-0.2011938095092773,0
1.0,0.0,-0.041764173656702,0.0,0.316547802697278,-0.1337169259786605,0.5885659205127011,0.8324704931129057,-0.0922863408923149,0.9757048503849877,0.8834768852131333,-0.0917850360274314,0.19768949698003366,1.0,-0.1753642112016677,0
1.0,0.0,-0.0453538298606872,0.0,0.3019603359942225,-0.1871635019779205,0.9631457598568195,0.8215298900530293,-0.1400741636753082,0.8702932041901353,0.8695882059484278,-0.1390862911939621,0.5054482286676844,1.0,-0.226078376173973,0
0.990936272370144,0.0,-0.0373824499547481,0.0,0.2873808106598274,-0.2235150188207626,0.9394369271060675,0.8130477625313938,-0.1578126698732376,1.0,0.8537958276125708,-0.1553120613098144,0.8099105194238332,1.0,-0.2485768795013427,0
0.89295214216714,0.0,-0.0386208742856979,0.0,0.2718491198440488,-0.2404599338769912,0.9279881143890869,0.8238135966673685,-0.1878045350313186,1.0,0.8748676347043458,-0.1870502531528473,0.6998427021119163,1.0,-0.2854747176170349,0
0.9483367270272374,0.0,-0.0307303667068481,0.0,0.29566392316493395,-0.240305557847023,0.9336781471520194,0.8110505570252414,-0.1516284644603729,1.0,0.8575116907266588,-0.1472712308168411,0.7080697322429957,1.0,-0.2479887455701828,0
0.9815914997445131,0.0,-0.0351525358855724,0.0,0.2129685120795511,-0.2639497220516205,0.9600975984235606,0.8243345007147279,-0.1839447319507599,1.0,0.8681767468922,-0.1800921112298965,0.7459458270072832,1.0,-0.2800828218460083,0
0.9228365813796987,0.0,-0.0345982536673545,0.0,0.27713101253796907,-0.2563250064849853,0.9280640132943293,0.8055807052399585,-0.1664257496595382,1.0,0.8504909150291886,-0.1613418012857437,0.7027968906651251,1.0,-0.2587929368019104,0
0.9354090482579605,0.0,-0.0306331645697355,0.0,0.2638065653526713,-0.2130276709794998,0.5474270605877246,0.8015967053063139,-0.1740956306457519,1.0,0.8631915300026856,-0.174210637807846,0.6872813133040392,1.0,-0.271280288696289,0
0.8426323221280815,0.0,-0.0322208479046821,0.0,0.3100084089692568,-0.1950020492076873,0.9406440739728523,0.8159756446788246,-0.1423064619302749,1.0,0.8603012624883137,-0.1409087479114532,0.6979821444839209,1.0,-0.2348411828279495,0
0.8620829101523916,0.0,-0.0385767817497253,0.0,0.35227093221400435,-0.1620132476091385,0.9699981174742547,0.8303124826485806,-0.1066045090556144,1.0,0.8787750769703568,-0.1047952398657798,0.7475370288165839,1.0,-0.1890630275011062,0
0.7891795993592504,0.0,-0.0304737314581871,0.0,0.36565044176507777,-0.1591374725103378,1.0,0.8107935927688964,-0.1013418361544609,0.737733606627969,0.8619138934276052,-0.1005391180515289,0.6651118728146477,1.0,-0.1946125477552414,0
1.0,0.0,-0.0517772175371646,0.0,0.2990057516008522,-0.1158437356352806,0.4735507307444065,0.8884493611679432,-0.0733923986554145,0.6228504236939449,0.9516348910334173,-0.0725822150707244,0.00506231726432613,1.0,-0.1457254886627197,0
0.8675396881173875,0.0,-0.0317643173038959,0.0,0.4252066084709207,-0.1171062365174293,1.0,0.8078672476955109,-0.0595760308206081,0.7662207854069557,0.8662475744331597,-0.0590770952403545,0.6269772478220034,1.0,-0.1501496881246566,0
1.0,0.0,-0.035666212439537,0.0,0.3921342163040338,-0.1376894563436508,0.6986362085751778,0.8420694876681077,-0.0964598506689071,0.8754684375785917,0.8744101665772761,-0.0969723910093307,0.8050228958593231,1.0,-0.1802743077278137,0
1.0,0.0,-0.0441477186977863,0.0,0.29597878953100704,-0.1166174560785293,0.5574602644446369,0.8523135613151657,-0.0743969157338142,0.8825397789318328,0.8589615427374028,-0.0745222121477127,0.3425266141739093,1.0,-0.158301293849945,0
1.0,0.0,-0.0448784828186035,0.0,0.25532218565398523,-0.1535024940967559,0.5620845047603122,0.8350503810434641,-0.1098416224122047,0.8125235626889539,0.8733728124140787,-0.1088013797998428,0.34476459121136577,1.0,-0.189354583621025,0
1.0,0.0,-0.0370904617011547,0.0,0.37722766702223837,-0.1247651353478431,0.4773690109143986,0.8299481032179763,-0.068226583302021,0.8635327873807723,0.8533105928334803,-0.0668043196201324,0.6617047298836913,1.0,-0.1489976942539215,0
1.0,0.0,-0.0438562668859958,0.0,0.26343395697947036,-0.1665955334901809,0.5992349918070173,0.8319460197191996,-0.1266736537218094,0.8545436205970762,0.8693164421006424,-0.1259139776229858,0.39117768343731746,1.0,-0.2071997076272964,0
0.9527369027354547,0.0,-0.0344439409673213,0.0,0.2996200371521105,-0.1997480690479278,1.0,0.8204610120214636,-0.1534498333930969,0.8665705616032384,0.8606601696199404,-0.1533168256282806,0.6389946294860203,1.0,-0.2537089586257934,0
1.0,0.0,-0.039565123617649,0.0,0.314453806362359,-0.1926376819610595,0.9971356277361872,0.7960812980725983,-0.1233903095126152,0.9524153978891962,0.8362838711812043,-0.1205264031887054,0.7975156073427875,1.0,-0.2141660004854202,0
1.0,0.0,-0.037552822381258,0.0,0.27073852870450243,-0.2010977864265442,0.534513871473962,0.8680400653175626,-0.0907289087772369,0.8326995018110087,0.9139581588880461,-0.0838454663753509,0.2359417374825815,1.0,-0.1759469807147979,0
0.9587331935516455,0.0,-0.0320872291922569,0.0,0.2511872667962133,-0.2315392792224884,0.9967748373251599,0.8116075113625102,-0.1720588058233261,1.0,0.8546700554524785,-0.1706400364637375,0.6761212306373191,1.0,-0.271738052368164,0
0.8959223601454642,0.0,-0.0329613909125328,0.0,0.29096935417780373,-0.2164540886878967,0.4590743790690734,0.8270665732768058,-0.1532590687274933,1.0,0.8571306480011054,-0.1514709889888763,0.55534381942986,1.0,-0.2486978620290756,0
1.0,0.0,-0.0328832939267158,0.0,0.2579114685829723,-0.2345075756311416,0.5677868808611672,0.8270534084443633,-0.197856143116951,0.9764359988313671,0.8728479703481616,-0.198192611336708,0.52491986223299,1.0,-0.2948753535747528,0
0.9871739662083826,0.0,-0.0321605391800403,0.0,0.23461527975417662,-0.2265195101499557,0.9644340064010523,0.7915020704723565,-0.1445746719837188,1.0,0.8260682751812357,-0.1400386244058609,0.8944889257498887,1.0,-0.239684447646141,0
0.9514094319332697,0.0,-0.0418952628970146,0.0,0.26904982400131866,-0.2139203250408172,0.675356817814789,0.8324377606634814,-0.1481058299541473,1.0,0.8902731178551363,-0.1450636982917785,0.3462481706866701,1.0,-0.2386358231306076,0
0.8745810181660664,0.0,-0.0375423058867454,0.0,0.3110164180768783,-0.1847394555807113,0.9804614536712825,0.7993818892988505,-0.1359592527151107,1.0,0.8444753321491217,-0.1350841969251632,0.8536142343381755,1.0,-0.2271752059459686,0
0.8786886591629494,0.0,-0.0423482842743396,0.0,0.2657490365704021,-0.2187005579471588,0.6768513491579307,0.7796897948754911,-0.160688504576683,1.0,0.8405091880259803,-0.1584397405385971,0.6842337980712723,1.0,-0.2519273459911346,0
0.7566446462762514,0.0,-0.0316255502402782,0.0,0.29863561258615123,-0.1976428478956222,0.869008716731062,0.8001528092982672,-0.1331798881292343,1.0,0.8433857240549992,-0.1309263408184051,0.6406392443584197,1.0,-0.2268102765083313,0
0.7469804379484559,0.0,-0.0323517546057701,0.0,0.2991853278623519,-0.1921571195125579,1.0,0.8107046984604985,-0.1565552055835724,0.8434206554299041,0.8859715391643388,-0.1575340330600738,0.6118108747358609,1.0,-0.253777414560318,0
1.0,0.0,-0.0416174866259098,0.07301035300089652,0.30320681898738944,-0.1649454683065414,0.4535650102138146,0.8867568956242159,-0.1370866894721985,0.5687559614699726,0.962404976612971,-0.1375034153461456,0.0,1.0,-0.216441735625267,0
0.90216442089154,0.0,-0.0288387741893529,0.0,0.4016610473942661,-0.1477134674787521,1.0,0.8008108461667838,-0.0956931486725807,0.7259528543673854,0.8577030935496177,-0.0952583104372024,0.5727508825227777,1.0,-0.1885603070259094,0
1.0,0.0,-0.0458696670830249,0.05037186568277407,0.3067081342606735,-0.1029399111866951,0.4888382176019671,0.9102102502660101,-0.051347654312849,0.6204596837155959,0.9702561359231908,-0.0507371798157691,0.0,1.0,-0.1340835392475128,0
1.0,0.0,-0.0411731041967868,0.17831576598567972,0.26165624806614496,-0.1431722939014434,0.2626437822983487,0.8042937638281653,-0.1125984638929367,0.49279278495145207,0.902841481426404,-0.113771341741085,0.0,1.0,-0.1910219490528106,0
0.9949938389676276,0.0,-0.0297821667045354,0.0,0.39529233577216993,-0.1345248520374298,1.0,0.8104372370032787,-0.09178327023983,0.7132877227896359,0.8641123482521456,-0.0926698446273803,0.3669655239970987,1.0,-0.1892706006765365,0
1.0,0.0,-0.0386449359357357,0.0,0.3282685020857003,-0.1728866994380951,0.9279581722947878,0.8432822126554319,-0.1510793268680572,0.7737937390094142,0.8920653710212736,-0.1527631729841232,0.3109948185554052,1.0,-0.2429789453744888,0
1.0,0.0,-0.0311191324144601,0.0,0.3516758632210857,-0.1582985669374466,0.9722553669370607,0.8217138163224353,-0.098538652062416,0.5818301230309533,0.8661687263422727,-0.0974792540073394,0.7112683117586307,1.0,-0.1934222728013992,0
0.8653705184090258,0.0,-0.0348611399531364,0.0,0.35649707069553765,-0.1517938673496246,1.0,0.8206589601542188,-0.0902844443917274,0.9495889832425829,0.870259307013686,-0.0883742868900299,0.864658592135628,1.0,-0.1759853214025497,0
0.9032751830656575,0.0,-0.0249389111995697,0.0,0.3529116577498823,-0.1593641489744186,1.0,0.7998940978872867,-0.0847642123699188,0.9067442003569011,0.8377713059820011,-0.0821223184466362,0.8432788751461449,1.0,-0.1748279929161071,0
0.8806795636268759,0.0,-0.0386644527316093,0.0,0.3777219347892158,-0.144280806183815,0.977447532491534,0.8453969279981073,-0.0703210458159446,1.0,0.8874231349552504,-0.0673807635903358,0.7436742747498247,1.0,-0.1561596095561981,0
0.9068319900805951,0.0,-0.0309052281081676,0.0,0.33375879346895254,-0.1972718685865402,0.9733911965282083,0.8003837826894117,-0.1100189462304115,1.0,0.8381480572319714,-0.1062138602137565,0.6789797183597556,1.0,-0.2048185765743255,0
0.832835131132561,0.0,-0.0342684127390384,0.0,0.3230565655934292,-0.209594115614891,0.9606990935730866,0.8203164414464692,-0.117014393210411,1.0,0.8655962568396802,-0.1125779822468757,0.6580218256677374,1.0,-0.2140637338161468,0
0.9420500552830314,0.0,-0.0354307182133197,0.0,0.2097139858889311,-0.2650405168533325,0.5732571565346175,0.8034739003307777,-0.1736974865198135,1.0,0.8567350734495689,-0.1686442643404007,0.6425873818690696,1.0,-0.2694230675697326,0
0.9882682748710218,0.0,-0.0335369780659675,0.0,0.21805244976346072,-0.2723330855369568,0.6597182725713419,0.857839663352266,-0.1786114871501922,1.0,0.9051919826362277,-0.173661008477211,0.6283562684184593,1.0,-0.2801524400711059,0
0.9172955472060077,0.0,-0.0336340554058551,0.0,0.23011141389664164,-0.266724556684494,0.9598888800063914,0.7964662557957602,-0.1897524744272232,1.0,0.8485170832906913,-0.1861150562763214,0.693786473738908,1.0,-0.2870047986507416,0
1.0,0.0,-0.0381653942167758,0.0,0.20078542821409975,-0.2745746970176697,0.5088913520026868,0.8495571625310838,-0.1913041770458221,0.666012856595631,0.9650520942319207,-0.1860889792442321,0.185596578441648,1.0,-0.2760112881660461,0
1.0,0.0,-0.0318016670644283,0.0,0.33185439473593825,-0.2384326606988906,0.8175427811862566,0.8283474485519914,-0.1396680623292923,0.8528335176174296,0.8739525157233397,-0.1357884109020233,0.6566288385312079,1.0,-0.2514647841453552,0
0.9246806069178639,0.0,-0.0292753390967845,0.0,0.35226767071709736,-0.1485198587179184,1.0,0.7923145477390081,-0.0315517485141754,0.9097945318313764,0.8254824409445533,-0.0255895294249057,0.7981049438470265,1.0,-0.1447435915470123,0
1.0,0.0,-0.0335631594061851,0.0,0.40281624271327066,-0.1166849955916404,0.34013461562386976,0.8362932862989114,0.0366745442152023,0.8005814266933733,0.8941853594413812,0.0469006821513175,0.5884208169003554,1.0,-0.0642376914620399,0
1.0,0.0,-0.0256353933364152,0.0,0.36146051638687166,-0.1899209171533584,0.8662712408980473,0.7924066290320144,-0.0796200782060623,0.8419536391565373,0.8305266302420595,-0.0747022330760955,0.7696723116523116,1.0,-0.1870600283145904,0
1.0,0.0,-0.0212756991386413,0.0,0.3223379513656332,-0.2173821330070495,0.7869044062733367,0.7949097927950262,-0.1263657659292221,0.785638536221059,0.8276202279307453,-0.1223396062850952,0.5076064227035064,1.0,-0.2281047403812408,0
1.0,0.0,-0.0302893929183483,0.0,0.3861122957277747,-0.1661527603864669,0.9610820832128667,0.8107856116424768,-0.0380643606185913,0.994792862018295,0.8611536761003115,-0.0308880396187305,0.7900989862921421,1.0,-0.1372625082731247,0
1.0,0.0,-0.0308145098388195,0.0,0.4145069102421862,-0.1034232899546623,0.8435563793072889,0.7944920694244146,0.0698089525103569,0.8508587358618123,0.8208550667825925,0.0826108679175376,0.7281492678653216,1.0,-0.0064540924504399,0
