FACE_NECK_1_x,FACE_NECK_1_y,FACE_NECK_1_z,FACE_NECK_2_x,FACE_NECK_2_y,FACE_NECK_2_z,FACE_NECK_3_x,FACE_NECK_3_y,FACE_NECK_3_z,FACE_NECK_4_x,FACE_NECK_4_y,FACE_NECK_4_z,FACE_NECK_5_x,FACE_NECK_5_y,FACE_NECK_5_z,FACE_NECK_6_x,FACE_NECK_6_y,FACE_NECK_6_z,FACE_NECK_7_x,FACE_NECK_7_y,FACE_NECK_7_z,FACE_NECK_8_x,FACE_NECK_8_y,FACE_NECK_8_z,FACE_NECK_9_x,FACE_NECK_9_y,FACE_NECK_9_z,FACE_NECK_10_x,FACE_NECK_10_y,FACE_NECK_10_z,FACE_NECK_11_x,FACE_NECK_11_y,FACE_NECK_11_z
1110.7245254516602,777.9960536956787,-0.10754276067018509,1125.17578125,773.6167573928833,-0.09133187681436539,1126.2107849121094,774.8386216163635,-0.09133859723806381,1127.1147537231445,775.8852624893188,-0.09137846529483795,1122.443618774414,765.4225873947144,-0.1085900291800499,1121.1722946166992,760.7784605026245,-0.10857273638248444,1119.1617965698242,755.3205299377441,-0.10854358971118927,1118.4769821166992,764.4835782051086,-0.0022074016742408276,1107.6987075805664,737.2986602783203,-0.07708635181188583,1096.0235595703125,780.9547662734985,-0.07180207222700119,1093.2077407836914,772.2352480888367,-0.09347673505544662
1110.7016372680664,778.0568861961365,-0.10344221442937851,1124.3792724609375,773.0481505393982,-0.08851755410432816,1125.3180313110352,774.0049910545349,-0.08851920813322067,1126.2255477905273,774.7561597824097,-0.0885518491268158,1121.8223190307617,765.6278085708618,-0.10458443313837051,1120.191535949707,760.8571887016296,-0.10456817597150803,1117.9365921020508,755.344090461731,-0.1045345589518547,1117.4695587158203,763.060290813446,-0.004261539317667484,1105.8384704589844,737.0767021179199,-0.07389234751462936,1097.3206329345703,780.9847640991211,-0.06936072558164597,1093.3209228515625,772.6731777191162,-0.0895378440618515
1113.629150390625,776.6234278678894,-0.06215247884392738,1125.8103561401367,768.7460374832153,-0.05165663734078407,1126.3648223876953,768.7616157531738,-0.051667653024196625,1126.867561340332,768.6176133155823,-0.05170153081417084,1123.7083053588867,763.7600898742676,-0.06957673281431198,1122.1759414672852,759.903244972229,-0.06954719871282578,1119.755630493164,754.8676657676697,-0.06950791925191879,1115.8101654052734,752.5347232818604,0.014188040979206562,1105.4338073730469,734.0047574043274,-0.06487061083316803,1099.786605834961,778.722825050354,-0.03455931320786476,1096.0424423217773,772.3040628433228,-0.05747218802571297
1100.8583450317383,765.3343963623047,0.016275836154818535,1110.9819030761719,752.8048324584961,0.020565498620271683,1110.6272506713867,751.1981463432312,0.020539719611406326,1110.080795288086,749.2807960510254,0.020508000627160072,1110.3430938720703,752.0835971832275,-0.0036584967747330666,1109.4815826416016,750.214204788208,-0.0036416177172213793,1108.3650970458984,748.1422305107117,-0.0036494098603725433,1093.4425735473633,730.9172344207764,0.05846772342920303,1093.5369873046875,734.9592804908752,-0.050592176616191864,1085.3145217895508,766.2578916549683,0.033936891704797745,1085.016860961914,764.2059373855591,0.002262284280732274
1098.8628387451172,763.1515717506409,0.007867835462093353,1107.9911041259766,750.019862651825,0.013043869286775589,1107.586441040039,748.4365439414978,0.013014615513384342,1106.9799041748047,746.588716506958,0.01298864372074604,1107.1479034423828,749.3068027496338,-0.012070923112332821,1106.2123489379883,747.4848532676697,-0.012060442939400673,1105.0622177124023,745.479633808136,-0.012064461596310139,1090.1340866088867,729.433114528656,0.05443871393799782,1089.6324920654297,732.8927779197693,-0.058444079011678696,1083.5405731201172,765.2633285522461,0.02681989036500454,1082.9284286499023,763.440670967102,-0.00597061263397336
1086.5195846557617,766.3545155525208,-0.008572284132242203,1096.1671829223633,752.8042531013489,-0.003897602902725339,1095.706672668457,751.223509311676,-0.003920184448361397,1095.1585006713867,749.3810892105103,-0.003941432572901249,1095.9383010864258,751.8767023086548,-0.02755616419017315,1095.3374862670898,749.8860955238342,-0.027541305869817734,1094.6144485473633,747.7046871185303,-0.027545088902115822,1079.428367614746,731.5743541717529,0.03678569570183754,1079.7739791870117,734.7372579574585,-0.06908392161130905,1072.1205139160156,767.670750617981,0.010348426178097725,1072.3249053955078,765.762734413147,-0.020539887249469757
1078.454475402832,766.9717884063721,-0.0017870336305350065,1088.2788848876953,754.5047950744629,0.003384712152183056,1087.8855514526367,752.6160264015198,0.0033630284015089273,1087.4206924438477,750.4601097106934,0.0033504776656627655,1088.2682418823242,754.0391206741333,-0.02058478072285652,1087.866325378418,752.0413684844971,-0.020582646131515503,1087.3877334594727,749.8696160316467,-0.020593060180544853,1073.3436584472656,731.457839012146,0.04386220872402191,1073.6402893066406,735.5760383605957,-0.06355989724397659,1063.117446899414,766.8715596199036,0.01675189658999443,1063.3982849121094,765.4783987998962,-0.014622162096202374
1081.5111923217773,763.8277459144592,0.00516938092187047,1090.0865936279297,751.22962474823,0.010225308127701283,1089.7751998901367,749.7440886497498,0.010205292142927647,1089.4071578979492,748.0099439620972,0.010182938538491726,1089.6913146972656,750.2517986297607,-0.01256308238953352,1089.1248321533203,748.3164238929749,-0.012562261894345284,1088.4722900390625,746.1893463134766,-0.012568756937980652,1074.2926025390625,730.7627391815186,0.05126287043094635,1074.3284225463867,733.8090634346008,-0.050640616565942764,1067.417221069336,765.9643507003784,0.02381937950849533,1067.1742630004883,763.8989424705505,-0.005891657900065184
1106.3434982299805,755.9495830535889,0.0041728210635483265,1114.2354583740234,741.4298629760742,0.008322052657604218,1113.541488647461,739.5356225967407,0.008314738981425762,1112.7415466308594,737.482316493988,0.008304979652166367,1114.5477676391602,741.4146709442139,-0.013582384213805199,1114.1553497314453,739.7080779075623,-0.013583909720182419,1113.6411666870117,737.9149675369263,-0.013604478910565376,1096.1338806152344,721.3956928253174,0.0456191822886467,1099.350700378418,727.5671982765198,-0.05229268968105316,1090.997657775879,756.4926338195801,0.021668974310159683,1091.6204452514648,755.6609988212585,-0.006843115668743849
1121.3615798950195,740.1667356491089,0.012007342651486397,1127.625732421875,725.388879776001,0.01656161993741989,1126.692008972168,723.8055610656738,0.016558732837438583,1125.5718612670898,722.0952343940735,0.01654639095067978,1127.0597076416016,725.1568794250488,-0.0057469820603728294,1125.7884979248047,723.5443997383118,-0.005758245475590229,1124.2539596557617,721.802659034729,-0.0057784272357821465,1106.3136291503906,708.7263751029968,0.05507293716073036,1106.8006896972656,712.2191905975342,-0.044691044837236404,1107.1277618408203,744.5016145706177,0.03001975268125534,1106.4068984985352,742.5416493415833,0.0010150059824809432
1119.3205261230469,738.8064694404602,0.023257458582520485,1125.3493881225586,723.9975214004517,0.027981771156191826,1124.5225524902344,722.6824450492859,0.027980217710137367,1123.4236907958984,721.1769533157349,0.027963625267148018,1124.1966247558594,723.3691120147705,0.005293417256325483,1122.6459503173828,721.6842770576477,0.005291894543915987,1120.7576751708984,719.7880411148071,0.0052721076644957066,1103.70849609375,708.7096381187439,0.06551037728786469,1103.020362854004,710.2675938606262,-0.03644225746393204,1104.6852493286133,743.3889269828796,0.0406104139983654,1102.7579498291016,741.0801887512207,0.010953529737889767
1166.02294921875,777.2255086898804,0.04004739597439766,1170.9349822998047,763.8555550575256,0.04447523504495621,1169.8761749267578,762.770676612854,0.04446081817150116,1168.6548614501953,761.523449420929,0.04443736374378204,1170.4829406738281,763.3533811569214,0.022200962528586388,1169.1555404663086,761.9402003288269,0.02219054475426674,1167.5933074951172,760.2803421020508,0.02214924432337284,1151.72607421875,751.4917516708374,0.0796348825097084,1150.6264114379883,750.7606673240662,-0.02043294906616211,1152.531623840332,782.051682472229,0.056762490421533585,1152.0178985595703,780.7999491691589,0.027722535654902458
1180.7548141479492,805.5203461647034,0.05232326686382294,1184.424819946289,793.1244206428528,0.05662703514099121,1183.3422088623047,791.7297792434692,0.05659867823123932,1182.0540618896484,790.2204895019531,0.0565510131418705,1184.23828125,793.7266302108765,0.03487984836101532,1183.213233947754,792.7699828147888,0.03487355262041092,1181.9960403442383,791.6900610923767,0.03482865169644356,1165.8302307128906,778.9751672744751,0.08957643806934357,1166.6591262817383,782.8532552719116,-0.0077292425557971,1168.1526947021484,808.8668417930603,0.06782270967960358,1168.2001876831055,808.6557626724243,0.03962985798716545
1192.3511123657227,816.421594619751,0.035544510930776596,1195.0035095214844,803.1348752975464,0.039555396884679794,1194.008903503418,801.9148135185242,0.039521828293800354,1192.8159713745117,800.6758260726929,0.039476968348026276,1194.1651153564453,803.7971448898315,0.018492868170142174,1192.7787780761719,803.0095410346985,0.018484408035874367,1191.2642669677734,802.1415996551514,0.018439216539263725,1175.431137084961,791.8762922286987,0.07076592743396759,1175.697898864746,795.5059003829956,-0.0234376173466444,1179.2842483520508,821.1804342269897,0.05042635649442673,1178.935546875,820.8935880661011,0.02305486612021923
1198.4523010253906,846.4439463615417,0.04047028347849846,1199.8540878295898,833.6427927017212,0.04653633385896683,1198.8652038574219,832.534031867981,0.04651062935590744,1197.703857421875,831.3979125022888,0.04646627604961395,1199.6825408935547,833.6016583442688,0.02382860891520977,1198.6517715454102,832.5663471221924,0.023814765736460686,1197.4422454833984,831.5804100036621,0.023749109357595444,1183.5796737670898,822.5762987136841,0.08371152728796005,1183.5722351074219,825.3042340278625,-0.018663303926587105,1186.9247817993164,853.001754283905,0.05689926818013191,1186.4886474609375,852.9781937599182,0.027216924354434013
1193.3378219604492,832.0683574676514,0.009688488207757473,1194.3029022216797,818.8760733604431,0.015371959656476974,1193.5483932495117,817.4747371673584,0.015340258367359638,1192.6156997680664,815.9438824653625,0.015300472266972065,1193.2455825805664,818.8795495033264,-0.007328307721763849,1191.888198852539,817.5785708427429,-0.007346846628934145,1190.4071044921875,816.1830925941467,-0.007396848406642675,1175.3707122802734,806.2485980987549,0.052007947117090225,1174.574089050293,809.7955513000488,-0.049775972962379456,1182.692985534668,838.8141989707947,0.026181016117334366,1181.7597198486328,837.5642037391663,-0.0032742649782449007
1180.0130081176758,794.3122315406799,0.03230850398540497,1181.421775817871,777.2222900390625,0.03747350722551346,1179.5085525512695,774.9629902839661,0.03744300827383995,1177.3250198364258,773.1633138656616,0.0373910628259182,1182.612190246582,780.2603101730347,0.016464412212371826,1181.9211959838867,780.1088404655457,0.016456058248877525,1180.8247375488281,779.7015523910522,0.016400758177042007,1159.2583465576172,766.461181640625,0.07020242512226105,1165.5850982666016,775.7774376869202,-0.023769931867718697,1167.04833984375,798.9915704727173,0.04751887172460556,1168.7382888793945,801.0910320281982,0.0202073622494936
1175.9749603271484,779.9169445037842,0.030942702665925026,1177.950553894043,762.5444054603577,0.035231269896030426,1176.5153503417969,760.936496257782,0.035205088555812836,1174.7518157958984,759.3047046661377,0.03516632691025734,1177.3990631103516,763.7653040885925,0.013976043090224266,1175.8910751342773,763.0236625671387,0.013972785323858261,1174.1888809204102,762.2760987281799,0.013930444605648518,1155.4827117919922,751.3674473762512,0.0668533593416214,1157.768440246582,757.5011014938354,-0.028308244422078133,1162.7185821533203,787.3024606704712,0.04591815918684006,1162.4109649658203,786.9830417633057,0.01828569360077381
1156.995849609375,741.4522647857666,0.0010709483176469803,1158.9462661743164,726.3168811798096,0.006983001250773668,1157.7333068847656,724.919536113739,0.006949718575924635,1156.3010787963867,723.4976649284363,0.006922935135662556,1158.4251022338867,727.0130753517151,-0.016359398141503334,1156.9804000854492,726.1465501785278,-0.01638225093483925,1155.3355407714844,725.2381825447083,-0.016427192836999893,1135.1502227783203,715.7150316238403,0.04804518073797226,1137.1791458129883,720.7067084312439,-0.056600697338581085,1142.1892547607422,749.483699798584,0.019850416108965874,1141.9303894042969,748.6832857131958,-0.010440797545015812
1144.3224334716797,733.7856960296631,0.013022092171013355,1148.9591217041016,717.8668284416199,0.018490100279450417,1148.0779266357422,716.6123914718628,0.018468117341399193,1146.866111755371,715.2504515647888,0.01844635047018528,1147.2789001464844,718.0779719352722,-0.004116714466363192,1145.478858947754,717.069890499115,-0.00412421440705657,1143.4197235107422,715.9787678718567,-0.004162586759775877,1124.9162292480469,705.3463411331177,0.05709341540932655,1124.3837356567383,710.1161241531372,-0.04457679018378258,1130.1445770263672,741.3676142692566,0.030589938163757324,1128.3520889282227,739.4968700408936,0.0010874581057578325
1139.337158203125,734.1566133499146,0.0019100169884040952,1143.8280487060547,718.2667136192322,0.006604328751564026,1142.7660369873047,716.7721009254456,0.006590060889720917,1141.3958358764648,715.0679540634155,0.006579653359949589,1142.7653503417969,718.1944870948792,-0.013955294154584408,1141.2190246582031,716.7916059494019,-0.013980933465063572,1139.4477081298828,715.2452373504639,-0.014013164676725864,1121.1064910888672,703.6822986602783,0.04546583816409111,1121.7274475097656,707.5769948959351,-0.046214498579502106,1125.2106857299805,740.7817554473877,0.02002878673374653,1124.0874481201172,739.1746830940247,-0.00662049138918519
1122.4389266967773,737.280764579773,-0.019979557022452354,1127.859764099121,721.6428852081299,-0.014383918605744839,1127.1101760864258,720.3028964996338,-0.014397134073078632,1126.1662673950195,718.7968897819519,-0.014412211254239082,1126.636619567871,721.3194108009338,-0.035669080913066864,1125.139389038086,719.8628425598145,-0.03567260503768921,1123.4153366088867,718.244891166687,-0.035677120089530945,1106.7024993896484,706.5615749359131,0.028843343257904053,1106.0286712646484,709.6586894989014,-0.06635921448469162,1108.6641311645508,743.3456683158875,-0.00042279480840079486,1106.9332122802734,741.5851306915283,-0.028105830773711205
1120.3883743286133,742.6661467552185,-0.024182306602597237,1126.7480850219727,726.7985844612122,-0.01895870640873909,1126.0792922973633,725.2580094337463,-0.018972810357809067,1125.1812744140625,723.5060334205627,-0.018989412114024162,1125.7152557373047,726.2249565124512,-0.0398915633559227,1124.4130325317383,724.4790315628052,-0.039887990802526474,1122.857666015625,722.5675392150879,-0.03989022970199585,1106.513900756836,709.792971611023,0.02402600646018982,1106.6250228881836,713.177318572998,-0.06948363035917282,1106.2580108642578,747.8052377700806,-0.0043858131393790245,1104.5146179199219,745.9079074859619,-0.03159680217504501
1162.1953582763672,789.7622179985046,0.060663290321826935,1168.2377243041992,776.6493058204651,0.06523137539625168,1167.1639251708984,774.9758005142212,0.06522171199321747,1165.8699417114258,773.2135248184204,0.06519098579883575,1168.4458923339844,777.51216173172,0.04389771446585655,1167.72216796875,776.4659070968628,0.04387287050485611,1166.795654296875,775.339572429657,0.04381173476576805,1149.1960144042969,761.0645341873169,0.0977698341012001,1151.059455871582,766.2184309959412,0.0028577083721756935,1148.4696578979492,793.2845163345337,0.07610189914703369,1149.2962646484375,793.0939722061157,0.048520397394895554
1169.9396896362305,808.4108877182007,0.039919570088386536,1174.8517227172852,796.6920375823975,0.04379875585436821,1173.7953186035156,795.1809453964233,0.04377556964755058,1172.5243377685547,793.4579372406006,0.04374464973807335,1174.7476959228516,797.4607157707214,0.024027077481150627,1173.804702758789,796.5809297561646,0.02401365526020527,1172.739486694336,795.571882724762,0.023955997079610825,1156.5137100219727,781.0136675834656,0.07682452350854874,1158.4437561035156,786.8925333023071,-0.01113010011613369,1156.2005996704102,811.8330216407776,0.05583224445581436,1156.8061065673828,811.6549015045166,0.03025517612695694
1187.3231506347656,832.668764591217,0.04707714542746544,1189.676399230957,820.9456014633179,0.050755441188812256,1188.6206817626953,819.6669602394104,0.05072486028075218,1187.5221633911133,818.1465339660645,0.05068269744515419,1189.5935440063477,820.5493855476379,0.030071448534727097,1188.5396575927734,819.1299605369568,0.030063049867749214,1187.4121856689453,817.5423288345337,0.0300129484385252,1170.3721618652344,804.6538209915161,0.08114231377840042,1170.6159210205078,807.6207089424133,-0.011297455988824368,1174.4322967529297,835.8095240592957,0.061535608023405075,1174.4512939453125,834.2757081985474,0.03461214527487755
1194.9506378173828,871.1449670791626,0.03891696408390999,1196.6292572021484,857.4900984764099,0.04456692561507225,1195.7036590576172,856.1440587043762,0.04454938322305679,1194.5308685302734,854.8552465438843,0.04451420158147812,1195.8677673339844,857.9036951065063,0.023102549836039543,1194.6323776245117,856.7914581298828,0.02308753691613674,1193.254623413086,855.7838273048401,0.02304025925695896,1179.4999694824219,845.0412583351135,0.08117404580116272,1179.737434387207,848.5259628295898,-0.015451735816895962,1183.9134979248047,875.0754547119141,0.054991915822029114,1183.0086135864258,875.0193858146667,0.026990462094545364
1183.67431640625,837.5836443901062,0.02530485764145851,1185.6534576416016,823.4318804740906,0.029183896258473396,1184.5075607299805,821.6716003417969,0.029155660420656204,1183.0632019042969,819.9014067649841,0.029115697368979454,1185.6349182128906,823.6239051818848,0.0084447106346488,1184.7247695922852,822.0535898208618,0.008436485193669796,1183.6070251464844,820.585949420929,0.008384217508137226,1165.5633544921875,807.2114896774292,0.06163925305008888,1168.0009460449219,812.2231221199036,-0.03166407719254494,1172.504997253418,842.2161197662354,0.040399130433797836,1172.6361465454102,841.2144756317139,0.013312194496393204
1181.150779724121,805.0791335105896,0.04328630492091179,1182.8406143188477,787.2219944000244,0.048582810908555984,1181.3457870483398,785.1555562019348,0.048558641225099564,1179.499855041504,783.2577109336853,0.04852405935525894,1182.9032135009766,790.0369620323181,0.027770569548010826,1181.8622589111328,789.8160338401794,0.027774997055530548,1180.572166442871,789.7153544425964,0.027737688273191452,1162.349510192871,776.1205458641052,0.08026448637247086,1165.6880950927734,786.1804389953613,-0.013505383394658566,1169.0855026245117,810.9370136260986,0.05784616619348526,1169.256477355957,812.6406455039978,0.030623311176896095
1138.7977981567383,750.5712175369263,0.01292018499225378,1144.0767288208008,734.8398685455322,0.01724082976579666,1143.0751419067383,733.2034420967102,0.017219699919223785,1141.8292236328125,731.4852619171143,0.017197024077177048,1143.9532470703125,735.033438205719,-0.0046966904774308205,1143.031997680664,733.6932563781738,-0.004711874295026064,1141.9351959228516,732.2808480262756,-0.004749434068799019,1122.6445770263672,719.0482664108276,0.05411313846707344,1126.0086822509766,724.2665362358093,-0.0438520684838295,1123.0686950683594,754.4371390342712,0.03037407249212265,1123.1777572631836,753.0373477935791,0.0019080613274127245
1133.1821823120117,748.0998086929321,0.017602840438485146,1139.7373580932617,733.499493598938,0.023093074560165405,1138.8397979736328,731.9762992858887,0.023077888414263725,1137.7445983886719,730.2175641059875,0.02306310459971428,1139.1222381591797,733.1230401992798,-0.0004118717915844172,1137.9840087890625,731.507728099823,-0.0004328892391640693,1136.6989517211914,729.6637630462646,-0.0004667780303861946,1118.8023376464844,716.2222909927368,0.061451319605112076,1120.9947967529297,719.9574708938599,-0.043953921645879745,1118.38623046875,752.6476335525513,0.035401999950408936,1117.4578857421875,751.1373782157898,0.004788711201399565
1135.2146530151367,750.5562829971313,0.011937947943806648,1142.4159622192383,736.1056351661682,0.016791509464383125,1141.8483352661133,734.9833559989929,0.016774050891399384,1141.0847854614258,733.6725926399231,0.0167491864413023,1141.0858154296875,734.9987411499023,-0.005735989194363356,1139.681510925293,733.2541680335999,-0.005742178298532963,1137.996597290039,731.2335634231567,-0.005774480290710926,1123.285789489746,721.0142827033997,0.05679532140493393,1121.7350006103516,721.3956928253174,-0.04403821751475334,1121.1356735229492,756.6273665428162,0.030322033911943436,1119.1228866577148,754.0152382850647,0.0010434341384097934
1146.1138916015625,770.1400995254517,0.03539227321743965,1153.484001159668,756.7385387420654,0.040059465914964676,1152.6023483276367,755.2117395401001,0.040043387562036514,1151.6007614135742,753.5522031784058,0.04001322761178017,1153.8185119628906,756.8571138381958,0.018695974722504616,1153.3143997192383,755.5222749710083,0.018685992807149887,1152.6905822753906,754.0134358406067,0.018637623637914658,1136.532325744629,742.7904510498047,0.07570485770702362,1139.2039489746094,745.900182723999,-0.019683387130498886,1131.7390823364258,772.5504183769226,0.05228232592344284,1132.474250793457,771.8892431259155,0.024595631286501884
1162.0192337036133,801.6176676750183,0.03531552851200104,1168.5955810546875,789.3608522415161,0.03962850943207741,1167.6577377319336,787.8097200393677,0.039613764733076096,1166.5410232543945,786.0694599151611,0.03958701342344284,1168.3327102661133,789.8418474197388,0.019237881526350975,1167.3223114013672,788.6674904823303,0.019215283915400505,1166.1207962036133,787.290358543396,0.01915142312645912,1150.4109191894531,772.1811747550964,0.07447964698076248,1151.1602783203125,776.9051885604858,-0.01613902673125267,1147.3048782348633,804.561767578125,0.05169979855418205,1147.6885986328125,803.7426209449768,0.025341810658574104
1172.226219177246,824.0919613838196,0.027886750176548958,1178.4722900390625,811.3989543914795,0.03179255500435829,1177.672004699707,809.9786925315857,0.031769007444381714,1176.7192840576172,808.4453916549683,0.03173615410923958,1178.1313705444336,811.5540289878845,0.010625054128468037,1177.2175598144531,810.2835631370544,0.010609513148665428,1176.1165237426758,808.8688373565674,0.01056633424013853,1160.4808044433594,795.6025886535645,0.06639759987592697,1160.6371307373047,798.5616230964661,-0.02793603017926216,1158.7066268920898,826.5996766090393,0.04405492544174194,1159.3353652954102,825.3991842269897,0.016697173938155174
1178.0023956298828,837.4803900718689,0.04375767707824707,1183.2087707519531,825.8623480796814,0.04698359966278076,1182.5406646728516,824.1932201385498,0.046954672783613205,1181.7747116088867,822.2898387908936,0.04690851643681526,1183.180160522461,825.8855867385864,0.026425650343298912,1182.5859832763672,824.3874335289001,0.026415793225169182,1181.9118118286133,822.7407717704773,0.026363233104348183,1166.1524963378906,805.9021425247192,0.07814835757017136,1167.4882507324219,810.4265356063843,-0.013818353414535522,1165.217170715332,838.7243342399597,0.05860978737473488,1165.495262145996,837.7971696853638,0.03186151385307312
1191.9786071777344,886.0726189613342,0.03433180972933769,1194.883689880371,874.0440058708191,0.03920300677418709,1193.9588928222656,872.7625966072083,0.039181385189294815,1192.8703308105469,871.447262763977,0.039145998656749725,1195.1220703125,874.3618154525757,0.017590897157788277,1194.543228149414,873.3953833580017,0.01756805181503296,1193.858871459961,872.4691200256348,0.01749376766383648,1179.6259689331055,859.6489119529724,0.0752369612455368,1181.974868774414,864.1814160346985,-0.022029271349310875,1179.792823791504,889.6321249008179,0.050490379333496094,1180.2278137207031,889.9416303634644,0.02218802087008953
1196.1128997802734,837.3138570785522,0.0340600460767746,1198.1087493896484,822.6091289520264,0.03865102306008339,1196.9191360473633,820.8289575576782,0.038624249398708344,1195.5315399169922,819.1273212432861,0.0385923869907856,1198.1867980957031,823.8981986045837,0.01772269234061241,1197.260856628418,823.0029630661011,0.017696402966976166,1196.1048889160156,822.265248298645,0.01764652691781521,1178.7238311767578,807.8613996505737,0.07161571830511093,1179.9662017822266,816.3518786430359,-0.022246062755584717,1184.1938781738281,842.4714875221252,0.04898599907755852,1184.058494567871,842.8639698028564,0.021738387644290924
1189.1873931884766,815.0543117523193,0.02531641535460949,1192.6237106323242,800.2756190299988,0.030766354873776436,1191.5871047973633,798.8513660430908,0.03073568269610405,1190.2173614501953,797.472882270813,0.03069019317626953,1191.8011093139648,800.8293557167053,0.007588238455355167,1190.4032135009766,799.7075915336609,0.007579488679766655,1188.7288284301758,798.5495853424072,0.00755230663344264,1170.6603240966797,786.2294912338257,0.06813743710517883,1170.9949493408203,789.2444014549255,-0.03554636612534523,1175.2466583251953,819.3754148483276,0.042466264218091965,1175.7761764526367,818.8504528999329,0.0124631617218256
1155.5169296264648,789.283926486969,0.02142878621816635,1163.0509185791016,775.7406806945801,0.025237197056412697,1162.7210998535156,774.2675042152405,0.025203267112374306,1162.2737503051758,772.7177882194519,0.025160741060972214,1162.891845703125,775.1331281661987,0.004736865404993296,1162.4078750610352,773.3168435096741,0.004734489601105452,1161.7226028442383,771.4051580429077,0.004707386251538992,1147.8565979003906,756.9678354263306,0.05927439406514168,1147.7387237548828,758.7254762649536,-0.03229328244924545,1141.7638778686523,790.970950126648,0.03759313002228737,1141.252555847168,789.3130874633789,0.011033114977180958
1133.4369277954102,775.4367756843567,0.03214610368013382,1142.493667602539,762.8534603118896,0.03778454288840294,1142.2554016113281,760.8896970748901,0.03776038810610771,1141.9097900390625,758.7503242492676,0.037723757326602936,1142.6287078857422,762.5919127464294,0.014586430974304676,1142.4802780151367,760.6646490097046,0.014590888284146786,1142.1889114379883,758.6234450340271,0.014567852020263672,1129.2608642578125,739.1388916969299,0.07768134772777557,1130.6272888183594,743.7243747711182,-0.02701832540333271,1117.8568267822266,773.7955856323242,0.05034288018941879,1118.071060180664,772.349317073822,0.020003624260425568
1125.4844284057617,771.2938570976257,0.030344827100634575,1135.4632186889648,761.2344789505005,0.0355723574757576,1135.2532196044922,759.5696640014648,0.03555016219615936,1134.8737335205078,757.5047707557678,0.03551435098052025,1135.818099975586,761.0971069335938,0.014115461148321629,1135.8349227905273,759.5003986358643,0.014112203381955624,1135.6835174560547,757.5511837005615,0.01408015564084053,1122.513656616211,737.8166055679321,0.07284785807132721,1124.1035842895508,741.4532947540283,-0.023438436910510063,1111.1946487426758,770.0336265563965,0.04735145717859268,1111.8251037597656,769.0536761283875,0.019371699541807175
1131.8254852294922,773.7860584259033,0.023793939501047134,1140.9934616088867,761.7941379547119,0.028913108631968498,1140.7707595825195,759.9692916870117,0.028891658410429955,1140.4273223876953,757.9308557510376,0.02886994555592537,1141.332778930664,761.9017696380615,0.006674608681350946,1141.3874816894531,760.2876162528992,0.006655505858361721,1141.3348388671875,758.497724533081,0.006615230347961187,1126.9215774536133,739.4213604927063,0.0647958293557167,1129.6277618408203,744.3562602996826,-0.03493126109242439,1115.768051147461,772.4457478523254,0.04033740609884262,1116.2154006958008,771.714084148407,0.011353937909007072
1157.3970794677734,801.3068747520447,0.04450010508298874,1164.6284866333008,787.3831844329834,0.04927590861916542,1163.7754440307617,785.5344557762146,0.04925062507390976,1162.7687072753906,783.5863351821899,0.04921416565775871,1165.3355026245117,787.828516960144,0.02619665488600731,1165.0951766967773,786.351478099823,0.02617759443819523,1164.6815872192383,784.7054600715637,0.026128657162189484,1148.1061935424805,768.3784031867981,0.08484140038490295,1150.129508972168,771.7368078231812,-0.018207678571343422,1141.7086029052734,800.2133703231812,0.06114662438631058,1142.9323196411133,799.9398493766785,0.03124946914613247
1168.6846160888672,815.1837015151978,0.033373281359672546,1175.7300567626953,803.3038544654846,0.03739728778600693,1174.9538040161133,801.5807175636292,0.037365932017564774,1174.0409088134766,799.6604061126709,0.03732491657137871,1175.9537887573242,803.9428853988647,0.0159536711871624,1175.4477310180664,802.7745795249939,0.015945950523018837,1174.8365020751953,801.4126396179199,0.015911703929305077,1158.7834167480469,784.0295433998108,0.07192876935005188,1161.288185119629,790.0147533416748,-0.023754935711622238,1154.3141555786133,815.3289914131165,0.04966801404953003,1155.5607604980469,815.0442695617676,0.021894806995987892
1176.4185333251953,824.0469646453857,0.034612298011779785,1182.7891159057617,813.3204889297485,0.03832068666815758,1182.0978927612305,811.8911504745483,0.03828900307416916,1181.3401794433594,810.3393745422363,0.03824012354016304,1182.6969909667969,813.6234283447266,0.017326323315501213,1181.964225769043,812.4703788757324,0.017332715913653374,1181.1489486694336,811.1636710166931,0.01729028858244419,1166.4990234375,796.5445590019226,0.07058830559253693,1167.143325805664,800.297441482544,-0.02330177277326584,1162.9156494140625,825.4246115684509,0.04990261420607567,1163.5968017578125,824.5643949508667,0.02265787683427334
1191.6561126708984,862.957878112793,0.032834071666002274,1196.0658645629883,850.9790253639221,0.037002433091402054,1195.2638626098633,849.4894981384277,0.03698278218507767,1194.422721862793,847.8611183166504,0.03695240989327431,1196.4057540893555,850.7940816879272,0.015379682183265686,1195.927505493164,849.3149828910828,0.015360773541033268,1195.3807067871094,847.7845144271851,0.01531132496893406,1179.5741271972656,832.5044202804565,0.07112284004688263,1181.418342590332,836.6127705574036,-0.02591496706008911,1177.0803451538086,865.5272626876831,0.04867878928780556,1177.6872253417969,864.411871433258,0.020487792789936066
1197.8919982910156,888.5753130912781,0.03319372236728668,1199.9629211425781,877.2758531570435,0.03843000903725624,1198.9029693603516,875.9470653533936,0.038398321717977524,1197.7799606323242,874.5156669616699,0.038355883210897446,1199.7870254516602,877.5749945640564,0.017301838845014572,1198.875732421875,876.5060806274414,0.01728719286620617,1198.0419158935547,875.4212021827698,0.017245762050151825,1182.3873138427734,861.2854027748108,0.07187369465827942,1184.4511413574219,865.2523899078369,-0.02301768772304058,1183.8752746582031,890.9089636802673,0.04798465967178345,1185.2729415893555,891.5015816688538,0.020421447232365608
1197.4951171875,857.1903133392334,0.050430119037628174,1199.0032196044922,842.585620880127,0.05635015293955803,1198.0103302001953,840.9222221374512,0.056324467062950134,1196.722755432129,839.3159222602844,0.05629035457968712,1198.4309005737305,843.427619934082,0.03382383659482002,1197.2997665405273,842.360315322876,0.033796265721321106,1195.9881591796875,841.4204049110413,0.0337340421974659,1178.4035110473633,827.9800271987915,0.0935278981924057,1181.0224914550781,834.1745138168335,-0.0074958340264856815,1186.1687850952148,861.6071391105652,0.06688684970140457,1185.1368713378906,861.8198919296265,0.03759507089853287
1195.4545211791992,842.9656147956848,0.016582300886511803,1197.535285949707,828.603093624115,0.02207215316593647,1196.7303085327148,826.7777967453003,0.02203819714486599,1195.6885528564453,825.0632858276367,0.021988077089190483,1196.993522644043,829.5640540122986,-0.0006389148184098303,1196.0242080688477,828.3646559715271,-0.0006543868803419173,1194.8395156860352,827.2720527648926,-0.0006991536938585341,1179.2334365844727,814.3667435646057,0.05881397798657417,1179.7291946411133,819.6957349777222,-0.04320704936981201,1184.4221878051758,846.5036845207214,0.033001795411109924,1183.5248565673828,846.7764973640442,0.0034780572168529034
1167.151107788086,800.1829218864441,0.013508942909538746,1172.9429626464844,785.4634523391724,0.018911628052592278,1172.2433853149414,783.3662438392639,0.01887429505586624,1171.2920379638672,781.1386799812317,0.018835389986634254,1172.7675247192383,785.8077836036682,-0.0034686001017689705,1171.9728469848633,784.014995098114,-0.00347990938462317,1170.9389877319336,782.1340155601501,-0.003511198563501239,1155.4583358764648,764.0421080589294,0.05560426041483879,1156.8550872802734,768.8501930236816,-0.04451534524559975,1153.055305480957,800.7846164703369,0.03040526993572712,1153.1491470336914,800.4612708091736,0.0014459911035373807
1193.7614822387695,854.1307926177979,0.04244568198919296,1196.4689254760742,841.1916875839233,0.04696967452764511,1195.5244445800781,839.732415676117,0.04693609103560448,1194.4175720214844,838.3089351654053,0.0468892976641655,1196.7317962646484,841.6300678253174,0.025522487238049507,1196.2086868286133,840.5778908729553,0.025511402636766434,1195.4279708862305,839.4887638092041,0.025443656370043755,1180.5778884887695,826.3426995277405,0.07832852005958557,1181.333885192871,830.0724720954895,-0.017992768436670303,1181.3109970092773,856.4469337463379,0.05713704600930214,1182.147216796875,856.2981033325195,0.029163872823119164
1194.9258041381836,899.4370365142822,0.04521932452917099,1196.0260391235352,885.9181880950928,0.05198374763131142,1195.2750778198242,884.4812536239624,0.051926929503679276,1194.5429992675781,883.0755400657654,0.05185476318001747,1195.2000045776367,886.1414980888367,0.030431974679231644,1193.9360046386719,884.8038268089294,0.030429529026150703,1192.664909362793,883.5229969024658,0.03039969876408577,1180.0725173950195,871.4891052246094,0.0864015519618988,1179.7917938232422,875.3507137298584,-0.010847201570868492,1183.362808227539,902.9525113105774,0.05992766097187996,1182.8645324707031,903.013858795166,0.031690437346696854
1186.4990615844727,851.2347149848938,0.0452173613011837,1187.4182510375977,838.8701391220093,0.051181018352508545,1186.4079666137695,837.5743103027344,0.051146090030670166,1185.2956008911133,836.4166259765625,0.051099635660648346,1187.1986389160156,838.9090847969055,0.02884042076766491,1186.1199188232422,837.693464756012,0.02883693017065525,1184.9390029907227,836.769003868103,0.02880268171429634,1171.2611389160156,824.4768476486206,0.08932752162218094,1171.4417266845703,828.6580038070679,-0.010936712846159935,1176.2308502197266,856.0924959182739,0.062204547226428986,1175.8287048339844,855.3098487854004,0.03315344080328941
1193.298110961914,832.5273370742798,0.044764019548892975,1193.5956573486328,819.2670106887817,0.050981033593416214,1192.4034118652344,817.879900932312,0.0509491041302681,1190.9660339355469,816.4775347709656,0.05090766027569771,1193.0184173583984,819.7635197639465,0.028714103624224663,1191.71630859375,818.7873029708862,0.028698265552520752,1190.2420806884766,817.8311061859131,0.028641950339078903,1173.537712097168,808.5212230682373,0.08825621008872986,1174.9119186401367,812.7869653701782,-0.011593235656619072,1182.641372680664,838.4388399124146,0.06114903837442398,1181.8157958984375,838.33571434021,0.03222246468067169
1193.4272003173828,806.8435978889465,0.02811308763921261,1195.5850982666016,793.656849861145,0.03491324931383133,1194.3303680419922,792.4208879470825,0.034878868609666824,1192.7988052368164,791.217885017395,0.03482736274600029,1194.9456024169922,794.2165732383728,0.01102521363645792,1193.4368133544922,793.283486366272,0.01101677492260933,1191.7034912109375,792.3318600654602,0.010984712280333042,1173.5936737060547,782.0348167419434,0.07607410103082657,1174.1753768920898,785.0898313522339,-0.030975550413131714,1179.3373489379883,811.4487147331238,0.04629070311784744,1179.0401458740234,811.1106276512146,0.015332675538957119
1172.6470184326172,795.7280516624451,0.011778525076806545,1178.4764099121094,781.7462968826294,0.01765553280711174,1177.9948425292969,780.192654132843,0.01761302910745144,1177.3398971557617,778.6690735816956,0.01756671629846096,1178.1723403930664,781.8849563598633,-0.005716605111956596,1177.5559616088867,780.4886412620544,-0.005729954224079847,1176.7535018920898,779.1136980056763,-0.005764687899500132,1161.8195343017578,764.9189329147339,0.05590188875794411,1163.1251907348633,769.1893100738525,-0.04840821400284767,1159.441909790039,797.7157616615295,0.029293417930603027,1159.189682006836,796.9306683540344,-0.0009227251284755766
1160.3425598144531,787.5227451324463,0.00657381908968091,1165.9763717651367,774.0900921821594,0.011597338132560253,1165.4863357543945,772.4634504318237,0.011557910591363907,1164.752197265625,770.7119250297546,0.0115215964615345,1165.5821228027344,774.230682849884,-0.009875471703708172,1164.9001693725586,772.7913665771484,-0.009889151901006699,1163.990821838379,771.2424230575562,-0.009924562647938728,1148.7916946411133,755.0159811973572,0.04794558510184288,1149.8936462402344,759.2631840705872,-0.04810984805226326,1146.71630859375,788.4440517425537,0.023262660950422287,1146.0817337036133,787.3880767822266,-0.0045777661725878716
1136.1412811279297,772.4503183364868,0.0013237842358648777,1144.41650390625,759.7667098045349,0.005904943682253361,1144.2559432983398,757.954351902008,0.00587728526443243,1143.9643478393555,755.9653544425964,0.005841528996825218,1144.4844818115234,759.7360038757324,-0.016220474615693092,1144.3993377685547,758.031792640686,-0.016219163313508034,1144.1912841796875,756.1418652534485,-0.016249176114797592,1130.7282257080078,738.4515166282654,0.043974921107292175,1132.2937774658203,742.7447462081909,-0.05507170781493187,1121.9745254516602,771.7433094978333,0.0191329438239336,1122.0601272583008,770.5688238143921,-0.009595540352165699
1144.2930221557617,793.7671208381653,0.061771001666784286,1153.2756042480469,782.4268484115601,0.06595665216445923,1152.9755401611328,780.9977674484253,0.06593172997236252,1152.572364807129,779.3502044677734,0.06588141620159149,1153.337287902832,781.6530847549438,0.044303979724645615,1153.106689453125,779.7201561927795,0.04430437460541725,1152.762680053711,777.5808477401733,0.04426579549908638,1140.4206848144531,762.5129270553589,0.09827346354722977,1141.7010498046875,764.5199489593506,0.0009786415612325072,1131.709213256836,793.8654184341431,0.0771210566163063,1131.3847732543945,791.6610288619995,0.04886037856340408
1153.7139129638672,799.9624443054199,0.03608884662389755,1162.437629699707,787.7201771736145,0.03988762944936752,1162.184944152832,786.2839508056641,0.03986696898937225,1161.7477798461914,784.6578884124756,0.03983691707253456,1161.5980911254883,787.2741365432739,0.018132038414478302,1160.7769775390625,785.6064891815186,0.018125008791685104,1159.7254943847656,783.7300801277161,0.01810075156390667,1147.1767044067383,769.3253946304321,0.07208908349275589,1146.273307800293,771.3183832168579,-0.025095326825976372,1140.7004928588867,801.3140201568604,0.05157843604683876,1139.8560333251953,799.3462657928467,0.023354683071374893
1166.6072845458984,808.3615136146545,0.028544152155518532,1172.6435852050781,796.819109916687,0.03262316808104515,1171.9361114501953,795.3011298179626,0.03260037675499916,1171.09130859375,793.7145280838013,0.032562192529439926,1172.8596496582031,797.4362540245056,0.00980343110859394,1172.4078369140625,796.3862013816833,0.00979816447943449,1171.838722229004,795.2223372459412,0.009756459854543209,1156.4373779296875,779.747064113617,0.06647705286741257,1157.9231643676758,783.9092302322388,-0.03568549081683159,1153.6389541625977,809.9373650550842,0.044512804597616196,1154.9958801269531,809.3999147415161,0.014919865876436234
1171.8357467651367,826.2263131141663,0.02916373498737812,1178.642692565918,814.6183776855469,0.03326006606221199,1178.1611251831055,813.2814788818359,0.03322950005531311,1177.573471069336,811.8417119979858,0.03318837657570839,1178.2183456420898,814.8801827430725,0.011194774881005287,1177.5716400146484,813.7314462661743,0.011187543161213398,1176.8134689331055,812.4493932723999,0.011153200641274452,1162.7153778076172,797.9011559486389,0.06545092910528183,1163.1678771972656,801.1693096160889,-0.03340931236743927,1159.6120834350586,829.2439913749695,0.04435354843735695,1160.324821472168,828.196771144867,0.015679702162742615
1186.9623184204102,845.2547192573547,0.029067151248455048,1190.3471374511719,832.8340744972229,0.03388531133532524,1189.7190856933594,831.237301826477,0.0338456891477108,1188.9015197753906,829.5721006393433,0.03379599750041962,1189.8216247558594,833.6082243919373,0.01184927113354206,1189.1363525390625,832.5413060188293,0.0118465730920434,1188.31787109375,831.4100790023804,0.011789741925895214,1173.6684036254883,817.7199339866638,0.06790407747030258,1174.614486694336,822.2414946556091,-0.03085659258067608,1175.22216796875,847.0232391357422,0.04479127749800682,1175.3051376342773,847.0135188102722,0.016102029010653496
1194.7716522216797,869.3417501449585,0.03015967272222042,1197.374038696289,856.2087535858154,0.03454655781388283,1196.5203094482422,854.802074432373,0.03451333940029144,1195.5224990844727,853.2605338096619,0.03446917235851288,1196.8994522094727,855.7867240905762,0.013127835467457771,1195.9251022338867,854.19278383255,0.013111629523336887,1194.8234939575195,852.5461864471436,0.013058822602033615,1180.7607650756836,840.2101278305054,0.06744453310966492,1181.1048889160156,843.317220211029,-0.028605226427316666,1181.645393371582,873.0025792121887,0.045290302485227585,1181.4545059204102,872.3389577865601,0.017386849969625473
1197.1904754638672,885.2486443519592,0.03691281005740166,1198.7956237792969,871.8058848381042,0.04175049439072609,1198.0858612060547,870.4920315742493,0.041714780032634735,1197.2337341308594,869.1844868659973,0.04166317731142044,1197.9829788208008,871.6551876068115,0.020855357870459557,1196.8409729003906,870.240912437439,0.02083752490580082,1195.5696487426758,868.8240623474121,0.020779253914952278,1182.6137924194336,857.5831818580627,0.07555711269378662,1181.7964553833008,859.7196578979492,-0.01821940392255783,1185.6182098388672,889.8991441726685,0.052133381366729736,1184.8512268066406,889.800009727478,0.024898435920476913
1201.1779403686523,909.6004414558411,0.04644698649644852,1201.919059753418,896.0588693618774,0.051793619990348816,1201.2146759033203,894.5864009857178,0.051765475422143936,1200.4559326171875,893.1566762924194,0.05172210931777954,1201.0821533203125,896.6084861755371,0.03138384222984314,1199.9361419677734,895.5247020721436,0.03136371448636055,1198.7746810913086,894.4192886352539,0.031305428594350815,1187.1256256103516,883.6435675621033,0.08504310995340347,1186.0847854614258,887.9073143005371,-0.006775963585823774,1189.1661071777344,914.4360136985779,0.06094914674758911,1189.134407043457,914.4212079048157,0.03428081423044205
1199.4767761230469,905.5556273460388,0.025202354416251183,1199.8875045776367,892.8735637664795,0.030717143788933754,1199.3581008911133,891.4804673194885,0.030684739351272583,1198.7529373168945,890.0256371498108,0.030640335753560066,1198.509178161621,893.4180307388306,0.010638215579092503,1197.212905883789,892.2835850715637,0.01062401570379734,1195.9272766113281,891.1302137374878,0.010571562685072422,1186.5594863891602,880.2137088775635,0.06585501879453659,1183.3388900756836,883.7948441505432,-0.024576406925916672,1188.497314453125,910.3177499771118,0.04035772383213043,1187.5466537475586,910.6040811538696,0.014132496900856495
1182.6874923706055,850.78449010849,-0.005330854095518589,1186.1731338500977,839.4662976264954,0.0005639326991513371,1185.7154846191406,838.5400986671448,0.0005454881465993822,1185.2390670776367,837.3468160629272,0.0005090616177767515,1185.1853942871094,839.433274269104,-0.019231850281357765,1184.3126678466797,838.5281896591187,-0.01925085298717022,1183.3395767211914,837.5320172309875,-0.01929560676217079,1173.3709716796875,828.7568163871765,0.03713083639740944,1171.9364547729492,830.1743745803833,-0.051998429000377655,1173.8614654541016,855.2559685707092,0.010583320632576942,1173.0450439453125,854.4242691993713,-0.015079735778272152
1191.6581726074219,829.9402499198914,0.053361233323812485,1192.2605895996094,816.617546081543,0.059675540775060654,1191.0289764404297,814.7421026229858,0.05965394526720047,1189.5159530639648,812.8881597518921,0.05961903557181358,1192.1986770629883,818.6021018028259,0.037510596215724945,1191.1976623535156,818.0898213386536,0.03749004378914833,1189.9939727783203,817.6052212715149,0.03742346912622452,1172.3628616333008,804.6738409996033,0.09619457274675369,1174.3228912353516,813.2023000717163,-0.0035962695255875587,1180.3137588500977,834.9271631240845,0.06932458281517029,1180.1598358154297,836.3334560394287,0.04046143218874931
1186.4057922363281,802.3569917678833,-0.0006676811608485878,1189.365463256836,787.6827764511108,0.005105375777930021,1188.0340576171875,785.7622718811035,0.005060271825641394,1186.3356399536133,783.6801910400391,0.0050095547921955585,1189.5075988769531,789.0135598182678,-0.0142715685069561,1188.4983444213867,788.0946350097656,-0.014273108914494514,1187.2438430786133,787.0957589149475,-0.014298058114945889,1166.942481994629,772.1883201599121,0.04068032279610634,1170.7976531982422,779.0665769577026,-0.04603119194507599,1172.3815155029297,806.4721655845642,0.015295404009521008,1173.4288787841797,807.0987725257874,-0.009777155704796314
1159.8768997192383,789.2789053916931,0.013404698111116886,1166.3484191894531,775.7428050041199,0.0195609163492918,1165.810317993164,773.9162850379944,0.019517701119184494,1165.0691986083984,771.9180822372437,0.019468683749437332,1166.202163696289,775.5141520500183,-0.003350945422425866,1165.5845260620117,773.6943912506104,-0.0033594125416129827,1164.7497940063477,771.7196846008301,-0.0034021474421024323,1149.4878387451172,754.7532749176025,0.058304086327552795,1150.7932662963867,757.6030039787292,-0.04421219974756241,1145.3051376342773,789.389820098877,0.031022697687149048,1145.1686096191406,788.2190036773682,0.0013253295328468084
1143.4106826782227,784.6722435951233,0.01246190257370472,1152.326431274414,772.6151132583618,0.017719773575663567,1151.9970703125,770.7832503318787,0.017684169113636017,1151.4701843261719,768.6891317367554,0.01764613203704357,1152.69287109375,772.7353620529175,-0.004127586260437965,1152.6587677001953,771.137752532959,-0.004128704778850079,1152.4642181396484,769.3680739402771,-0.004156096372753382,1138.8743591308594,750.0940847396851,0.054723188281059265,1141.5212631225586,755.3206586837769,-0.043282292783260345,1129.3352508544922,782.9178857803345,0.0295262411236763,1129.7520446777344,782.2202110290527,0.0010864167707040906
1136.1748123168945,779.5131325721741,0.02187768928706646,1146.1324310302734,769.7395706176758,0.02679380588233471,1145.88134765625,767.9794192314148,0.026770105585455894,1145.4703903198242,765.7900285720825,0.026738733053207397,1146.7810821533203,769.9573445320129,0.003322756616398692,1147.0344543457031,768.5395288467407,0.0033101120498031378,1147.17041015625,766.7930889129639,0.0032601042184978724,1135.6171417236328,748.534197807312,0.06348622590303421,1138.593978881836,753.7232422828674,-0.04176365211606026,1123.6104583740234,777.8145217895508,0.039085254073143005,1124.282455444336,777.7502131462097,0.008611472323536873
1128.738784790039,770.2585458755493,0.03150276467204094,1138.7125396728516,761.0955619812012,0.036329008638858795,1138.2916259765625,759.2909288406372,0.0363037995994091,1137.6719284057617,757.1315360069275,0.03626835346221924,1139.465103149414,761.2982726097107,0.0143803795799613,1139.5660400390625,759.8656511306763,0.014378262683749199,1139.4382095336914,758.132472038269,0.014343558810651302,1125.3941345214844,739.641387462616,0.07164434343576431,1127.948226928711,744.1270923614502,-0.027228273451328278,1114.5969772338867,768.4481191635132,0.04774117097258568,1115.4261016845703,767.9818654060364,0.0190859567373991
1138.3395767211914,767.0711803436279,0.016069306060671806,1146.448745727539,753.4813928604126,0.021113494411110878,1146.0858535766602,752.0154905319214,0.02110242284834385,1145.540771484375,750.4041051864624,0.02108399011194706,1145.9248352050781,753.2692837715149,-0.0022132450249046087,1145.280418395996,751.7390727996826,-0.002230072859674692,1144.431266784668,750.0169014930725,-0.0022639085073024035,1128.74267578125,735.5983757972717,0.05889112502336502,1129.6091079711914,738.7353372573853,-0.045352753251791,1124.1587448120117,769.2776942253113,0.03348175808787346,1123.1458282470703,767.8894901275635,0.0032106428407132626
1149.5280075073242,773.473527431488,0.034696441143751144,1156.7241668701172,761.1079859733582,0.03897005692124367,1155.9249114990234,759.8692560195923,0.038947705179452896,1154.8970031738281,758.5932540893555,0.038909219205379486,1156.8653869628906,761.5935516357422,0.017774071544408798,1156.3411331176758,760.7023072242737,0.017767004668712616,1155.6621551513672,759.767804145813,0.017725342884659767,1138.7709045410156,749.1562986373901,0.07390709966421127,1141.2114715576172,752.817063331604,-0.0210246741771698,1136.3153457641602,776.3581466674805,0.05117674544453621,1137.4152374267578,776.1757135391235,0.023607997223734856
1160.170783996582,794.2457985877991,0.027656780555844307,1167.2706985473633,781.3819456100464,0.03180783987045288,1166.5118408203125,780.0738215446472,0.03178779408335686,1165.6321334838867,778.7251424789429,0.03175211325287819,1166.7090225219727,781.1998987197876,0.011094956658780575,1165.6035232543945,779.7819542884827,0.011094641871750355,1164.2566680908203,778.2579231262207,0.01106335874646902,1150.022964477539,766.5214347839355,0.06710102409124374,1148.2887268066406,767.8967642784119,-0.02576025016605854,1146.1612701416016,797.9413890838623,0.04417288675904274,1145.5778503417969,796.201000213623,0.01725582219660282
1174.4365310668945,810.3879117965698,0.011361689306795597,1180.4087448120117,797.3960852622986,0.01633314974606037,1179.4715881347656,796.3034820556641,0.016295870766043663,1178.3632278442383,795.0959086418152,0.01624348573386669,1179.67529296875,797.248284816742,-0.0055206757970154285,1178.3482360839844,795.9630131721497,-0.005526246037334204,1176.782112121582,794.4765758514404,-0.005555091891437769,1159.6393203735352,782.3345375061035,0.053024206310510635,1158.750343322754,783.7927794456482,-0.044557273387908936,1160.0459289550781,814.5164108276367,0.02836095541715622,1159.98779296875,813.1617450714111,5.9559461078606546e-05
1181.6428756713867,829.9431467056274,0.036176033318042755,1185.9675979614258,817.7396965026855,0.040912676602602005,1185.2061080932617,816.2602758407593,0.040887653827667236,1184.395408630371,814.5953321456909,0.04084918275475502,1185.8189392089844,818.0527424812317,0.018952326849102974,1184.978256225586,816.9167518615723,0.018938224762678146,1184.0457916259766,815.6581950187683,0.018892092630267143,1170.6549453735352,801.9115304946899,0.07383815199136734,1170.9576416015625,806.721932888031,-0.024927973747253418,1169.3377304077148,833.7782979011536,0.05135241895914078,1169.5109939575195,832.9182744026184,0.022782402113080025
1186.0420989990234,848.3486151695251,0.024813711643218994,1189.6352005004883,834.7308897972107,0.029337547719478607,1189.2212677001953,833.3133316040039,0.029301170259714127,1188.7992095947266,831.6987919807434,0.02925747260451317,1188.2205963134766,834.1966581344604,0.006945898290723562,1186.871452331543,832.5174236297607,0.0069345999509096146,1185.4603958129883,830.6201577186584,0.006894531659781933,1173.438835144043,816.9621348381042,0.06403258442878723,1170.5926895141602,819.3263626098633,-0.03653891384601593,1174.9310302734375,852.6777005195618,0.04083386808633804,1173.3502578735352,850.968918800354,0.01171149592846632
1183.0395126342773,821.4558219909668,0.02242160029709339,1186.1615753173828,806.0585045814514,0.028311358764767647,1184.4738006591797,803.6586141586304,0.028272509574890137,1182.1721649169922,801.0912251472473,0.02823072299361229,1187.1043395996094,807.8580522537231,0.006923312321305275,1186.5915298461914,806.9229698181152,0.006907933857291937,1185.6690216064453,805.9551215171814,0.006857873406261206,1162.642822265625,787.9537868499756,0.06393669545650482,1169.3857955932617,796.2286162376404,-0.03210855647921562,1170.0248336791992,823.9903163909912,0.03850298747420311,1170.6748580932617,824.6834206581116,0.010700789280235767
1177.9424285888672,801.2459778785706,-0.012104448862373829,1181.0904693603516,786.5400266647339,-0.007441285066306591,1179.9529266357422,784.9869632720947,-0.007487241644412279,1178.5711669921875,783.6824440956116,-0.007531038951128721,1180.909423828125,788.5056567192078,-0.02735678292810917,1179.8933029174805,788.0659246444702,-0.027365613728761673,1178.7022018432617,787.8023815155029,-0.02739526517689228,1161.5727996826172,776.7448997497559,0.026545608416199684,1164.3145751953125,783.9891815185547,-0.06339287757873535,1164.9396514892578,807.0945882797241,0.0032558017410337925,1165.301399230957,808.1880927085876,-0.022727128118276596
1175.7392120361328,788.0370855331421,0.005462939850986004,1177.6484298706055,773.3982110023499,0.011644343845546246,1176.3731002807617,771.8922686576843,0.011604969389736652,1174.8057174682617,770.4406571388245,0.011569027788937092,1177.5263214111328,774.570894241333,-0.010410632938146591,1176.412353515625,773.8206267356873,-0.010428265668451786,1175.0954818725586,773.1180596351624,-0.01046852394938469,1157.658805847168,762.6212668418884,0.05033918842673302,1160.0012969970703,767.9966068267822,-0.04858163371682167,1163.6628341674805,793.4554266929626,0.022669868543744087,1164.2573547363281,793.9972543716431,-0.005941541865468025
1165.7279205322266,777.9365730285645,0.013418684713542461,1170.4442596435547,762.87766456604,0.019409025087952614,1169.5662689208984,761.5522241592407,0.01936669461429119,1168.3782577514648,760.1355028152466,0.01931980811059475,1169.8274230957031,763.0990433692932,-0.0021887170150876045,1168.6798095703125,762.0219540596008,-0.0022001739125698805,1167.2831726074219,760.8388423919678,-0.0022327203769236803,1150.1934814453125,750.809977054596,0.057516179978847504,1151.5150451660156,754.0926146507263,-0.03910186514258385,1152.871971130371,783.5150742530823,0.03060102090239525,1152.3335266113281,782.4912214279175,0.0026385129895061255
1162.6911163330078,770.5577516555786,0.005098687019199133,1167.2162246704102,757.2971034049988,0.012235837988555431,1166.3517379760742,756.1194634437561,0.01219973899424076,1165.2272415161133,754.8568511009216,0.012166352942585945,1166.6926574707031,757.2110366821289,-0.013438956812024117,1165.5588912963867,756.0898518562317,-0.013461049646139145,1164.1706085205078,754.8811841011047,-0.013505318202078342,1147.6590728759766,745.4184150695801,0.05623559281229973,1148.9110565185547,748.5384464263916,-0.05864427983760834,1149.7542572021484,775.0734543800354,0.024766264483332634,1148.8856506347656,773.8880252838135,-0.008399044163525105
1149.7901916503906,771.4963102340698,0.009500105865299702,1156.058692932129,758.3206343650818,0.015464173629879951,1155.5574417114258,756.8067097663879,0.01543773990124464,1154.835433959961,755.1413798332214,0.015412171371281147,1155.7701873779297,757.9488158226013,-0.008600441738963127,1155.1422500610352,756.4008378982544,-0.008620521984994411,1154.3177032470703,754.7675013542175,-0.008646255359053612,1138.3321380615234,741.4299917221069,0.05583599954843521,1141.4633560180664,745.9707999229431,-0.05192743241786957,1137.3700332641602,773.3092474937439,0.028136344626545906,1136.850814819336,772.1643090248108,-0.0030248560942709446
1131.035499572754,762.395703792572,0.011756489984691143,1139.271125793457,749.2498970031738,0.01622803322970867,1138.8663482666016,747.9032778739929,0.01620013453066349,1138.2846450805664,746.3166761398315,0.016163690015673637,1138.9953231811523,748.6178183555603,-0.006006957963109016,1138.4740447998047,747.0145440101624,-0.006002790294587612,1137.7425384521484,745.1405167579651,-0.006028359290212393,1121.2339782714844,730.0252175331116,0.0529051311314106,1122.857780456543,732.4168682098389,-0.04627342149615288,1116.9934844970703,765.1270508766174,0.02880409173667431,1116.2461853027344,763.1594896316528,1.9366661945241503e-05
1127.7780532836914,760.8094239234924,0.01340555865317583,1135.528907775879,748.7833213806152,0.017245804890990257,1135.0252532958984,747.2272968292236,0.0172253530472517,1134.3360900878906,745.4030299186707,0.01719287410378456,1135.3431701660156,748.6070680618286,-0.0035511755850166082,1134.8079299926758,747.0256161689758,-0.003553699469193816,1134.0993118286133,745.1828742027283,-0.0035778016317635775,1118.2562255859375,729.1517400741577,0.052371796220541,1119.887809753418,732.2536826133728,-0.04052407667040825,1113.8279342651367,763.0103373527527,0.029742589220404625,1113.4839248657227,761.9714856147766,0.002770718652755022
1132.1677780151367,771.0907602310181,0.014304370619356632,1140.9055709838867,757.678062915802,0.01872236840426922,1140.6877899169922,756.3949799537659,0.018711823970079422,1140.3215789794922,754.9346137046814,0.01868538372218609,1139.8576354980469,756.5454196929932,-0.0028169010765850544,1138.897933959961,754.5892524719238,-0.0028225104324519634,1137.6615142822266,752.3942613601685,-0.0028363934252411127,1124.3463134765625,739.3388342857361,0.05612596496939659,1122.366828918457,739.8473811149597,-0.03985219448804855,1118.6415481567383,774.0082740783691,0.031802576035261154,1116.9553756713867,771.6664481163025,0.0038676774129271507
1134.1308975219727,773.865237236023,0.030419878661632538,1142.7840042114258,760.7903695106506,0.03424008935689926,1142.4579620361328,759.3288445472717,0.034226059913635254,1141.9535064697266,757.6317143440247,0.03419910743832588,1142.028579711914,760.2943110466003,0.014695003628730774,1141.2363052368164,758.6237668991089,0.01468304730951786,1140.234031677246,756.7325520515442,0.01466009858995676,1126.058120727539,741.9875907897949,0.06686032563447952,1126.0447311401367,744.7941255569458,-0.020379817113280296,1120.8892822265625,775.527606010437,0.045960135757923126,1120.0535202026367,773.7860584259033,0.02057085745036602
1155.8773040771484,794.1108083724976,0.043781641870737076,1161.7646026611328,780.2072024345398,0.04844550043344498,1161.1806106567383,778.666820526123,0.04843302443623543,1160.4262161254883,777.0114040374756,0.048401154577732086,1161.3990783691406,780.25226354599,0.024707669392228127,1160.6520080566406,778.7814688682556,0.024699067696928978,1159.6904754638672,777.1789026260376,0.024657221511006355,1145.5089569091797,764.1458773612976,0.08301933854818344,1145.5961608886719,767.428708076477,-0.023675095289945602,1144.3275833129883,797.371301651001,0.060002315789461136,1144.0276336669922,795.5657029151917,0.02909212000668049
1185.0720977783203,854.1893720626831,0.03214064612984657,1189.8972702026367,842.2018933296204,0.03779054060578346,1189.2826080322266,840.9707593917847,0.03776916489005089,1188.5210037231445,839.7082114219666,0.03773040324449539,1190.0190353393555,841.8562746047974,0.015234451740980148,1189.577407836914,840.4594445228577,0.015213646925985813,1188.9269256591797,839.0962171554565,0.015156622976064682,1175.090103149414,826.6038608551025,0.07575847208499908,1175.599479675293,828.724308013916,-0.02565305307507515,1173.6157608032227,857.779004573822,0.04891207069158554,1173.4629821777344,856.861560344696,0.01957814209163189
1194.1892623901367,912.1454286575317,0.0712522566318512,1195.8821868896484,899.2411494255066,0.07719965279102325,1194.8890686035156,897.4075484275818,0.07717087119817734,1193.818016052246,895.5583047866821,0.07712246477603912,1196.206283569336,900.1074171066284,0.05627698823809624,1195.5231857299805,898.851306438446,0.05626988410949707,1194.832992553711,897.5926208496094,0.056235965341329575,1179.0755081176758,882.9842591285706,0.11059175431728363,1181.9471740722656,888.8596487045288,0.015605892054736614,1182.0286560058594,913.8553047180176,0.08569582551717758,1183.0781936645508,914.0908455848694,0.05803330987691879
1191.7404556274414,905.4014539718628,0.050863806158304214,1194.4365692138672,893.5998845100403,0.05595780164003372,1193.6943054199219,892.0130896568298,0.05594947561621666,1192.730827331543,890.3992581367493,0.055911604315042496,1194.4309616088867,894.692873954773,0.034685809165239334,1193.8352966308594,893.9345598220825,0.03467126563191414,1193.0701446533203,893.2328939437866,0.03462231531739235,1182.1430969238281,881.3542056083679,0.09025866538286209,1182.2890090942383,887.3694133758545,-0.0061943382024765015,1182.1038436889648,907.7129602432251,0.06604530662298203,1182.326316833496,908.5966086387634,0.03797709196805954
1199.051856994629,894.4725251197815,0.04661945253610611,1199.8491668701172,882.0610213279724,0.05280144885182381,1198.883056640625,880.7436275482178,0.05276501923799515,1197.6713562011719,879.3186664581299,0.052715398371219635,1199.1313934326172,882.3632526397705,0.03185758739709854,1197.898063659668,881.2708425521851,0.03183937817811966,1196.5168762207031,880.106463432312,0.03179626539349556,1182.835922241211,868.9022755622864,0.08791294693946838,1182.828025817871,872.8672671318054,-0.006169197615236044,1187.2208404541016,899.0114665031433,0.06169504672288895,1186.8666458129883,898.926751613617,0.034396830946207047
1189.588966369629,869.0445399284363,0.05508771911263466,1191.9312286376953,855.1382303237915,0.06163119897246361,1191.0700607299805,853.6569428443909,0.06160826236009598,1189.940071105957,852.2135066986084,0.06157192215323448,1191.3605117797852,855.9647798538208,0.039460085332393646,1190.2519226074219,855.0627207756042,0.039437439292669296,1188.9412307739258,854.2247772216797,0.03937993198633194,1174.423942565918,841.552562713623,0.10024989396333694,1174.0777587890625,846.393735408783,0.00030833896016702056,1177.9274368286133,873.7901830673218,0.07187660783529282,1177.3330307006836,874.1469383239746,0.042909909039735794
1189.8432540893555,822.4344849586487,0.026022691279649734,1191.6634368896484,807.1317315101624,0.03309578076004982,1190.1283264160156,805.8240580558777,0.033056117594242096,1188.230209350586,804.5721960067749,0.03300897404551506,1191.3011169433594,807.9227471351624,0.010543165728449821,1189.7544479370117,806.9834804534912,0.01052502728998661,1187.9579544067383,806.1268043518066,0.010465898551046848,1166.5404510498047,796.7464971542358,0.071403369307518,1168.8997650146484,800.7701969146729,-0.029370417818427086,1177.5742721557617,827.6799845695496,0.04296693578362465,1177.760353088379,828.2444071769714,0.013743085786700249
1156.9346237182617,810.4806733131409,0.023827629163861275,1164.521713256836,797.2856855392456,0.03002081997692585,1164.0483856201172,795.1635003089905,0.02996915765106678,1163.536491394043,792.93625831604,0.029912153258919716,1165.0875091552734,797.7807140350342,0.008488310500979424,1165.0031661987305,796.032407283783,0.008480736054480076,1164.8223495483398,794.1114521026611,0.008449274115264416,1151.8566513061523,773.3603596687317,0.06816782802343369,1154.5109939575195,779.0650320053101,-0.027928026393055916,1143.1874084472656,809.3969535827637,0.04118138924241066,1143.8954544067383,809.0224313735962,0.013339268043637276
1144.7602844238281,805.1592779159546,0.02850310318171978,1154.0583801269531,793.5122036933899,0.0345708467066288,1153.7299346923828,791.3898253440857,0.03452868014574051,1153.3023834228516,788.9459037780762,0.034475911408662796,1154.6642303466797,794.1652679443359,0.01279077585786581,1154.7832489013672,792.5466728210449,0.012796442024409771,1154.8321151733398,790.7307744026184,0.01277111005038023,1142.9565811157227,768.08518409729,0.0719265416264534,1145.6919479370117,773.7327575683594,-0.02587619051337242,1131.2750244140625,802.8244686126709,0.04556958004832268,1132.3400115966797,802.9375076293945,0.017226899042725563
1130.0804901123047,795.7358407974243,0.022367173805832863,1141.9013214111328,786.5995717048645,0.02678443118929863,1141.9037246704102,784.69651222229,0.02675527334213257,1141.8992614746094,782.5834679603577,0.026716358959674835,1142.691535949707,786.4598822593689,0.006771287880837917,1143.1845474243164,784.5729804039001,0.0067796590737998486,1143.6412811279297,782.5681471824646,0.0067610545083880424,1134.495620727539,762.6244211196899,0.06158597394824028,1137.1643829345703,767.1045255661011,-0.02855123206973076,1118.2004928588867,792.2002172470093,0.03861038386821747,1119.133186340332,791.387894153595,0.012442110106348991
1115.3487396240234,784.2451930046082,0.04087095335125923,1127.274169921875,775.2195167541504,0.04589574784040451,1127.3899841308594,773.4773254394531,0.0458727665245533,1127.4920654296875,771.3138771057129,0.045826755464076996,1127.8431701660156,775.0633478164673,0.025420697405934334,1128.317527770996,773.3704662322998,0.0254316758364439,1128.7669372558594,771.3267517089844,0.02541174739599228,1119.7763442993164,750.9842348098755,0.08065597712993622,1121.9865417480469,754.7592616081238,-0.011857944540679455,1103.202781677246,782.1321487426758,0.05671650543808937,1103.8275146484375,781.6222500801086,0.02981537953019142
1137.066421508789,800.7743811607361,0.04974541440606117,1146.5496826171875,790.3872799873352,0.05452726408839226,1146.2778854370117,788.6320209503174,0.05450854077935219,1145.9155654907227,786.7998361587524,0.05446714162826538,1147.2053146362305,790.5834245681763,0.03224000334739685,1147.397346496582,789.0113067626953,0.03223910927772522,1147.485237121582,787.3458480834961,0.032192766666412354,1135.4794692993164,769.5844960212708,0.08899377286434174,1137.8572082519531,773.4921956062317,-0.011470272205770016,1123.4674072265625,798.8476967811584,0.06565776467323303,1124.139747619629,798.0738043785095,0.03652123734354973
1163.2899856567383,822.2815990447998,0.026456955820322037,1171.0371780395508,810.9377861022949,0.030697012320160866,1170.6464767456055,809.3650889396667,0.030663693323731422,1170.1231384277344,807.7154016494751,0.030617672950029373,1171.1344528198242,811.6173076629639,0.009841837920248508,1170.955696105957,810.5489730834961,0.009840761311352253,1170.6288528442383,809.3448758125305,0.009812953881919384,1157.5172424316406,793.7445259094238,0.06381044536828995,1158.5260391235352,797.990312576294,-0.02952226623892784,1150.6877517700195,822.8740239143372,0.04184722900390625,1151.370735168457,822.4773573875427,0.014789399690926075
1186.0791778564453,872.5529980659485,0.031213432550430298,1190.3123474121094,860.8540391921997,0.03616524487733841,1189.193458557129,859.3665075302124,0.03611954301595688,1187.9760360717773,857.8622388839722,0.0360640250146389,1190.588150024414,861.6984844207764,0.016842765733599663,1189.932861328125,860.8806896209717,0.016838490962982178,1189.244041442871,860.0397849082947,0.016791993752121925,1172.402000427246,845.3207659721375,0.0659371167421341,1175.4907608032227,851.6959476470947,-0.02035854011774063,1172.30712890625,874.7701978683472,0.04477684199810028,1173.5967636108398,875.2343273162842,0.019689416512846947
1191.8800735473633,898.733696937561,0.04452456533908844,1192.950668334961,887.793116569519,0.050594206899404526,1192.1770477294922,886.133451461792,0.050566889345645905,1191.2316513061523,884.4641304016113,0.05051853880286217,1193.1270217895508,888.7714576721191,0.030326303094625473,1192.5995635986328,887.8179001808167,0.0303228460252285,1191.9458770751953,886.9224715232849,0.030279491096735,1178.8898849487305,871.1730337142944,0.08430688828229904,1179.983139038086,877.9048418998718,-0.007131391670554876,1180.6510162353516,899.7866463661194,0.059241995215415955,1181.7252731323242,900.3898215293884,0.03263905644416809
1186.9787979125977,824.5904016494751,0.022953540086746216,1189.815902709961,810.6011152267456,0.02741706371307373,1188.687858581543,809.1914105415344,0.02738020196557045,1187.4180221557617,807.8888869285583,0.027337640523910522,1189.2680740356445,811.3475203514099,0.006298602558672428,1188.0116271972656,810.3230881690979,0.0062726084142923355,1186.6537857055664,809.4214797019958,0.006217228248715401,1169.6306991577148,797.9475688934326,0.059909045696258545,1170.5780410766602,802.7671122550964,-0.034611575305461884,1174.3416595458984,828.479368686676,0.03799382597208023,1174.9229049682617,828.6214399337769,0.010584375821053982
1176.7958450317383,830.3038287162781,0.012289527803659439,1182.784423828125,817.4106216430664,0.016925716772675514,1182.4827575683594,815.7320952415466,0.016878090798854828,1182.0064544677734,813.9576530456543,0.01683208905160427,1182.1051025390625,817.2509765625,-0.0041443477384746075,1181.4095306396484,815.5282258987427,-0.004148977808654308,1180.532455444336,813.6733818054199,-0.004165526945143938,1166.886978149414,797.945122718811,0.050427600741386414,1166.8239212036133,801.0513138771057,-0.04329227656126022,1164.3424987792969,830.9447908401489,0.02774101123213768,1164.3782043457031,829.6714925765991,0.0005897853407077491
1135.173454284668,823.7386178970337,0.01934928260743618,1148.1821823120117,814.8496055603027,0.024278152734041214,1148.3730697631836,812.9543995857239,0.024242542684078217,1148.5625839233398,810.6396102905273,0.024196717888116837,1148.4426498413086,814.172465801239,0.002380291698500514,1148.7136459350586,811.9850063323975,0.002387113170698285,1148.9213562011719,809.4793510437012,0.0023755973670631647,1141.9828033447266,787.0349264144897,0.060424480587244034,1143.2786178588867,790.1292729377747,-0.03831866756081581,1121.6847610473633,818.7264704704285,0.03576473519206047,1122.1857833862305,817.1676135063171,0.007150606717914343
1130.6056594848633,821.9261956214905,0.025628546252846718,1143.5234069824219,813.8751912117004,0.030572103336453438,1143.6543273925781,812.097659111023,0.03054194524884224,1143.888931274414,809.8934626579285,0.03049836866557598,1143.9605712890625,812.6344656944275,0.008592152036726475,1144.255599975586,810.2252411842346,0.008599279448390007,1144.617691040039,807.5197076797485,0.008587558753788471,1138.4571075439453,785.4635810852051,0.06657236814498901,1139.5465850830078,787.1585869789124,-0.03268981724977493,1117.5720977783203,817.0610117912292,0.0419716015458107,1117.9776763916016,814.9755191802979,0.013193652965128422
1124.666976928711,810.3987264633179,0.038134634494781494,1137.396469116211,802.9782557487488,0.04303748160600662,1137.6429748535156,801.3089990615845,0.04302186891436577,1137.9558563232422,799.3467807769775,0.04298732429742813,1137.8115463256836,802.4881839752197,0.021878259256482124,1138.2820129394531,800.5712199211121,0.021884702146053314,1138.828239440918,798.3703064918518,0.021867115050554276,1132.6263427734375,775.558762550354,0.07762468606233597,1134.3975448608398,778.2821273803711,-0.01840837113559246,1112.3427200317383,806.307692527771,0.05387440696358681,1113.0022430419922,805.2754068374634,0.0259860772639513
1111.3069152832031,797.2524046897888,0.04353918507695198,1123.9145278930664,789.366774559021,0.04826825112104416,1124.1715621948242,787.5536441802979,0.04825199022889137,1124.527359008789,785.3339982032776,0.04821519926190376,1124.1087341308594,789.5921444892883,0.02628944255411625,1124.4743728637695,788.0392742156982,0.026292381808161736,1124.933738708496,786.1282324790955,0.02627289481461048,1119.3849563598633,762.3959612846375,0.08256745338439941,1120.6702423095703,767.5044751167297,-0.016519950702786446,1099.2350006103516,793.6345767974854,0.05953669175505638,1099.5540618896484,793.4677219390869,0.030711065977811813
1114.3116760253906,766.0396027565002,0.01132080890238285,1122.872314453125,753.2515811920166,0.015775077044963837,1122.4774932861328,751.3288879394531,0.015752993524074554,1121.8842315673828,749.0406203269958,0.015718409791588783,1123.1742095947266,753.3950042724609,-0.004916870966553688,1123.0942153930664,751.7699718475342,-0.004903112538158894,1122.883529663086,749.9014806747437,-0.004913463722914457,1107.085075378418,730.5507588386536,0.05088892951607704,1110.9260559082031,737.2586846351624,-0.041795529425144196,1099.790382385254,766.7334151268005,0.02790786512196064,1100.3330612182617,766.0715961456299,0.0009691020823083818
1113.5698699951172,764.7684931755066,0.021136322990059853,1122.4723434448242,752.2050046920776,0.024761952459812164,1122.0727157592773,750.4023027420044,0.024740643799304962,1121.396255493164,748.2697534561157,0.024713195860385895,1122.6507568359375,752.4884390830994,0.00318280141800642,1122.5383758544922,751.0570406913757,0.003190543269738555,1122.245864868164,749.3567562103271,0.0031683826819062233,1105.5729675292969,730.4641771316528,0.057996880263090134,1109.2484664916992,736.5215492248535,-0.038589928299188614,1099.4829940795898,765.0201916694641,0.03704006224870682,1100.0126266479492,764.6445107460022,0.008942357264459133
1149.642333984375,797.7379059791565,0.04172762855887413,1157.7402877807617,784.8468232154846,0.04620525985956192,1157.0273208618164,783.26575756073,0.046182144433259964,1156.2397384643555,781.6526985168457,0.04613970220088959,1157.6384353637695,785.0831365585327,0.023263316601514816,1156.8799209594727,783.5782241821289,0.023262759670615196,1155.963363647461,781.9664525985718,0.023219622671604156,1142.1034240722656,767.8354811668396,0.08180693536996841,1142.0051193237305,769.8856329917908,-0.020785776898264885,1135.0242233276367,798.3242154121399,0.058611609041690826,1135.6465530395508,797.4313616752625,0.0288223996758461
1181.3312530517578,847.5956439971924,0.025812825188040733,1186.3754653930664,836.20689868927,0.029751624912023544,1185.688705444336,834.8524260520935,0.029723118990659714,1184.908676147461,833.4152340888977,0.029684683308005333,1186.406135559082,836.0663080215454,0.008453060872852802,1185.8628845214844,834.7319841384888,0.008446102030575275,1185.1384735107422,833.2752227783203,0.008400633931159973,1171.0448455810547,819.9940395355225,0.06216086074709892,1171.017837524414,822.1806621551514,-0.03337537497282028,1167.9766845703125,850.1596856117249,0.041129086166620255,1168.509521484375,848.6303114891052,0.013411694206297398
1190.6846237182617,867.5627374649048,0.031778812408447266,1194.2451095581055,854.9146628379822,0.036198534071445465,1193.6289596557617,853.6807608604431,0.03616364672780037,1192.8895568847656,852.2990584373474,0.03611214831471443,1193.3197402954102,854.0275382995605,0.014803995378315449,1192.1642303466797,852.2501349449158,0.014792080968618393,1190.907325744629,850.3528046607971,0.014738631434738636,1178.0184173583984,838.300952911377,0.06932191550731659,1177.2135543823242,839.7990417480469,-0.026536697521805763,1177.7935409545898,871.2057995796204,0.04718244820833206,1177.2886276245117,869.7595953941345,0.019376548007130623
1191.2860107421875,873.8535261154175,0.030993903055787086,1195.6372833251953,861.2069320678711,0.036532480269670486,1194.9504089355469,859.6467876434326,0.036495231091976166,1194.063835144043,858.0650782585144,0.03644966334104538,1194.8674392700195,861.2151074409485,0.014235795475542545,1193.8244247436523,859.712769985199,0.014218210242688656,1192.631950378418,858.1998109817505,0.014156793244183064,1178.2374572753906,844.0437340736389,0.07236190140247345,1178.3543014526367,847.5252199172974,-0.027902616187930107,1177.2386169433594,876.8028402328491,0.04687141999602318,1176.8975830078125,876.4383602142334,0.01780487783253193
1190.320816040039,888.1207752227783,0.04486710950732231,1192.5120162963867,875.4987716674805,0.05111711472272873,1191.8324661254883,874.2224478721619,0.05108746513724327,1191.0547256469727,872.9826879501343,0.051046013832092285,1192.3524856567383,875.4004740715027,0.02998942695558071,1191.6820907592773,874.0017127990723,0.029971880838274956,1190.965690612793,872.5808715820312,0.029928041622042656,1178.7959289550781,861.8390107154846,0.08827103674411774,1179.6297454833984,863.3536434173584,-0.006737398914992809,1180.2653503417969,892.3108148574829,0.060864709317684174,1180.3125,892.0443749427795,0.033248648047447205
1187.3799133300781,870.358715057373,0.026629632338881493,1190.6147003173828,856.1414837837219,0.03194363787770271,1189.9207305908203,854.687876701355,0.031921759247779846,1189.0378189086914,853.3057880401611,0.03188861161470413,1190.2022552490234,856.2010931968689,0.010552141815423965,1189.3845748901367,854.8430800437927,0.010534592904150486,1188.4475326538086,853.6577796936035,0.010486842133104801,1175.442237854004,842.602744102478,0.06834416836500168,1175.9560775756836,845.7079696655273,-0.02823449857532978,1176.3919830322266,874.4032716751099,0.042454078793525696,1175.6605911254883,874.0016484260559,0.014500326476991177
1185.420799255371,828.3976793289185,0.005705739837139845,1189.9750900268555,814.8156809806824,0.009422159753739834,1189.3078994750977,813.3622026443481,0.009377135895192623,1188.4540557861328,811.8955278396606,0.00933446828275919,1189.383201599121,814.5043730735779,-0.009804352186620235,1188.4470748901367,812.8085947036743,-0.00979691743850708,1187.3467254638672,811.028938293457,-0.009822746738791466,1171.8281936645508,798.7488198280334,0.041084084659814835,1172.105712890625,799.7729301452637,-0.044757913798093796,1172.3866653442383,830.1884078979492,0.020567959174513817,1172.4374771118164,828.7921571731567,-0.004291900899261236
1137.6409149169922,811.7857718467712,0.01281849853694439,1150.111312866211,804.0002417564392,0.017760781571269035,1150.195541381836,802.4256134033203,0.017731405794620514,1150.2263259887695,800.6146717071533,0.01769350841641426,1150.6140518188477,803.378655910492,-0.002978897886350751,1151.0761642456055,801.4897584915161,-0.002970498288050294,1151.4928436279297,799.295539855957,-0.002978856675326824,1141.8001556396484,777.3617219924927,0.05293706804513931,1144.1084289550781,778.9743304252625,-0.04083065688610077,1124.0247344970703,808.1038284301758,0.028806308284401894,1124.574851989746,806.8477821350098,0.0015597285237163305
1083.4729385375977,793.458001613617,0.04668981954455376,1096.7041397094727,787.9768323898315,0.05189092829823494,1096.747055053711,786.3645458221436,0.05186710134148598,1096.8878173828125,784.4311666488647,0.05181475356221199,1098.0008697509766,787.8010940551758,0.029783157631754875,1098.8896179199219,786.1156153678894,0.029810795560479164,1099.8920059204102,784.2110753059387,0.02979455329477787,1091.9296646118164,758.9543223381042,0.08625568449497223,1095.8294677734375,764.2538952827454,-0.013301570899784565,1070.1175689697266,788.8998126983643,0.06256445497274399,1071.7975616455078,788.1442666053772,0.03352706879377365
1093.7847518920898,775.1555299758911,0.026463409885764122,1104.2496871948242,765.155246257782,0.030972545966506004,1104.1923522949219,762.9956603050232,0.03094102069735527,1104.0172576904297,760.4135942459106,0.0308975987136364,1105.0389862060547,765.4979681968689,0.008256427012383938,1105.6656646728516,763.7530732154846,0.008279266767203808,1106.216697692871,761.7283487319946,0.008269499987363815,1093.0052947998047,737.416205406189,0.06620314717292786,1097.4873733520508,745.5793476104736,-0.03556947037577629,1079.1521072387695,772.7389669418335,0.04308762401342392,1081.102294921875,772.4435591697693,0.01343927625566721
1099.2313385009766,763.4618496894836,-0.006846874952316284,1107.6251220703125,750.3259563446045,-0.0024015873204916716,1107.3834228515625,748.5166239738464,-0.0024357254151254892,1107.0061111450195,746.5340638160706,-0.0024659812916070223,1107.3831939697266,750.2857232093811,-0.026359286159276962,1107.0676803588867,748.5508704185486,-0.026347845792770386,1106.631088256836,746.6628098487854,-0.026355300098657608,1092.0094299316406,728.3931684494019,0.037529051303863525,1093.919906616211,733.1359148025513,-0.06921208649873734,1085.5136489868164,764.3489742279053,0.01196257770061493,1085.7285690307617,763.3170104026794,-0.019113091751933098
1097.680778503418,758.6316204071045,-0.015031319111585617,1106.4091873168945,745.0171780586243,-0.00991218350827694,1106.191062927246,743.5752868652344,-0.00994650088250637,1105.8538055419922,741.9248270988464,-0.009982551448047161,1105.8386993408203,744.28879737854,-0.03427863493561745,1105.2618026733398,742.5167369842529,-0.034259963780641556,1104.4981384277344,740.4082632064819,-0.03425898775458336,1088.9959716796875,723.5236072540283,0.03257511928677559,1089.9415969848633,727.2298192977905,-0.07572709023952484,1083.6598205566406,761.0868072509766,0.004799141548573971,1082.698631286621,759.3227934837341,-0.026743706315755844
1097.4048614501953,748.5837650299072,-0.01106214988976717,1105.0727462768555,732.4343776702881,-0.005861608311533928,1104.3190383911133,730.7149744033813,-0.005881613120436668,1103.3118438720703,728.7918305397034,-0.005899569019675255,1104.528579711914,731.9055533409119,-0.028532426804304123,1103.5023880004883,730.0728535652161,-0.028529753908514977,1102.2489166259766,728.1972169876099,-0.028541751205921173,1083.7892532348633,715.1538920402527,0.0360325463116169,1084.9651336669922,719.2488527297974,-0.0650278702378273,1083.2247161865234,753.1804490089417,0.008148307912051678,1082.874984741211,751.7758297920227,-0.02140224352478981
